[{"path":"docs/README.md","fileType":"md","lines":[{"lineNumber":1,"author":{"gitId":"WEIJIE01"},"content":"# Star User Guide","lastModifiedDate":"2026-01-26T23:36:10","isFullCredit":false},{"lineNumber":2,"author":{"gitId":"-"},"content":"","lastModifiedDate":"2019-07-29T17:14:46","isFullCredit":false},{"lineNumber":3,"author":{"gitId":"-"},"content":"// Update the title above to match the actual product name","lastModifiedDate":"2024-01-07T18:33:52","isFullCredit":false},{"lineNumber":4,"author":{"gitId":"-"},"content":"","lastModifiedDate":"2019-07-29T17:14:46","isFullCredit":false},{"lineNumber":5,"author":{"gitId":"-"},"content":"// Product screenshot goes here","lastModifiedDate":"2024-01-07T18:33:52","isFullCredit":false},{"lineNumber":6,"author":{"gitId":"-"},"content":"","lastModifiedDate":"2021-07-17T16:49:07","isFullCredit":false},{"lineNumber":7,"author":{"gitId":"-"},"content":"// Product intro goes here","lastModifiedDate":"2024-01-07T18:33:52","isFullCredit":false},{"lineNumber":8,"author":{"gitId":"-"},"content":"","lastModifiedDate":"2021-07-17T16:49:07","isFullCredit":false},{"lineNumber":9,"author":{"gitId":"-"},"content":"## Adding deadlines","lastModifiedDate":"2024-01-07T18:33:52","isFullCredit":false},{"lineNumber":10,"author":{"gitId":"-"},"content":"","lastModifiedDate":"2021-07-17T16:49:07","isFullCredit":false},{"lineNumber":11,"author":{"gitId":"-"},"content":"// Describe the action and its outcome.","lastModifiedDate":"2024-01-07T18:33:52","isFullCredit":false},{"lineNumber":12,"author":{"gitId":"-"},"content":"","lastModifiedDate":"2019-07-29T17:14:46","isFullCredit":false},{"lineNumber":13,"author":{"gitId":"-"},"content":"// Give examples of usage","lastModifiedDate":"2024-01-07T18:33:52","isFullCredit":false},{"lineNumber":14,"author":{"gitId":"-"},"content":"","lastModifiedDate":"2019-07-29T17:14:46","isFullCredit":false},{"lineNumber":15,"author":{"gitId":"-"},"content":"Example: `keyword (optional arguments)`","lastModifiedDate":"2024-01-07T18:33:52","isFullCredit":false},{"lineNumber":16,"author":{"gitId":"-"},"content":"","lastModifiedDate":"2019-07-29T17:14:46","isFullCredit":false},{"lineNumber":17,"author":{"gitId":"-"},"content":"// A description of the expected outcome goes here","lastModifiedDate":"2024-01-07T18:33:52","isFullCredit":false},{"lineNumber":18,"author":{"gitId":"-"},"content":"","lastModifiedDate":"2019-07-29T17:14:46","isFullCredit":false},{"lineNumber":19,"author":{"gitId":"-"},"content":"```","lastModifiedDate":"2024-01-07T18:33:52","isFullCredit":false},{"lineNumber":20,"author":{"gitId":"-"},"content":"expected output","lastModifiedDate":"2024-01-07T18:33:52","isFullCredit":false},{"lineNumber":21,"author":{"gitId":"-"},"content":"```","lastModifiedDate":"2024-01-07T18:33:52","isFullCredit":false},{"lineNumber":22,"author":{"gitId":"-"},"content":"","lastModifiedDate":"2019-07-29T17:14:46","isFullCredit":false},{"lineNumber":23,"author":{"gitId":"-"},"content":"## Feature ABC","lastModifiedDate":"2024-01-07T18:33:52","isFullCredit":false},{"lineNumber":24,"author":{"gitId":"-"},"content":"","lastModifiedDate":"2019-07-29T17:14:46","isFullCredit":false},{"lineNumber":25,"author":{"gitId":"-"},"content":"// Feature details","lastModifiedDate":"2024-01-07T18:33:52","isFullCredit":false},{"lineNumber":26,"author":{"gitId":"-"},"content":"","lastModifiedDate":"2019-07-29T17:14:46","isFullCredit":false},{"lineNumber":27,"author":{"gitId":"-"},"content":"","lastModifiedDate":"2021-07-17T16:49:07","isFullCredit":false},{"lineNumber":28,"author":{"gitId":"-"},"content":"## Feature XYZ","lastModifiedDate":"2024-01-07T18:33:52","isFullCredit":false},{"lineNumber":29,"author":{"gitId":"-"},"content":"","lastModifiedDate":"2024-01-07T18:33:52","isFullCredit":false},{"lineNumber":30,"author":{"gitId":"-"},"content":"// Feature details","lastModifiedDate":"2024-01-07T18:33:52","isFullCredit":false}],"authorContributionMap":{"WEIJIE01":1,"-":29}},{"path":"src/main/java/Command.java","fileType":"java","lines":[{"lineNumber":1,"author":{"gitId":"WEIJIE01"},"content":"import java.util.ArrayList;","lastModifiedDate":"2026-01-30T00:22:12","isFullCredit":false},{"lineNumber":2,"author":{"gitId":"WEIJIE01"},"content":"","lastModifiedDate":"2026-01-30T00:22:12","isFullCredit":false},{"lineNumber":3,"author":{"gitId":"WEIJIE01"},"content":"/**","lastModifiedDate":"2026-01-30T00:22:12","isFullCredit":false},{"lineNumber":4,"author":{"gitId":"WEIJIE01"},"content":" * Executes command based on the first token in message","lastModifiedDate":"2026-01-30T00:22:12","isFullCredit":false},{"lineNumber":5,"author":{"gitId":"WEIJIE01"},"content":" */","lastModifiedDate":"2026-01-30T00:22:12","isFullCredit":false},{"lineNumber":6,"author":{"gitId":"WEIJIE01"},"content":"abstract class Command {","lastModifiedDate":"2026-01-30T00:22:12","isFullCredit":false},{"lineNumber":7,"author":{"gitId":"WEIJIE01"},"content":"    abstract void execute(ArrayList\u003cTask\u003e tasks);","lastModifiedDate":"2026-01-30T00:22:12","isFullCredit":false},{"lineNumber":8,"author":{"gitId":"WEIJIE01"},"content":"}","lastModifiedDate":"2026-01-30T00:22:12","isFullCredit":false},{"lineNumber":9,"author":{"gitId":"WEIJIE01"},"content":"","lastModifiedDate":"2026-01-30T00:22:12","isFullCredit":false},{"lineNumber":10,"author":{"gitId":"WEIJIE01"},"content":"// Error","lastModifiedDate":"2026-01-30T17:57:15","isFullCredit":false},{"lineNumber":11,"author":{"gitId":"WEIJIE01"},"content":"class ErrorCommand extends Command {","lastModifiedDate":"2026-01-30T17:57:15","isFullCredit":false},{"lineNumber":12,"author":{"gitId":"WEIJIE01"},"content":"    public String errorMsg;","lastModifiedDate":"2026-01-30T17:57:15","isFullCredit":false},{"lineNumber":13,"author":{"gitId":"WEIJIE01"},"content":"    public ErrorCommand(String errorMsg) {","lastModifiedDate":"2026-01-30T17:57:15","isFullCredit":false},{"lineNumber":14,"author":{"gitId":"WEIJIE01"},"content":"        this.errorMsg \u003d errorMsg;","lastModifiedDate":"2026-01-30T17:57:15","isFullCredit":false},{"lineNumber":15,"author":{"gitId":"WEIJIE01"},"content":"    }","lastModifiedDate":"2026-01-30T17:57:15","isFullCredit":false},{"lineNumber":16,"author":{"gitId":"WEIJIE01"},"content":"    void execute(ArrayList\u003cTask\u003e tasks) {","lastModifiedDate":"2026-01-30T17:57:15","isFullCredit":false},{"lineNumber":17,"author":{"gitId":"WEIJIE01"},"content":"        Ui.printErrorMsg(errorMsg);","lastModifiedDate":"2026-01-30T17:57:15","isFullCredit":false},{"lineNumber":18,"author":{"gitId":"WEIJIE01"},"content":"    }","lastModifiedDate":"2026-01-30T17:57:15","isFullCredit":false},{"lineNumber":19,"author":{"gitId":"WEIJIE01"},"content":"}","lastModifiedDate":"2026-01-30T17:57:15","isFullCredit":false},{"lineNumber":20,"author":{"gitId":"WEIJIE01"},"content":"","lastModifiedDate":"2026-01-30T17:57:15","isFullCredit":false},{"lineNumber":21,"author":{"gitId":"WEIJIE01"},"content":"// Delete","lastModifiedDate":"2026-01-30T18:33:52","isFullCredit":false},{"lineNumber":22,"author":{"gitId":"WEIJIE01"},"content":"class DeleteCommand extends Command {","lastModifiedDate":"2026-01-30T18:33:52","isFullCredit":false},{"lineNumber":23,"author":{"gitId":"WEIJIE01"},"content":"    public int index;","lastModifiedDate":"2026-01-30T18:33:52","isFullCredit":false},{"lineNumber":24,"author":{"gitId":"WEIJIE01"},"content":"    public DeleteCommand(int index) {","lastModifiedDate":"2026-01-30T18:33:52","isFullCredit":false},{"lineNumber":25,"author":{"gitId":"WEIJIE01"},"content":"        this.index \u003d index;","lastModifiedDate":"2026-01-30T18:33:52","isFullCredit":false},{"lineNumber":26,"author":{"gitId":"WEIJIE01"},"content":"    }","lastModifiedDate":"2026-01-30T18:33:52","isFullCredit":false},{"lineNumber":27,"author":{"gitId":"WEIJIE01"},"content":"    void execute(ArrayList\u003cTask\u003e tasks) {","lastModifiedDate":"2026-01-30T18:33:52","isFullCredit":false},{"lineNumber":28,"author":{"gitId":"WEIJIE01"},"content":"        if (index \u003c 0 || index \u003e\u003d tasks.toArray().length) {","lastModifiedDate":"2026-01-30T18:33:52","isFullCredit":false},{"lineNumber":29,"author":{"gitId":"WEIJIE01"},"content":"            throw new CustomException(\"Invalid index\");","lastModifiedDate":"2026-01-30T18:33:52","isFullCredit":false},{"lineNumber":30,"author":{"gitId":"WEIJIE01"},"content":"        }","lastModifiedDate":"2026-01-30T18:33:52","isFullCredit":false},{"lineNumber":31,"author":{"gitId":"WEIJIE01"},"content":"        Task deleteTask \u003d tasks.get(index);","lastModifiedDate":"2026-01-30T18:33:52","isFullCredit":false},{"lineNumber":32,"author":{"gitId":"WEIJIE01"},"content":"        Ui.printDeleteTask(deleteTask);","lastModifiedDate":"2026-01-30T18:33:52","isFullCredit":false},{"lineNumber":33,"author":{"gitId":"WEIJIE01"},"content":"        Ui.printString(deleteTask.toString());","lastModifiedDate":"2026-01-30T18:33:52","isFullCredit":false},{"lineNumber":34,"author":{"gitId":"WEIJIE01"},"content":"        tasks.remove(deleteTask);","lastModifiedDate":"2026-01-30T18:33:52","isFullCredit":false},{"lineNumber":35,"author":{"gitId":"WEIJIE01"},"content":"    }","lastModifiedDate":"2026-01-30T18:33:52","isFullCredit":false},{"lineNumber":36,"author":{"gitId":"WEIJIE01"},"content":"","lastModifiedDate":"2026-01-30T18:33:52","isFullCredit":false},{"lineNumber":37,"author":{"gitId":"WEIJIE01"},"content":"}","lastModifiedDate":"2026-01-30T18:33:52","isFullCredit":false},{"lineNumber":38,"author":{"gitId":"WEIJIE01"},"content":"","lastModifiedDate":"2026-01-30T18:33:52","isFullCredit":false},{"lineNumber":39,"author":{"gitId":"WEIJIE01"},"content":"// list","lastModifiedDate":"2026-01-30T00:22:12","isFullCredit":false},{"lineNumber":40,"author":{"gitId":"WEIJIE01"},"content":"class ListCommand extends Command {","lastModifiedDate":"2026-01-30T00:22:12","isFullCredit":false},{"lineNumber":41,"author":{"gitId":"WEIJIE01"},"content":"    void execute(ArrayList\u003cTask\u003e tasks) {","lastModifiedDate":"2026-01-30T00:22:12","isFullCredit":false},{"lineNumber":42,"author":{"gitId":"WEIJIE01"},"content":"        Ui.printTasks();","lastModifiedDate":"2026-01-30T00:22:12","isFullCredit":false},{"lineNumber":43,"author":{"gitId":"WEIJIE01"},"content":"    }","lastModifiedDate":"2026-01-30T00:22:12","isFullCredit":false},{"lineNumber":44,"author":{"gitId":"WEIJIE01"},"content":"}","lastModifiedDate":"2026-01-30T00:22:12","isFullCredit":false},{"lineNumber":45,"author":{"gitId":"WEIJIE01"},"content":"","lastModifiedDate":"2026-01-30T00:22:12","isFullCredit":false},{"lineNumber":46,"author":{"gitId":"WEIJIE01"},"content":"// bye","lastModifiedDate":"2026-01-30T00:22:12","isFullCredit":false},{"lineNumber":47,"author":{"gitId":"WEIJIE01"},"content":"class ByeCommand extends Command {","lastModifiedDate":"2026-01-30T00:22:12","isFullCredit":false},{"lineNumber":48,"author":{"gitId":"WEIJIE01"},"content":"    void execute(ArrayList\u003cTask\u003e tasks) {","lastModifiedDate":"2026-01-30T00:22:12","isFullCredit":false},{"lineNumber":49,"author":{"gitId":"WEIJIE01"},"content":"        Ui.printExitMessage();   // Prints goodbye message in UI","lastModifiedDate":"2026-01-30T15:49:19","isFullCredit":false},{"lineNumber":50,"author":{"gitId":"WEIJIE01"},"content":"    }","lastModifiedDate":"2026-01-30T00:22:12","isFullCredit":false},{"lineNumber":51,"author":{"gitId":"WEIJIE01"},"content":"}","lastModifiedDate":"2026-01-30T00:22:12","isFullCredit":false},{"lineNumber":52,"author":{"gitId":"WEIJIE01"},"content":"","lastModifiedDate":"2026-01-30T00:22:12","isFullCredit":false},{"lineNumber":53,"author":{"gitId":"WEIJIE01"},"content":"// New Task","lastModifiedDate":"2026-01-30T13:08:03","isFullCredit":false},{"lineNumber":54,"author":{"gitId":"WEIJIE01"},"content":"class AddTaskCommand extends Command {","lastModifiedDate":"2026-01-30T00:22:12","isFullCredit":false},{"lineNumber":55,"author":{"gitId":"WEIJIE01"},"content":"    public Task task;","lastModifiedDate":"2026-01-30T00:22:12","isFullCredit":false},{"lineNumber":56,"author":{"gitId":"WEIJIE01"},"content":"","lastModifiedDate":"2026-01-30T00:22:12","isFullCredit":false},{"lineNumber":57,"author":{"gitId":"WEIJIE01"},"content":"    // Constructor","lastModifiedDate":"2026-01-30T00:22:12","isFullCredit":false},{"lineNumber":58,"author":{"gitId":"WEIJIE01"},"content":"    AddTaskCommand(Task task){","lastModifiedDate":"2026-01-30T00:22:12","isFullCredit":false},{"lineNumber":59,"author":{"gitId":"WEIJIE01"},"content":"        this.task \u003d task;","lastModifiedDate":"2026-01-30T00:22:12","isFullCredit":false},{"lineNumber":60,"author":{"gitId":"WEIJIE01"},"content":"    }","lastModifiedDate":"2026-01-30T00:22:12","isFullCredit":false},{"lineNumber":61,"author":{"gitId":"WEIJIE01"},"content":"","lastModifiedDate":"2026-01-30T17:57:15","isFullCredit":false},{"lineNumber":62,"author":{"gitId":"WEIJIE01"},"content":"    void execute(ArrayList\u003cTask\u003e tasks) {","lastModifiedDate":"2026-01-30T00:22:12","isFullCredit":false},{"lineNumber":63,"author":{"gitId":"WEIJIE01"},"content":"        tasks.add(task);","lastModifiedDate":"2026-01-30T00:22:12","isFullCredit":false},{"lineNumber":64,"author":{"gitId":"WEIJIE01"},"content":"        Ui.printNewTask(task);","lastModifiedDate":"2026-01-30T00:22:12","isFullCredit":false},{"lineNumber":65,"author":{"gitId":"WEIJIE01"},"content":"        Ui.printString(task.toString());","lastModifiedDate":"2026-01-30T13:08:03","isFullCredit":false},{"lineNumber":66,"author":{"gitId":"WEIJIE01"},"content":"    }","lastModifiedDate":"2026-01-30T00:22:12","isFullCredit":false},{"lineNumber":67,"author":{"gitId":"WEIJIE01"},"content":"}","lastModifiedDate":"2026-01-30T00:22:12","isFullCredit":false},{"lineNumber":68,"author":{"gitId":"WEIJIE01"},"content":"","lastModifiedDate":"2026-01-30T00:22:12","isFullCredit":false},{"lineNumber":69,"author":{"gitId":"WEIJIE01"},"content":"// mark","lastModifiedDate":"2026-01-30T00:22:12","isFullCredit":false},{"lineNumber":70,"author":{"gitId":"WEIJIE01"},"content":"class MarkCommand extends Command {","lastModifiedDate":"2026-01-30T00:22:12","isFullCredit":false},{"lineNumber":71,"author":{"gitId":"WEIJIE01"},"content":"    public int index;","lastModifiedDate":"2026-01-30T00:22:12","isFullCredit":false},{"lineNumber":72,"author":{"gitId":"WEIJIE01"},"content":"","lastModifiedDate":"2026-01-30T00:22:12","isFullCredit":false},{"lineNumber":73,"author":{"gitId":"WEIJIE01"},"content":"    // Constructor","lastModifiedDate":"2026-01-30T00:22:12","isFullCredit":false},{"lineNumber":74,"author":{"gitId":"WEIJIE01"},"content":"    MarkCommand(int i) {","lastModifiedDate":"2026-01-30T00:22:12","isFullCredit":false},{"lineNumber":75,"author":{"gitId":"WEIJIE01"},"content":"        this.index \u003d i;","lastModifiedDate":"2026-01-30T00:22:12","isFullCredit":false},{"lineNumber":76,"author":{"gitId":"WEIJIE01"},"content":"    }","lastModifiedDate":"2026-01-30T00:22:12","isFullCredit":false},{"lineNumber":77,"author":{"gitId":"WEIJIE01"},"content":"","lastModifiedDate":"2026-01-30T00:22:12","isFullCredit":false},{"lineNumber":78,"author":{"gitId":"WEIJIE01"},"content":"    boolean isInvalidIndex(int index, ArrayList\u003cTask\u003e tasks){","lastModifiedDate":"2026-01-30T17:57:15","isFullCredit":false},{"lineNumber":79,"author":{"gitId":"WEIJIE01"},"content":"        if (index \u003c 0 || index \u003e\u003d tasks.size()) {","lastModifiedDate":"2026-01-30T00:22:12","isFullCredit":false},{"lineNumber":80,"author":{"gitId":"WEIJIE01"},"content":"            Ui.printString(\"Invalid index!\");","lastModifiedDate":"2026-01-30T00:22:12","isFullCredit":false},{"lineNumber":81,"author":{"gitId":"WEIJIE01"},"content":"            return true;","lastModifiedDate":"2026-01-30T17:57:15","isFullCredit":false},{"lineNumber":82,"author":{"gitId":"WEIJIE01"},"content":"        }","lastModifiedDate":"2026-01-30T17:57:15","isFullCredit":false},{"lineNumber":83,"author":{"gitId":"WEIJIE01"},"content":"        return false;","lastModifiedDate":"2026-01-30T17:57:15","isFullCredit":false},{"lineNumber":84,"author":{"gitId":"WEIJIE01"},"content":"    }","lastModifiedDate":"2026-01-30T17:57:15","isFullCredit":false},{"lineNumber":85,"author":{"gitId":"WEIJIE01"},"content":"","lastModifiedDate":"2026-01-30T17:57:15","isFullCredit":false},{"lineNumber":86,"author":{"gitId":"WEIJIE01"},"content":"    void execute(ArrayList\u003cTask\u003e tasks) {","lastModifiedDate":"2026-01-30T17:57:15","isFullCredit":false},{"lineNumber":87,"author":{"gitId":"WEIJIE01"},"content":"        if (isInvalidIndex(index, tasks)){","lastModifiedDate":"2026-01-30T17:57:15","isFullCredit":false},{"lineNumber":88,"author":{"gitId":"WEIJIE01"},"content":"            return;","lastModifiedDate":"2026-01-30T00:22:12","isFullCredit":false},{"lineNumber":89,"author":{"gitId":"WEIJIE01"},"content":"        }","lastModifiedDate":"2026-01-30T00:22:12","isFullCredit":false},{"lineNumber":90,"author":{"gitId":"WEIJIE01"},"content":"        Task task \u003d tasks.get(index);","lastModifiedDate":"2026-01-30T00:22:12","isFullCredit":false},{"lineNumber":91,"author":{"gitId":"WEIJIE01"},"content":"        if (task.isDone) {","lastModifiedDate":"2026-01-30T00:22:12","isFullCredit":false},{"lineNumber":92,"author":{"gitId":"WEIJIE01"},"content":"            Ui.printString(\"Already done!\");","lastModifiedDate":"2026-01-30T00:22:12","isFullCredit":false},{"lineNumber":93,"author":{"gitId":"WEIJIE01"},"content":"        }","lastModifiedDate":"2026-01-30T17:57:15","isFullCredit":false},{"lineNumber":94,"author":{"gitId":"WEIJIE01"},"content":"        else {","lastModifiedDate":"2026-01-30T17:57:15","isFullCredit":false},{"lineNumber":95,"author":{"gitId":"WEIJIE01"},"content":"            task.markAsDone();","lastModifiedDate":"2026-01-30T00:22:12","isFullCredit":false},{"lineNumber":96,"author":{"gitId":"WEIJIE01"},"content":"            Ui.showMarkSuccess(task);","lastModifiedDate":"2026-01-30T00:22:12","isFullCredit":false},{"lineNumber":97,"author":{"gitId":"WEIJIE01"},"content":"        }","lastModifiedDate":"2026-01-30T00:22:12","isFullCredit":false},{"lineNumber":98,"author":{"gitId":"WEIJIE01"},"content":"    }","lastModifiedDate":"2026-01-30T00:22:12","isFullCredit":false},{"lineNumber":99,"author":{"gitId":"WEIJIE01"},"content":"}","lastModifiedDate":"2026-01-30T00:22:12","isFullCredit":false},{"lineNumber":100,"author":{"gitId":"WEIJIE01"},"content":"","lastModifiedDate":"2026-01-30T00:22:12","isFullCredit":false},{"lineNumber":101,"author":{"gitId":"WEIJIE01"},"content":"// unmark","lastModifiedDate":"2026-01-30T00:22:12","isFullCredit":false},{"lineNumber":102,"author":{"gitId":"WEIJIE01"},"content":"class UnmarkCommand extends MarkCommand {","lastModifiedDate":"2026-01-30T00:22:12","isFullCredit":false},{"lineNumber":103,"author":{"gitId":"WEIJIE01"},"content":"    public int index;","lastModifiedDate":"2026-01-30T00:22:12","isFullCredit":false},{"lineNumber":104,"author":{"gitId":"WEIJIE01"},"content":"","lastModifiedDate":"2026-01-30T00:22:12","isFullCredit":false},{"lineNumber":105,"author":{"gitId":"WEIJIE01"},"content":"    // Constructor","lastModifiedDate":"2026-01-30T00:22:12","isFullCredit":false},{"lineNumber":106,"author":{"gitId":"WEIJIE01"},"content":"    UnmarkCommand(int i) {","lastModifiedDate":"2026-01-30T00:22:12","isFullCredit":false},{"lineNumber":107,"author":{"gitId":"WEIJIE01"},"content":"        super(i);","lastModifiedDate":"2026-01-30T00:22:12","isFullCredit":false},{"lineNumber":108,"author":{"gitId":"WEIJIE01"},"content":"    }","lastModifiedDate":"2026-01-30T00:22:12","isFullCredit":false},{"lineNumber":109,"author":{"gitId":"WEIJIE01"},"content":"","lastModifiedDate":"2026-01-30T00:22:12","isFullCredit":false},{"lineNumber":110,"author":{"gitId":"WEIJIE01"},"content":"    void execute(ArrayList\u003cTask\u003e tasks) {","lastModifiedDate":"2026-01-30T00:22:12","isFullCredit":false},{"lineNumber":111,"author":{"gitId":"WEIJIE01"},"content":"        if (index \u003c 0 || index \u003e\u003d tasks.size()) {","lastModifiedDate":"2026-01-30T00:22:12","isFullCredit":false},{"lineNumber":112,"author":{"gitId":"WEIJIE01"},"content":"            Ui.printString(\"Invalid index!\");","lastModifiedDate":"2026-01-30T00:22:12","isFullCredit":false},{"lineNumber":113,"author":{"gitId":"WEIJIE01"},"content":"            return;","lastModifiedDate":"2026-01-30T00:22:12","isFullCredit":false},{"lineNumber":114,"author":{"gitId":"WEIJIE01"},"content":"        }","lastModifiedDate":"2026-01-30T00:22:12","isFullCredit":false},{"lineNumber":115,"author":{"gitId":"WEIJIE01"},"content":"        Task task \u003d TaskList.getTask(index);","lastModifiedDate":"2026-01-30T13:08:03","isFullCredit":false},{"lineNumber":116,"author":{"gitId":"WEIJIE01"},"content":"        if (!task.isDone) {","lastModifiedDate":"2026-01-30T00:22:12","isFullCredit":false},{"lineNumber":117,"author":{"gitId":"WEIJIE01"},"content":"            Ui.printString(\"Already not done\");","lastModifiedDate":"2026-01-30T00:22:12","isFullCredit":false},{"lineNumber":118,"author":{"gitId":"WEIJIE01"},"content":"        } else {","lastModifiedDate":"2026-01-30T00:22:12","isFullCredit":false},{"lineNumber":119,"author":{"gitId":"WEIJIE01"},"content":"            task.unmarkAsDone();","lastModifiedDate":"2026-01-30T00:22:12","isFullCredit":false},{"lineNumber":120,"author":{"gitId":"WEIJIE01"},"content":"            Ui.showUnmarkSuccess(task);","lastModifiedDate":"2026-01-30T00:22:12","isFullCredit":false},{"lineNumber":121,"author":{"gitId":"WEIJIE01"},"content":"        }","lastModifiedDate":"2026-01-30T00:22:12","isFullCredit":false},{"lineNumber":122,"author":{"gitId":"WEIJIE01"},"content":"    }","lastModifiedDate":"2026-01-30T00:22:12","isFullCredit":false},{"lineNumber":123,"author":{"gitId":"WEIJIE01"},"content":"","lastModifiedDate":"2026-01-30T18:33:52","isFullCredit":false},{"lineNumber":124,"author":{"gitId":"WEIJIE01"},"content":"","lastModifiedDate":"2026-01-30T18:33:52","isFullCredit":false},{"lineNumber":125,"author":{"gitId":"WEIJIE01"},"content":"}","lastModifiedDate":"2026-01-30T00:22:12","isFullCredit":false},{"lineNumber":126,"author":{"gitId":"WEIJIE01"},"content":"","lastModifiedDate":"2026-01-30T17:57:15","isFullCredit":false}],"authorContributionMap":{"WEIJIE01":126}},{"path":"src/main/java/CustomException.java","fileType":"java","lines":[{"lineNumber":1,"author":{"gitId":"WEIJIE01"},"content":"/**","lastModifiedDate":"2026-01-30T18:33:52","isFullCredit":false},{"lineNumber":2,"author":{"gitId":"WEIJIE01"},"content":" * Handles missing /st and /by errors","lastModifiedDate":"2026-01-30T18:33:52","isFullCredit":false},{"lineNumber":3,"author":{"gitId":"WEIJIE01"},"content":" */","lastModifiedDate":"2026-01-30T18:33:52","isFullCredit":false},{"lineNumber":4,"author":{"gitId":"WEIJIE01"},"content":"public class CustomException extends RuntimeException {","lastModifiedDate":"2026-01-30T18:33:52","isFullCredit":false},{"lineNumber":5,"author":{"gitId":"WEIJIE01"},"content":"    public CustomException(String message) {","lastModifiedDate":"2026-01-30T18:33:52","isFullCredit":false},{"lineNumber":6,"author":{"gitId":"WEIJIE01"},"content":"        super(message);","lastModifiedDate":"2026-01-30T18:33:52","isFullCredit":false},{"lineNumber":7,"author":{"gitId":"WEIJIE01"},"content":"    }","lastModifiedDate":"2026-01-30T18:33:52","isFullCredit":false},{"lineNumber":8,"author":{"gitId":"WEIJIE01"},"content":"}","lastModifiedDate":"2026-01-30T18:33:52","isFullCredit":false}],"authorContributionMap":{"WEIJIE01":8}},{"path":"src/main/java/DeadlineTask.java","fileType":"java","lines":[{"lineNumber":1,"author":{"gitId":"WEIJIE01"},"content":"public class DeadlineTask extends Task {","lastModifiedDate":"2026-01-30T13:08:03","isFullCredit":false},{"lineNumber":2,"author":{"gitId":"WEIJIE01"},"content":"    public String by;","lastModifiedDate":"2026-01-30T13:08:03","isFullCredit":false},{"lineNumber":3,"author":{"gitId":"WEIJIE01"},"content":"","lastModifiedDate":"2026-01-30T13:08:03","isFullCredit":false},{"lineNumber":4,"author":{"gitId":"WEIJIE01"},"content":"    public DeadlineTask(String name, String by) {","lastModifiedDate":"2026-01-30T13:08:03","isFullCredit":false},{"lineNumber":5,"author":{"gitId":"WEIJIE01"},"content":"        super(name);","lastModifiedDate":"2026-01-30T13:08:03","isFullCredit":false},{"lineNumber":6,"author":{"gitId":"WEIJIE01"},"content":"        this.by \u003d by;","lastModifiedDate":"2026-01-30T13:08:03","isFullCredit":false},{"lineNumber":7,"author":{"gitId":"WEIJIE01"},"content":"    }","lastModifiedDate":"2026-01-30T13:08:03","isFullCredit":false},{"lineNumber":8,"author":{"gitId":"WEIJIE01"},"content":"","lastModifiedDate":"2026-01-30T13:08:03","isFullCredit":false},{"lineNumber":9,"author":{"gitId":"WEIJIE01"},"content":"    @Override","lastModifiedDate":"2026-01-30T13:08:03","isFullCredit":false},{"lineNumber":10,"author":{"gitId":"WEIJIE01"},"content":"    public String toString() {","lastModifiedDate":"2026-01-30T13:08:03","isFullCredit":false},{"lineNumber":11,"author":{"gitId":"WEIJIE01"},"content":"        String MARKED_LABEL \u003d \"[X]\";","lastModifiedDate":"2026-01-30T13:08:03","isFullCredit":false},{"lineNumber":12,"author":{"gitId":"WEIJIE01"},"content":"        String UNMARKED_LABEL \u003d \"[ ]\";","lastModifiedDate":"2026-01-30T13:08:03","isFullCredit":false},{"lineNumber":13,"author":{"gitId":"WEIJIE01"},"content":"","lastModifiedDate":"2026-01-30T13:08:03","isFullCredit":false},{"lineNumber":14,"author":{"gitId":"WEIJIE01"},"content":"        String doneStatus \u003d this.isDone ? MARKED_LABEL : UNMARKED_LABEL;","lastModifiedDate":"2026-01-30T13:08:03","isFullCredit":false},{"lineNumber":15,"author":{"gitId":"WEIJIE01"},"content":"","lastModifiedDate":"2026-01-30T13:08:03","isFullCredit":false},{"lineNumber":16,"author":{"gitId":"WEIJIE01"},"content":"        // returns [D][X] task name","lastModifiedDate":"2026-01-30T13:08:03","isFullCredit":false},{"lineNumber":17,"author":{"gitId":"WEIJIE01"},"content":"        return String.format(\"[D]%s %s (by: %s)\",doneStatus, this.name, this.by);","lastModifiedDate":"2026-01-30T13:08:03","isFullCredit":false},{"lineNumber":18,"author":{"gitId":"WEIJIE01"},"content":"    }","lastModifiedDate":"2026-01-30T13:08:03","isFullCredit":false},{"lineNumber":19,"author":{"gitId":"WEIJIE01"},"content":"}","lastModifiedDate":"2026-01-30T13:08:03","isFullCredit":false}],"authorContributionMap":{"WEIJIE01":19}},{"path":"src/main/java/Event.java","fileType":"java","lines":[{"lineNumber":1,"author":{"gitId":"WEIJIE01"},"content":"public class Event extends DeadlineTask {","lastModifiedDate":"2026-01-30T15:49:19","isFullCredit":false},{"lineNumber":2,"author":{"gitId":"WEIJIE01"},"content":"    // 3char with first letter caps to represent day \"Mon\", \"Tue\"","lastModifiedDate":"2026-01-30T13:08:03","isFullCredit":false},{"lineNumber":3,"author":{"gitId":"WEIJIE01"},"content":"    public String st;","lastModifiedDate":"2026-01-30T15:49:19","isFullCredit":false},{"lineNumber":4,"author":{"gitId":"WEIJIE01"},"content":"","lastModifiedDate":"2026-01-30T13:08:03","isFullCredit":false},{"lineNumber":5,"author":{"gitId":"WEIJIE01"},"content":"    public Event(String name, String st, String end) {","lastModifiedDate":"2026-01-30T15:49:19","isFullCredit":false},{"lineNumber":6,"author":{"gitId":"WEIJIE01"},"content":"        super(name, end);","lastModifiedDate":"2026-01-30T15:49:19","isFullCredit":false},{"lineNumber":7,"author":{"gitId":"WEIJIE01"},"content":"        this.st \u003d st;","lastModifiedDate":"2026-01-30T15:49:19","isFullCredit":false},{"lineNumber":8,"author":{"gitId":"WEIJIE01"},"content":"    }","lastModifiedDate":"2026-01-30T15:49:19","isFullCredit":false},{"lineNumber":9,"author":{"gitId":"WEIJIE01"},"content":"","lastModifiedDate":"2026-01-30T15:49:19","isFullCredit":false},{"lineNumber":10,"author":{"gitId":"WEIJIE01"},"content":"    @Override","lastModifiedDate":"2026-01-30T15:49:19","isFullCredit":false},{"lineNumber":11,"author":{"gitId":"WEIJIE01"},"content":"    public String toString() {","lastModifiedDate":"2026-01-30T15:49:19","isFullCredit":false},{"lineNumber":12,"author":{"gitId":"WEIJIE01"},"content":"        String MARKED_LABEL \u003d \"[X]\";","lastModifiedDate":"2026-01-30T15:49:19","isFullCredit":false},{"lineNumber":13,"author":{"gitId":"WEIJIE01"},"content":"        String UNMARKED_LABEL \u003d \"[ ]\";","lastModifiedDate":"2026-01-30T15:49:19","isFullCredit":false},{"lineNumber":14,"author":{"gitId":"WEIJIE01"},"content":"","lastModifiedDate":"2026-01-30T15:49:19","isFullCredit":false},{"lineNumber":15,"author":{"gitId":"WEIJIE01"},"content":"        String doneStatus \u003d this.isDone ? MARKED_LABEL : UNMARKED_LABEL;","lastModifiedDate":"2026-01-30T15:49:19","isFullCredit":false},{"lineNumber":16,"author":{"gitId":"WEIJIE01"},"content":"","lastModifiedDate":"2026-01-30T15:49:19","isFullCredit":false},{"lineNumber":17,"author":{"gitId":"WEIJIE01"},"content":"        // returns [D][X] task name","lastModifiedDate":"2026-01-30T15:49:19","isFullCredit":false},{"lineNumber":18,"author":{"gitId":"WEIJIE01"},"content":"        return String.format(\"[E]%s %s (by: %s)\",doneStatus, this.name, this.by);","lastModifiedDate":"2026-01-30T15:49:19","isFullCredit":false},{"lineNumber":19,"author":{"gitId":"WEIJIE01"},"content":"    }","lastModifiedDate":"2026-01-30T13:08:03","isFullCredit":false},{"lineNumber":20,"author":{"gitId":"WEIJIE01"},"content":"}","lastModifiedDate":"2026-01-30T13:08:03","isFullCredit":false}],"authorContributionMap":{"WEIJIE01":20}},{"path":"src/main/java/LogicController.java","fileType":"java","lines":[{"lineNumber":1,"author":{"gitId":"WEIJIE01"},"content":"/**","lastModifiedDate":"2026-01-30T00:22:12","isFullCredit":false},{"lineNumber":2,"author":{"gitId":"WEIJIE01"},"content":" * LogicController reads messages and calls command respectively","lastModifiedDate":"2026-01-30T00:22:12","isFullCredit":false},{"lineNumber":3,"author":{"gitId":"WEIJIE01"},"content":" */","lastModifiedDate":"2026-01-30T00:22:12","isFullCredit":false},{"lineNumber":4,"author":{"gitId":"WEIJIE01"},"content":"public class LogicController {","lastModifiedDate":"2026-01-30T00:22:12","isFullCredit":false},{"lineNumber":5,"author":{"gitId":"WEIJIE01"},"content":"    public static boolean run(Message message) {","lastModifiedDate":"2026-01-30T13:08:03","isFullCredit":false},{"lineNumber":6,"author":{"gitId":"WEIJIE01"},"content":"        if (message.tokenLength \u003d\u003d 0) return false;","lastModifiedDate":"2026-01-30T13:08:03","isFullCredit":false},{"lineNumber":7,"author":{"gitId":"WEIJIE01"},"content":"","lastModifiedDate":"2026-01-30T00:22:12","isFullCredit":false},{"lineNumber":8,"author":{"gitId":"WEIJIE01"},"content":"        Command cmd \u003d createCommand(message);","lastModifiedDate":"2026-01-30T13:08:03","isFullCredit":false},{"lineNumber":9,"author":{"gitId":"WEIJIE01"},"content":"        cmd.execute(TaskList.tasks);","lastModifiedDate":"2026-01-30T00:22:12","isFullCredit":false},{"lineNumber":10,"author":{"gitId":"WEIJIE01"},"content":"        return message.tokens[0].equals(\"bye\");","lastModifiedDate":"2026-01-30T13:08:03","isFullCredit":false},{"lineNumber":11,"author":{"gitId":"WEIJIE01"},"content":"    }","lastModifiedDate":"2026-01-30T00:22:12","isFullCredit":false},{"lineNumber":12,"author":{"gitId":"WEIJIE01"},"content":"","lastModifiedDate":"2026-01-30T00:22:12","isFullCredit":false},{"lineNumber":13,"author":{"gitId":"WEIJIE01"},"content":"    private static Command createCommand(Message message) {","lastModifiedDate":"2026-01-30T13:08:03","isFullCredit":false},{"lineNumber":14,"author":{"gitId":"WEIJIE01"},"content":"        try{","lastModifiedDate":"2026-01-30T17:57:15","isFullCredit":false},{"lineNumber":15,"author":{"gitId":"WEIJIE01"},"content":"            switch (message.tokens[0]) {","lastModifiedDate":"2026-01-30T13:08:03","isFullCredit":false},{"lineNumber":16,"author":{"gitId":"WEIJIE01"},"content":"                case \"bye\":","lastModifiedDate":"2026-01-30T00:22:12","isFullCredit":false},{"lineNumber":17,"author":{"gitId":"WEIJIE01"},"content":"                    return new ByeCommand();","lastModifiedDate":"2026-01-30T00:22:12","isFullCredit":false},{"lineNumber":18,"author":{"gitId":"WEIJIE01"},"content":"                case \"list\":","lastModifiedDate":"2026-01-30T00:22:12","isFullCredit":false},{"lineNumber":19,"author":{"gitId":"WEIJIE01"},"content":"                    return new ListCommand();","lastModifiedDate":"2026-01-30T00:22:12","isFullCredit":false},{"lineNumber":20,"author":{"gitId":"WEIJIE01"},"content":"                case \"mark\":","lastModifiedDate":"2026-01-30T00:22:12","isFullCredit":false},{"lineNumber":21,"author":{"gitId":"WEIJIE01"},"content":"                    int index \u003d message.parseTaskIndex();","lastModifiedDate":"2026-01-30T18:33:52","isFullCredit":false},{"lineNumber":22,"author":{"gitId":"WEIJIE01"},"content":"                    return new MarkCommand(index);","lastModifiedDate":"2026-01-30T00:22:12","isFullCredit":false},{"lineNumber":23,"author":{"gitId":"WEIJIE01"},"content":"                case \"unmark\":","lastModifiedDate":"2026-01-30T00:22:12","isFullCredit":false},{"lineNumber":24,"author":{"gitId":"WEIJIE01"},"content":"                    int index2 \u003d message.parseTaskIndex();","lastModifiedDate":"2026-01-30T18:33:52","isFullCredit":false},{"lineNumber":25,"author":{"gitId":"WEIJIE01"},"content":"                    return new UnmarkCommand(index2);  // Create these classes","lastModifiedDate":"2026-01-30T00:22:12","isFullCredit":false},{"lineNumber":26,"author":{"gitId":"WEIJIE01"},"content":"                case \"todo\":","lastModifiedDate":"2026-01-30T18:33:52","isFullCredit":false},{"lineNumber":27,"author":{"gitId":"WEIJIE01"},"content":"                    Task todoTask \u003d new Task(message.parseTaskName());","lastModifiedDate":"2026-01-30T17:57:15","isFullCredit":false},{"lineNumber":28,"author":{"gitId":"WEIJIE01"},"content":"                    return new AddTaskCommand(todoTask);","lastModifiedDate":"2026-01-30T13:08:03","isFullCredit":false},{"lineNumber":29,"author":{"gitId":"WEIJIE01"},"content":"                case \"deadline\":","lastModifiedDate":"2026-01-30T13:08:03","isFullCredit":false},{"lineNumber":30,"author":{"gitId":"WEIJIE01"},"content":"                    // Parser expects /by in message","lastModifiedDate":"2026-01-30T15:49:19","isFullCredit":false},{"lineNumber":31,"author":{"gitId":"WEIJIE01"},"content":"                    String by \u003d message.parseBy();","lastModifiedDate":"2026-01-30T15:49:19","isFullCredit":false},{"lineNumber":32,"author":{"gitId":"WEIJIE01"},"content":"","lastModifiedDate":"2026-01-30T13:08:03","isFullCredit":false},{"lineNumber":33,"author":{"gitId":"WEIJIE01"},"content":"                    DeadlineTask deadlineTask \u003d new DeadlineTask(message.parseTaskName(), by);","lastModifiedDate":"2026-01-30T15:49:19","isFullCredit":false},{"lineNumber":34,"author":{"gitId":"WEIJIE01"},"content":"                    return new AddTaskCommand(deadlineTask);","lastModifiedDate":"2026-01-30T13:08:03","isFullCredit":false},{"lineNumber":35,"author":{"gitId":"WEIJIE01"},"content":"                case \"event\":","lastModifiedDate":"2026-01-30T15:49:19","isFullCredit":false},{"lineNumber":36,"author":{"gitId":"WEIJIE01"},"content":"                    // Date/day expected be after /by and /st token","lastModifiedDate":"2026-01-30T15:49:19","isFullCredit":false},{"lineNumber":37,"author":{"gitId":"WEIJIE01"},"content":"                    String byEvent \u003d message.parseBy();","lastModifiedDate":"2026-01-30T15:49:19","isFullCredit":false},{"lineNumber":38,"author":{"gitId":"WEIJIE01"},"content":"                    String stEvent \u003d message.parseSt();","lastModifiedDate":"2026-01-30T15:49:19","isFullCredit":false},{"lineNumber":39,"author":{"gitId":"WEIJIE01"},"content":"","lastModifiedDate":"2026-01-30T15:49:19","isFullCredit":false},{"lineNumber":40,"author":{"gitId":"WEIJIE01"},"content":"                    Event eventTask \u003d new Event(message.parseTaskName(), stEvent, byEvent);","lastModifiedDate":"2026-01-30T15:49:19","isFullCredit":false},{"lineNumber":41,"author":{"gitId":"WEIJIE01"},"content":"                    return new AddTaskCommand(eventTask);","lastModifiedDate":"2026-01-30T15:49:19","isFullCredit":false},{"lineNumber":42,"author":{"gitId":"WEIJIE01"},"content":"                case \"delete\":","lastModifiedDate":"2026-01-30T18:33:52","isFullCredit":false},{"lineNumber":43,"author":{"gitId":"WEIJIE01"},"content":"                    int index3 \u003d message.parseTaskIndex();","lastModifiedDate":"2026-01-30T18:33:52","isFullCredit":false},{"lineNumber":44,"author":{"gitId":"WEIJIE01"},"content":"                    return new DeleteCommand(index3);","lastModifiedDate":"2026-01-30T18:33:52","isFullCredit":false},{"lineNumber":45,"author":{"gitId":"WEIJIE01"},"content":"                default:","lastModifiedDate":"2026-01-30T00:22:12","isFullCredit":false},{"lineNumber":46,"author":{"gitId":"WEIJIE01"},"content":"                    return new ErrorCommand(\"I dont understand this command!\");","lastModifiedDate":"2026-01-30T17:57:15","isFullCredit":false},{"lineNumber":47,"author":{"gitId":"WEIJIE01"},"content":"            }","lastModifiedDate":"2026-01-30T17:57:15","isFullCredit":false},{"lineNumber":48,"author":{"gitId":"WEIJIE01"},"content":"        }","lastModifiedDate":"2026-01-30T17:57:15","isFullCredit":false},{"lineNumber":49,"author":{"gitId":"WEIJIE01"},"content":"        catch (CustomException e){","lastModifiedDate":"2026-01-30T18:33:52","isFullCredit":false},{"lineNumber":50,"author":{"gitId":"WEIJIE01"},"content":"            return new ErrorCommand(e.getMessage());","lastModifiedDate":"2026-01-30T17:57:15","isFullCredit":false},{"lineNumber":51,"author":{"gitId":"WEIJIE01"},"content":"        }","lastModifiedDate":"2026-01-30T00:22:12","isFullCredit":false},{"lineNumber":52,"author":{"gitId":"WEIJIE01"},"content":"    }","lastModifiedDate":"2026-01-30T00:22:12","isFullCredit":false},{"lineNumber":53,"author":{"gitId":"WEIJIE01"},"content":"}","lastModifiedDate":"2026-01-30T00:22:12","isFullCredit":false}],"authorContributionMap":{"WEIJIE01":53}},{"path":"src/main/java/Message.java","fileType":"java","lines":[{"lineNumber":1,"author":{"gitId":"WEIJIE01"},"content":"import java.util.Arrays;","lastModifiedDate":"2026-01-30T15:49:19","isFullCredit":false},{"lineNumber":2,"author":{"gitId":"WEIJIE01"},"content":"","lastModifiedDate":"2026-01-30T15:49:19","isFullCredit":false},{"lineNumber":3,"author":{"gitId":"WEIJIE01"},"content":"/**","lastModifiedDate":"2026-01-30T00:22:12","isFullCredit":false},{"lineNumber":4,"author":{"gitId":"WEIJIE01"},"content":" * Parses user commands into actionable parts.","lastModifiedDate":"2026-01-30T00:22:12","isFullCredit":false},{"lineNumber":5,"author":{"gitId":"WEIJIE01"},"content":" */","lastModifiedDate":"2026-01-30T00:22:12","isFullCredit":false},{"lineNumber":6,"author":{"gitId":"WEIJIE01"},"content":"public class Message {","lastModifiedDate":"2026-01-30T00:22:12","isFullCredit":false},{"lineNumber":7,"author":{"gitId":"WEIJIE01"},"content":"    String message;","lastModifiedDate":"2026-01-30T13:08:03","isFullCredit":false},{"lineNumber":8,"author":{"gitId":"WEIJIE01"},"content":"    String[] tokens;","lastModifiedDate":"2026-01-30T13:08:03","isFullCredit":false},{"lineNumber":9,"author":{"gitId":"WEIJIE01"},"content":"    int tokenLength;","lastModifiedDate":"2026-01-30T13:08:03","isFullCredit":false},{"lineNumber":10,"author":{"gitId":"WEIJIE01"},"content":"    // Constructor","lastModifiedDate":"2026-01-30T13:08:03","isFullCredit":false},{"lineNumber":11,"author":{"gitId":"WEIJIE01"},"content":"    Message(String message) {","lastModifiedDate":"2026-01-30T13:08:03","isFullCredit":false},{"lineNumber":12,"author":{"gitId":"WEIJIE01"},"content":"        this.message \u003d message;","lastModifiedDate":"2026-01-30T13:08:03","isFullCredit":false},{"lineNumber":13,"author":{"gitId":"WEIJIE01"},"content":"        this.tokens \u003d this.parseMessage();","lastModifiedDate":"2026-01-30T13:08:03","isFullCredit":false},{"lineNumber":14,"author":{"gitId":"WEIJIE01"},"content":"        this.tokenLength \u003d tokens.length;","lastModifiedDate":"2026-01-30T13:08:03","isFullCredit":false},{"lineNumber":15,"author":{"gitId":"WEIJIE01"},"content":"    }","lastModifiedDate":"2026-01-30T13:08:03","isFullCredit":false},{"lineNumber":16,"author":{"gitId":"WEIJIE01"},"content":"","lastModifiedDate":"2026-01-30T00:22:12","isFullCredit":false},{"lineNumber":17,"author":{"gitId":"WEIJIE01"},"content":"    // Parses command and extracts task index (0-based).","lastModifiedDate":"2026-01-30T00:22:12","isFullCredit":false},{"lineNumber":18,"author":{"gitId":"WEIJIE01"},"content":"    public String[] parseMessage() {","lastModifiedDate":"2026-01-30T13:08:03","isFullCredit":false},{"lineNumber":19,"author":{"gitId":"WEIJIE01"},"content":"        String trimmedMessage \u003d this.message.trim().toLowerCase();","lastModifiedDate":"2026-01-30T13:08:03","isFullCredit":false},{"lineNumber":20,"author":{"gitId":"WEIJIE01"},"content":"        return trimmedMessage.split(\" \");","lastModifiedDate":"2026-01-30T00:22:12","isFullCredit":false},{"lineNumber":21,"author":{"gitId":"WEIJIE01"},"content":"    }","lastModifiedDate":"2026-01-30T00:22:12","isFullCredit":false},{"lineNumber":22,"author":{"gitId":"WEIJIE01"},"content":"","lastModifiedDate":"2026-01-30T00:22:12","isFullCredit":false},{"lineNumber":23,"author":{"gitId":"WEIJIE01"},"content":"    // get TaskIndex from TaskList for mark and unmark","lastModifiedDate":"2026-01-30T15:49:19","isFullCredit":false},{"lineNumber":24,"author":{"gitId":"WEIJIE01"},"content":"    public int parseTaskIndex() {","lastModifiedDate":"2026-01-30T18:33:52","isFullCredit":false},{"lineNumber":25,"author":{"gitId":"WEIJIE01"},"content":"        if (tokens.length \u003c\u003d 1) return -1;","lastModifiedDate":"2026-01-30T00:22:12","isFullCredit":false},{"lineNumber":26,"author":{"gitId":"WEIJIE01"},"content":"        try {","lastModifiedDate":"2026-01-30T00:22:12","isFullCredit":false},{"lineNumber":27,"author":{"gitId":"WEIJIE01"},"content":"            return Integer.parseInt(tokens[1].trim()) - 1;  // 1-based → 0-based","lastModifiedDate":"2026-01-30T00:22:12","isFullCredit":false},{"lineNumber":28,"author":{"gitId":"WEIJIE01"},"content":"        } catch (NumberFormatException e) {","lastModifiedDate":"2026-01-30T00:22:12","isFullCredit":false},{"lineNumber":29,"author":{"gitId":"WEIJIE01"},"content":"            return -1;","lastModifiedDate":"2026-01-30T00:22:12","isFullCredit":false},{"lineNumber":30,"author":{"gitId":"WEIJIE01"},"content":"        }","lastModifiedDate":"2026-01-30T00:22:12","isFullCredit":false},{"lineNumber":31,"author":{"gitId":"WEIJIE01"},"content":"    }","lastModifiedDate":"2026-01-30T00:22:12","isFullCredit":false},{"lineNumber":32,"author":{"gitId":"WEIJIE01"},"content":"","lastModifiedDate":"2026-01-30T00:22:12","isFullCredit":false},{"lineNumber":33,"author":{"gitId":"WEIJIE01"},"content":"    // get TaskName","lastModifiedDate":"2026-01-30T18:33:52","isFullCredit":false},{"lineNumber":34,"author":{"gitId":"WEIJIE01"},"content":"    // if empty -\u003e throws exception","lastModifiedDate":"2026-01-30T18:33:52","isFullCredit":false},{"lineNumber":35,"author":{"gitId":"WEIJIE01"},"content":"    public String parseTaskName() {","lastModifiedDate":"2026-01-30T15:49:19","isFullCredit":false},{"lineNumber":36,"author":{"gitId":"WEIJIE01"},"content":"        int lastTaskNameIndex \u003d 0;","lastModifiedDate":"2026-01-30T15:49:19","isFullCredit":false},{"lineNumber":37,"author":{"gitId":"WEIJIE01"},"content":"","lastModifiedDate":"2026-01-30T15:49:19","isFullCredit":false},{"lineNumber":38,"author":{"gitId":"WEIJIE01"},"content":"        // taskName stops upon seeing /by or /st","lastModifiedDate":"2026-01-30T15:49:19","isFullCredit":false},{"lineNumber":39,"author":{"gitId":"WEIJIE01"},"content":"        for (int i \u003d 1; i \u003c tokenLength; i++) {","lastModifiedDate":"2026-01-30T18:33:52","isFullCredit":false},{"lineNumber":40,"author":{"gitId":"WEIJIE01"},"content":"            if (tokens[i].equals(\"/by\") || tokens[i].equals(\"/st\")){","lastModifiedDate":"2026-01-30T15:49:19","isFullCredit":false},{"lineNumber":41,"author":{"gitId":"WEIJIE01"},"content":"                lastTaskNameIndex \u003d i;","lastModifiedDate":"2026-01-30T15:49:19","isFullCredit":false},{"lineNumber":42,"author":{"gitId":"WEIJIE01"},"content":"                break;","lastModifiedDate":"2026-01-30T15:49:19","isFullCredit":false},{"lineNumber":43,"author":{"gitId":"WEIJIE01"},"content":"            }","lastModifiedDate":"2026-01-30T15:49:19","isFullCredit":false},{"lineNumber":44,"author":{"gitId":"WEIJIE01"},"content":"            else {","lastModifiedDate":"2026-01-30T15:49:19","isFullCredit":false},{"lineNumber":45,"author":{"gitId":"WEIJIE01"},"content":"                lastTaskNameIndex \u003d tokenLength;","lastModifiedDate":"2026-01-30T17:57:15","isFullCredit":false},{"lineNumber":46,"author":{"gitId":"WEIJIE01"},"content":"            }","lastModifiedDate":"2026-01-30T15:49:19","isFullCredit":false},{"lineNumber":47,"author":{"gitId":"WEIJIE01"},"content":"        }","lastModifiedDate":"2026-01-30T15:49:19","isFullCredit":false},{"lineNumber":48,"author":{"gitId":"WEIJIE01"},"content":"        if (lastTaskNameIndex \u003d\u003d 0){","lastModifiedDate":"2026-01-30T18:33:52","isFullCredit":false},{"lineNumber":49,"author":{"gitId":"WEIJIE01"},"content":"            throw new CustomException(\"Empty task description!\");","lastModifiedDate":"2026-01-30T18:33:52","isFullCredit":false},{"lineNumber":50,"author":{"gitId":"WEIJIE01"},"content":"        }","lastModifiedDate":"2026-01-30T18:33:52","isFullCredit":false},{"lineNumber":51,"author":{"gitId":"WEIJIE01"},"content":"        return String.join(\" \",Arrays.copyOfRange(tokens,1,lastTaskNameIndex));","lastModifiedDate":"2026-01-30T15:49:19","isFullCredit":false},{"lineNumber":52,"author":{"gitId":"WEIJIE01"},"content":"    }","lastModifiedDate":"2026-01-30T15:49:19","isFullCredit":false},{"lineNumber":53,"author":{"gitId":"WEIJIE01"},"content":"","lastModifiedDate":"2026-01-30T15:49:19","isFullCredit":false},{"lineNumber":54,"author":{"gitId":"WEIJIE01"},"content":"    public String parseBy() {","lastModifiedDate":"2026-01-30T15:49:19","isFullCredit":false},{"lineNumber":55,"author":{"gitId":"WEIJIE01"},"content":"        for (int i\u003d0; i \u003c tokenLength - 1 ; i++) {","lastModifiedDate":"2026-01-30T15:49:19","isFullCredit":false},{"lineNumber":56,"author":{"gitId":"WEIJIE01"},"content":"            if (tokens[i].equals(\"/by\")) {","lastModifiedDate":"2026-01-30T15:49:19","isFullCredit":false},{"lineNumber":57,"author":{"gitId":"WEIJIE01"},"content":"                return tokens[i+1];","lastModifiedDate":"2026-01-30T15:49:19","isFullCredit":false},{"lineNumber":58,"author":{"gitId":"WEIJIE01"},"content":"            }","lastModifiedDate":"2026-01-30T15:49:19","isFullCredit":false},{"lineNumber":59,"author":{"gitId":"WEIJIE01"},"content":"        }","lastModifiedDate":"2026-01-30T15:49:19","isFullCredit":false},{"lineNumber":60,"author":{"gitId":"WEIJIE01"},"content":"        throw new CustomException(\"/by not found\");","lastModifiedDate":"2026-01-30T18:33:52","isFullCredit":false},{"lineNumber":61,"author":{"gitId":"WEIJIE01"},"content":"    }","lastModifiedDate":"2026-01-30T15:49:19","isFullCredit":false},{"lineNumber":62,"author":{"gitId":"WEIJIE01"},"content":"","lastModifiedDate":"2026-01-30T15:49:19","isFullCredit":false},{"lineNumber":63,"author":{"gitId":"WEIJIE01"},"content":"    public String parseSt() {","lastModifiedDate":"2026-01-30T15:49:19","isFullCredit":false},{"lineNumber":64,"author":{"gitId":"WEIJIE01"},"content":"        for (int i\u003d0; i \u003c tokenLength - 1 ; i++) {","lastModifiedDate":"2026-01-30T15:49:19","isFullCredit":false},{"lineNumber":65,"author":{"gitId":"WEIJIE01"},"content":"            if (tokens[i].equals(\"/st\")) {","lastModifiedDate":"2026-01-30T15:49:19","isFullCredit":false},{"lineNumber":66,"author":{"gitId":"WEIJIE01"},"content":"                return tokens[i+1];","lastModifiedDate":"2026-01-30T15:49:19","isFullCredit":false},{"lineNumber":67,"author":{"gitId":"WEIJIE01"},"content":"            }","lastModifiedDate":"2026-01-30T15:49:19","isFullCredit":false},{"lineNumber":68,"author":{"gitId":"WEIJIE01"},"content":"        }","lastModifiedDate":"2026-01-30T15:49:19","isFullCredit":false},{"lineNumber":69,"author":{"gitId":"WEIJIE01"},"content":"        throw new CustomException(\"/st not found\");","lastModifiedDate":"2026-01-30T18:33:52","isFullCredit":false},{"lineNumber":70,"author":{"gitId":"WEIJIE01"},"content":"    }","lastModifiedDate":"2026-01-30T15:49:19","isFullCredit":false},{"lineNumber":71,"author":{"gitId":"WEIJIE01"},"content":"","lastModifiedDate":"2026-01-30T15:49:19","isFullCredit":false},{"lineNumber":72,"author":{"gitId":"WEIJIE01"},"content":"}","lastModifiedDate":"2026-01-30T00:22:12","isFullCredit":false}],"authorContributionMap":{"WEIJIE01":72}},{"path":"src/main/java/Star.java","fileType":"java","lines":[{"lineNumber":1,"author":{"gitId":"WEIJIE01"},"content":"public class Star {","lastModifiedDate":"2026-01-26T23:36:10","isFullCredit":false},{"lineNumber":2,"author":{"gitId":"WEIJIE01"},"content":"    public static void main(String[] args) {","lastModifiedDate":"2026-01-26T23:36:10","isFullCredit":false},{"lineNumber":3,"author":{"gitId":"WEIJIE01"},"content":"        Ui.printWelcomeMessage();   // Prints welcome message in UI","lastModifiedDate":"2026-01-28T00:21:48","isFullCredit":false},{"lineNumber":4,"author":{"gitId":"WEIJIE-01"},"content":"","lastModifiedDate":"2026-01-27T15:45:30","isFullCredit":false},{"lineNumber":5,"author":{"gitId":"WEIJIE01"},"content":"        while (true) {  // Infinite loop","lastModifiedDate":"2026-01-30T16:40:11","isFullCredit":false},{"lineNumber":6,"author":{"gitId":"WEIJIE01"},"content":"            if (!Ui.hasMoreInput()) {","lastModifiedDate":"2026-01-30T16:40:11","isFullCredit":false},{"lineNumber":7,"author":{"gitId":"WEIJIE01"},"content":"                break;  // EOF → exit","lastModifiedDate":"2026-01-30T16:40:11","isFullCredit":false},{"lineNumber":8,"author":{"gitId":"WEIJIE01"},"content":"            }","lastModifiedDate":"2026-01-30T16:40:11","isFullCredit":false},{"lineNumber":9,"author":{"gitId":"WEIJIE01"},"content":"","lastModifiedDate":"2026-01-30T16:40:11","isFullCredit":false},{"lineNumber":10,"author":{"gitId":"WEIJIE01"},"content":"            // Ignores empty input","lastModifiedDate":"2026-01-30T16:40:11","isFullCredit":false},{"lineNumber":11,"author":{"gitId":"WEIJIE01"},"content":"            String input \u003d Ui.scanInput();","lastModifiedDate":"2026-01-30T16:40:11","isFullCredit":false},{"lineNumber":12,"author":{"gitId":"WEIJIE01"},"content":"            if (input.isEmpty() || input.trim().isEmpty()) {","lastModifiedDate":"2026-01-30T16:40:11","isFullCredit":false},{"lineNumber":13,"author":{"gitId":"WEIJIE01"},"content":"                continue;","lastModifiedDate":"2026-01-30T15:49:19","isFullCredit":false},{"lineNumber":14,"author":{"gitId":"WEIJIE01"},"content":"            }","lastModifiedDate":"2026-01-30T15:49:19","isFullCredit":false},{"lineNumber":15,"author":{"gitId":"WEIJIE01"},"content":"","lastModifiedDate":"2026-01-30T16:40:11","isFullCredit":false},{"lineNumber":16,"author":{"gitId":"WEIJIE01"},"content":"            Message message \u003d new Message(input);","lastModifiedDate":"2026-01-30T15:49:19","isFullCredit":false},{"lineNumber":17,"author":{"gitId":"WEIJIE01"},"content":"            message.parseMessage();","lastModifiedDate":"2026-01-30T16:40:11","isFullCredit":false},{"lineNumber":18,"author":{"gitId":"WEIJIE01"},"content":"","lastModifiedDate":"2026-01-30T15:49:19","isFullCredit":false},{"lineNumber":19,"author":{"gitId":"WEIJIE01"},"content":"            // exit ONLY for \"bye\"","lastModifiedDate":"2026-01-30T16:40:11","isFullCredit":false},{"lineNumber":20,"author":{"gitId":"WEIJIE01"},"content":"            if (LogicController.run(message)) {","lastModifiedDate":"2026-01-30T15:49:19","isFullCredit":false},{"lineNumber":21,"author":{"gitId":"WEIJIE01"},"content":"                break;","lastModifiedDate":"2026-01-30T15:49:19","isFullCredit":false},{"lineNumber":22,"author":{"gitId":"WEIJIE01"},"content":"            }","lastModifiedDate":"2026-01-30T15:49:19","isFullCredit":false},{"lineNumber":23,"author":{"gitId":"WEIJIE01"},"content":"        }","lastModifiedDate":"2026-01-30T15:49:19","isFullCredit":false},{"lineNumber":24,"author":{"gitId":"WEIJIE01"},"content":"    }","lastModifiedDate":"2026-01-26T23:36:10","isFullCredit":false},{"lineNumber":25,"author":{"gitId":"WEIJIE01"},"content":"}","lastModifiedDate":"2026-01-30T15:49:19","isFullCredit":false}],"authorContributionMap":{"WEIJIE01":24,"WEIJIE-01":1}},{"path":"src/main/java/Task.java","fileType":"java","lines":[{"lineNumber":1,"author":{"gitId":"WEIJIE01"},"content":"import java.time.LocalDateTime;","lastModifiedDate":"2026-01-30T13:08:03","isFullCredit":false},{"lineNumber":2,"author":{"gitId":"WEIJIE01"},"content":"import java.time.format.DateTimeFormatter;","lastModifiedDate":"2026-01-30T13:08:03","isFullCredit":false},{"lineNumber":3,"author":{"gitId":"WEIJIE01"},"content":"","lastModifiedDate":"2026-01-30T13:08:03","isFullCredit":false},{"lineNumber":4,"author":{"gitId":"WEIJIE01"},"content":"/**","lastModifiedDate":"2026-01-30T00:22:12","isFullCredit":false},{"lineNumber":5,"author":{"gitId":"WEIJIE01"},"content":" * Task has 2 states: done and not done","lastModifiedDate":"2026-01-30T13:08:03","isFullCredit":false},{"lineNumber":6,"author":{"gitId":"WEIJIE01"},"content":" * Events are tasks with start and end date/time","lastModifiedDate":"2026-01-30T13:08:03","isFullCredit":false},{"lineNumber":7,"author":{"gitId":"WEIJIE01"},"content":" */","lastModifiedDate":"2026-01-30T00:22:12","isFullCredit":false},{"lineNumber":8,"author":{"gitId":"WEIJIE-01"},"content":"public class Task {","lastModifiedDate":"2026-01-27T16:45:31","isFullCredit":false},{"lineNumber":9,"author":{"gitId":"WEIJIE-01"},"content":"    public String name;","lastModifiedDate":"2026-01-27T16:45:31","isFullCredit":false},{"lineNumber":10,"author":{"gitId":"WEIJIE01"},"content":"    public boolean isDone \u003d false;","lastModifiedDate":"2026-01-28T00:21:48","isFullCredit":false},{"lineNumber":11,"author":{"gitId":"WEIJIE-01"},"content":"","lastModifiedDate":"2026-01-27T16:45:31","isFullCredit":false},{"lineNumber":12,"author":{"gitId":"WEIJIE01"},"content":"    // Constructor","lastModifiedDate":"2026-01-30T00:22:12","isFullCredit":false},{"lineNumber":13,"author":{"gitId":"WEIJIE-01"},"content":"    public Task(String name){","lastModifiedDate":"2026-01-27T16:45:31","isFullCredit":false},{"lineNumber":14,"author":{"gitId":"WEIJIE-01"},"content":"        this.name \u003d name;","lastModifiedDate":"2026-01-27T16:45:31","isFullCredit":false},{"lineNumber":15,"author":{"gitId":"WEIJIE-01"},"content":"    }","lastModifiedDate":"2026-01-27T16:45:31","isFullCredit":false},{"lineNumber":16,"author":{"gitId":"WEIJIE01"},"content":"","lastModifiedDate":"2026-01-28T00:21:48","isFullCredit":false},{"lineNumber":17,"author":{"gitId":"WEIJIE01"},"content":"    // Returns a string containing task status","lastModifiedDate":"2026-01-30T13:08:03","isFullCredit":false},{"lineNumber":18,"author":{"gitId":"WEIJIE01"},"content":"    public String toString(){","lastModifiedDate":"2026-01-30T13:08:03","isFullCredit":false},{"lineNumber":19,"author":{"gitId":"WEIJIE01"},"content":"        String doneStatus \u003d isDone ? \"[X]\" : \"[ ]\";","lastModifiedDate":"2026-01-30T13:08:03","isFullCredit":false},{"lineNumber":20,"author":{"gitId":"WEIJIE01"},"content":"        // returns [T][X] task name","lastModifiedDate":"2026-01-30T13:08:03","isFullCredit":false},{"lineNumber":21,"author":{"gitId":"WEIJIE01"},"content":"        return \"[T]\" + doneStatus + \" \" + this.name;","lastModifiedDate":"2026-01-30T17:57:15","isFullCredit":false},{"lineNumber":22,"author":{"gitId":"WEIJIE01"},"content":"    }","lastModifiedDate":"2026-01-30T13:08:03","isFullCredit":false},{"lineNumber":23,"author":{"gitId":"WEIJIE01"},"content":"","lastModifiedDate":"2026-01-30T13:08:03","isFullCredit":false},{"lineNumber":24,"author":{"gitId":"WEIJIE01"},"content":"    // Marks task as done","lastModifiedDate":"2026-01-30T00:22:12","isFullCredit":false},{"lineNumber":25,"author":{"gitId":"WEIJIE01"},"content":"    public void markAsDone (){","lastModifiedDate":"2026-01-28T00:21:48","isFullCredit":false},{"lineNumber":26,"author":{"gitId":"WEIJIE01"},"content":"        if (this.isDone) {","lastModifiedDate":"2026-01-30T13:08:03","isFullCredit":false},{"lineNumber":27,"author":{"gitId":"WEIJIE01"},"content":"            System.out.println(Ui.BOT_LABEL + \"This task has already been done!\");","lastModifiedDate":"2026-01-28T00:21:48","isFullCredit":false},{"lineNumber":28,"author":{"gitId":"WEIJIE01"},"content":"        }","lastModifiedDate":"2026-01-28T00:21:48","isFullCredit":false},{"lineNumber":29,"author":{"gitId":"WEIJIE01"},"content":"        else {","lastModifiedDate":"2026-01-28T00:21:48","isFullCredit":false},{"lineNumber":30,"author":{"gitId":"WEIJIE01"},"content":"            this.isDone \u003d true;","lastModifiedDate":"2026-01-28T00:21:48","isFullCredit":false},{"lineNumber":31,"author":{"gitId":"WEIJIE01"},"content":"        }","lastModifiedDate":"2026-01-28T00:21:48","isFullCredit":false},{"lineNumber":32,"author":{"gitId":"WEIJIE01"},"content":"    }","lastModifiedDate":"2026-01-28T00:21:48","isFullCredit":false},{"lineNumber":33,"author":{"gitId":"WEIJIE01"},"content":"","lastModifiedDate":"2026-01-28T00:21:48","isFullCredit":false},{"lineNumber":34,"author":{"gitId":"WEIJIE01"},"content":"    // Unmarks task as done","lastModifiedDate":"2026-01-30T00:22:12","isFullCredit":false},{"lineNumber":35,"author":{"gitId":"WEIJIE01"},"content":"    public void unmarkAsDone (){","lastModifiedDate":"2026-01-28T00:21:48","isFullCredit":false},{"lineNumber":36,"author":{"gitId":"WEIJIE01"},"content":"        if (isDone) {","lastModifiedDate":"2026-01-28T00:21:48","isFullCredit":false},{"lineNumber":37,"author":{"gitId":"WEIJIE01"},"content":"            this.isDone \u003d false;","lastModifiedDate":"2026-01-28T00:21:48","isFullCredit":false},{"lineNumber":38,"author":{"gitId":"WEIJIE01"},"content":"        }","lastModifiedDate":"2026-01-28T00:21:48","isFullCredit":false},{"lineNumber":39,"author":{"gitId":"WEIJIE01"},"content":"        else {","lastModifiedDate":"2026-01-28T00:21:48","isFullCredit":false},{"lineNumber":40,"author":{"gitId":"WEIJIE01"},"content":"            this.isDone \u003d true;","lastModifiedDate":"2026-01-28T00:21:48","isFullCredit":false},{"lineNumber":41,"author":{"gitId":"WEIJIE01"},"content":"            System.out.println(Ui.BOT_LABEL + \"This task is still waiting for you!\");","lastModifiedDate":"2026-01-28T00:21:48","isFullCredit":false},{"lineNumber":42,"author":{"gitId":"WEIJIE01"},"content":"        }","lastModifiedDate":"2026-01-28T00:21:48","isFullCredit":false},{"lineNumber":43,"author":{"gitId":"WEIJIE01"},"content":"    }","lastModifiedDate":"2026-01-28T00:21:48","isFullCredit":false},{"lineNumber":44,"author":{"gitId":"WEIJIE-01"},"content":"}","lastModifiedDate":"2026-01-27T16:45:31","isFullCredit":false},{"lineNumber":45,"author":{"gitId":"WEIJIE01"},"content":"","lastModifiedDate":"2026-01-30T13:08:03","isFullCredit":false}],"authorContributionMap":{"WEIJIE01":38,"WEIJIE-01":7}},{"path":"src/main/java/TaskList.java","fileType":"java","lines":[{"lineNumber":1,"author":{"gitId":"WEIJIE-01"},"content":"import java.util.ArrayList;","lastModifiedDate":"2026-01-27T16:45:31","isFullCredit":false},{"lineNumber":2,"author":{"gitId":"WEIJIE-01"},"content":"","lastModifiedDate":"2026-01-27T16:45:31","isFullCredit":false},{"lineNumber":3,"author":{"gitId":"WEIJIE-01"},"content":"/**","lastModifiedDate":"2026-01-27T16:45:31","isFullCredit":false},{"lineNumber":4,"author":{"gitId":"WEIJIE01"},"content":" * Stores all current tasks","lastModifiedDate":"2026-01-30T13:08:03","isFullCredit":false},{"lineNumber":5,"author":{"gitId":"WEIJIE-01"},"content":" */","lastModifiedDate":"2026-01-27T16:45:31","isFullCredit":false},{"lineNumber":6,"author":{"gitId":"WEIJIE-01"},"content":"public class TaskList {","lastModifiedDate":"2026-01-27T16:45:31","isFullCredit":false},{"lineNumber":7,"author":{"gitId":"WEIJIE01"},"content":"","lastModifiedDate":"2026-01-28T00:21:48","isFullCredit":false},{"lineNumber":8,"author":{"gitId":"WEIJIE01"},"content":"    public static ArrayList\u003cTask\u003e tasks \u003d new ArrayList\u003c\u003e(100); //Maximum 100 tasks","lastModifiedDate":"2026-01-30T00:22:12","isFullCredit":false},{"lineNumber":9,"author":{"gitId":"WEIJIE-01"},"content":"","lastModifiedDate":"2026-01-27T16:45:31","isFullCredit":false},{"lineNumber":10,"author":{"gitId":"WEIJIE01"},"content":"    // Adds task","lastModifiedDate":"2026-01-30T00:22:12","isFullCredit":false},{"lineNumber":11,"author":{"gitId":"WEIJIE-01"},"content":"    public static void addTask(Task task){","lastModifiedDate":"2026-01-27T16:45:31","isFullCredit":false},{"lineNumber":12,"author":{"gitId":"WEIJIE-01"},"content":"        tasks.add(task);","lastModifiedDate":"2026-01-27T16:45:31","isFullCredit":false},{"lineNumber":13,"author":{"gitId":"WEIJIE-01"},"content":"    }","lastModifiedDate":"2026-01-27T16:45:31","isFullCredit":false},{"lineNumber":14,"author":{"gitId":"WEIJIE-01"},"content":"","lastModifiedDate":"2026-01-27T16:45:31","isFullCredit":false},{"lineNumber":15,"author":{"gitId":"WEIJIE01"},"content":"    public static Task getTask(int taskIndex){","lastModifiedDate":"2026-01-28T00:21:48","isFullCredit":false},{"lineNumber":16,"author":{"gitId":"WEIJIE01"},"content":"        return tasks.get(taskIndex);","lastModifiedDate":"2026-01-28T00:21:48","isFullCredit":false},{"lineNumber":17,"author":{"gitId":"WEIJIE-01"},"content":"    }","lastModifiedDate":"2026-01-27T16:45:31","isFullCredit":false},{"lineNumber":18,"author":{"gitId":"WEIJIE01"},"content":"","lastModifiedDate":"2026-01-28T00:21:48","isFullCredit":false},{"lineNumber":19,"author":{"gitId":"WEIJIE01"},"content":"    // Returns number of existing tasks","lastModifiedDate":"2026-01-30T00:22:12","isFullCredit":false},{"lineNumber":20,"author":{"gitId":"WEIJIE01"},"content":"    public static int getSize(){","lastModifiedDate":"2026-01-28T00:21:48","isFullCredit":false},{"lineNumber":21,"author":{"gitId":"WEIJIE01"},"content":"        return tasks.size();","lastModifiedDate":"2026-01-28T00:21:48","isFullCredit":false},{"lineNumber":22,"author":{"gitId":"WEIJIE-01"},"content":"    }","lastModifiedDate":"2026-01-27T16:45:31","isFullCredit":false},{"lineNumber":23,"author":{"gitId":"WEIJIE01"},"content":"","lastModifiedDate":"2026-01-28T00:21:48","isFullCredit":false},{"lineNumber":24,"author":{"gitId":"WEIJIE-01"},"content":"}","lastModifiedDate":"2026-01-27T16:45:31","isFullCredit":false}],"authorContributionMap":{"WEIJIE01":11,"WEIJIE-01":13}},{"path":"src/main/java/Ui.java","fileType":"java","lines":[{"lineNumber":1,"author":{"gitId":"WEIJIE-01"},"content":"import java.util.Scanner;","lastModifiedDate":"2026-01-27T15:45:30","isFullCredit":false},{"lineNumber":2,"author":{"gitId":"WEIJIE-01"},"content":"","lastModifiedDate":"2026-01-27T15:45:30","isFullCredit":false},{"lineNumber":3,"author":{"gitId":"WEIJIE-01"},"content":"/**","lastModifiedDate":"2026-01-27T15:17:26","isFullCredit":false},{"lineNumber":4,"author":{"gitId":"WEIJIE-01"},"content":" * Interacts with user by printing","lastModifiedDate":"2026-01-27T15:17:26","isFullCredit":false},{"lineNumber":5,"author":{"gitId":"WEIJIE-01"},"content":" */","lastModifiedDate":"2026-01-27T15:17:26","isFullCredit":false},{"lineNumber":6,"author":{"gitId":"WEIJIE-01"},"content":"public class Ui {","lastModifiedDate":"2026-01-27T15:17:26","isFullCredit":false},{"lineNumber":7,"author":{"gitId":"WEIJIE-01"},"content":"","lastModifiedDate":"2026-01-27T16:45:31","isFullCredit":false},{"lineNumber":8,"author":{"gitId":"WEIJIE-01"},"content":"    public static final String CHATBOT_NAME \u003d \"Star\";","lastModifiedDate":"2026-01-27T16:45:31","isFullCredit":false},{"lineNumber":9,"author":{"gitId":"WEIJIE-01"},"content":"    public static final String BOT_LABEL \u003d String.format(\"[%s]\", CHATBOT_NAME);","lastModifiedDate":"2026-01-27T16:45:31","isFullCredit":false},{"lineNumber":10,"author":{"gitId":"WEIJIE01"},"content":"    public static final String INDENTATION \u003d \"       \";","lastModifiedDate":"2026-01-30T16:40:11","isFullCredit":false},{"lineNumber":11,"author":{"gitId":"WEIJIE01"},"content":"    private static final Scanner sc \u003d new Scanner(System.in);","lastModifiedDate":"2026-01-30T15:49:19","isFullCredit":false},{"lineNumber":12,"author":{"gitId":"WEIJIE01"},"content":"","lastModifiedDate":"2026-01-28T00:21:48","isFullCredit":false},{"lineNumber":13,"author":{"gitId":"WEIJIE01"},"content":"    // Prints welcome message.","lastModifiedDate":"2026-01-30T00:22:12","isFullCredit":false},{"lineNumber":14,"author":{"gitId":"WEIJIE-01"},"content":"    public static void printWelcomeMessage() {","lastModifiedDate":"2026-01-27T15:17:26","isFullCredit":false},{"lineNumber":15,"author":{"gitId":"WEIJIE-01"},"content":"","lastModifiedDate":"2026-01-27T16:45:31","isFullCredit":false},{"lineNumber":16,"author":{"gitId":"WEIJIE-01"},"content":"        String WELCOME_MESSAGE \u003d BOT_LABEL + \" Hello! I\u0027m \"","lastModifiedDate":"2026-01-27T16:45:31","isFullCredit":false},{"lineNumber":17,"author":{"gitId":"WEIJIE01"},"content":"                + CHATBOT_NAME + \"\\nWhat can I do for you?\\n\";","lastModifiedDate":"2026-01-28T00:21:48","isFullCredit":false},{"lineNumber":18,"author":{"gitId":"WEIJIE-01"},"content":"        System.out.println(WELCOME_MESSAGE);","lastModifiedDate":"2026-01-27T15:17:26","isFullCredit":false},{"lineNumber":19,"author":{"gitId":"WEIJIE-01"},"content":"    }","lastModifiedDate":"2026-01-27T15:17:26","isFullCredit":false},{"lineNumber":20,"author":{"gitId":"WEIJIE-01"},"content":"","lastModifiedDate":"2026-01-27T15:17:26","isFullCredit":false},{"lineNumber":21,"author":{"gitId":"WEIJIE01"},"content":"    // Scans for user input.","lastModifiedDate":"2026-01-30T00:22:12","isFullCredit":false},{"lineNumber":22,"author":{"gitId":"WEIJIE01"},"content":"    public static String scanInput() {","lastModifiedDate":"2026-01-30T15:49:19","isFullCredit":false},{"lineNumber":23,"author":{"gitId":"WEIJIE01"},"content":"        return sc.nextLine();","lastModifiedDate":"2026-01-30T15:49:19","isFullCredit":false},{"lineNumber":24,"author":{"gitId":"WEIJIE-01"},"content":"    }","lastModifiedDate":"2026-01-27T16:45:31","isFullCredit":false},{"lineNumber":25,"author":{"gitId":"WEIJIE01"},"content":"","lastModifiedDate":"2026-01-30T15:49:19","isFullCredit":false},{"lineNumber":26,"author":{"gitId":"WEIJIE01"},"content":"    public static boolean hasMoreInput() {","lastModifiedDate":"2026-01-30T15:49:19","isFullCredit":false},{"lineNumber":27,"author":{"gitId":"WEIJIE01"},"content":"        return sc.hasNextLine();","lastModifiedDate":"2026-01-30T15:49:19","isFullCredit":false},{"lineNumber":28,"author":{"gitId":"WEIJIE-01"},"content":"    }","lastModifiedDate":"2026-01-27T15:45:30","isFullCredit":false},{"lineNumber":29,"author":{"gitId":"WEIJIE-01"},"content":"","lastModifiedDate":"2026-01-27T15:45:30","isFullCredit":false},{"lineNumber":30,"author":{"gitId":"WEIJIE01"},"content":"    // Prints goodbye message.","lastModifiedDate":"2026-01-30T00:22:12","isFullCredit":false},{"lineNumber":31,"author":{"gitId":"WEIJIE01"},"content":"    public static void printExitMessage(){","lastModifiedDate":"2026-01-30T15:49:19","isFullCredit":false},{"lineNumber":32,"author":{"gitId":"WEIJIE01"},"content":"        System.out.printf(\"\\n%s Bye. Hope to see you again soon!\",BOT_LABEL);","lastModifiedDate":"2026-01-30T16:40:11","isFullCredit":false},{"lineNumber":33,"author":{"gitId":"WEIJIE-01"},"content":"    }","lastModifiedDate":"2026-01-27T15:17:26","isFullCredit":false},{"lineNumber":34,"author":{"gitId":"WEIJIE01"},"content":"","lastModifiedDate":"2026-01-28T00:21:48","isFullCredit":false},{"lineNumber":35,"author":{"gitId":"WEIJIE01"},"content":"    // Prints all task","lastModifiedDate":"2026-01-30T00:22:12","isFullCredit":false},{"lineNumber":36,"author":{"gitId":"WEIJIE01"},"content":"    public static void printTasks() {","lastModifiedDate":"2026-01-28T00:21:48","isFullCredit":false},{"lineNumber":37,"author":{"gitId":"WEIJIE01"},"content":"        System.out.println(\"\\n\" + BOT_LABEL + \" Tasklist:\");","lastModifiedDate":"2026-01-30T16:40:11","isFullCredit":false},{"lineNumber":38,"author":{"gitId":"WEIJIE01"},"content":"        for (int i \u003d 0; i \u003c TaskList.getSize(); i++) {","lastModifiedDate":"2026-01-28T00:21:48","isFullCredit":false},{"lineNumber":39,"author":{"gitId":"WEIJIE01"},"content":"            Task task \u003d TaskList.getTask(i);","lastModifiedDate":"2026-01-28T00:21:48","isFullCredit":false},{"lineNumber":40,"author":{"gitId":"WEIJIE01"},"content":"            System.out.printf(\"%s%d.%s\\n\",INDENTATION, i + 1, task.toString());","lastModifiedDate":"2026-01-30T16:40:11","isFullCredit":false},{"lineNumber":41,"author":{"gitId":"WEIJIE01"},"content":"        }","lastModifiedDate":"2026-01-28T00:21:48","isFullCredit":false},{"lineNumber":42,"author":{"gitId":"WEIJIE01"},"content":"    }","lastModifiedDate":"2026-01-28T00:21:48","isFullCredit":false},{"lineNumber":43,"author":{"gitId":"WEIJIE01"},"content":"","lastModifiedDate":"2026-01-28T00:21:48","isFullCredit":false},{"lineNumber":44,"author":{"gitId":"WEIJIE01"},"content":"    public static void printString(String msg) {","lastModifiedDate":"2026-01-30T00:22:12","isFullCredit":false},{"lineNumber":45,"author":{"gitId":"WEIJIE01"},"content":"        System.out.println(INDENTATION + msg);","lastModifiedDate":"2026-01-30T16:40:11","isFullCredit":false},{"lineNumber":46,"author":{"gitId":"WEIJIE01"},"content":"    }","lastModifiedDate":"2026-01-30T00:22:12","isFullCredit":false},{"lineNumber":47,"author":{"gitId":"WEIJIE01"},"content":"","lastModifiedDate":"2026-01-30T00:22:12","isFullCredit":false},{"lineNumber":48,"author":{"gitId":"WEIJIE01"},"content":"    public static void printErrorMsg(String errorMsg) {","lastModifiedDate":"2026-01-30T17:57:15","isFullCredit":false},{"lineNumber":49,"author":{"gitId":"WEIJIE01"},"content":"        System.out.println(\"\\n\" + BOT_LABEL + \" ERROR! \" + errorMsg);","lastModifiedDate":"2026-01-30T17:57:15","isFullCredit":false},{"lineNumber":50,"author":{"gitId":"WEIJIE01"},"content":"    }","lastModifiedDate":"2026-01-30T17:57:15","isFullCredit":false},{"lineNumber":51,"author":{"gitId":"WEIJIE01"},"content":"","lastModifiedDate":"2026-01-30T00:22:12","isFullCredit":false},{"lineNumber":52,"author":{"gitId":"WEIJIE01"},"content":"    public static void printNewTask(Task task) {","lastModifiedDate":"2026-01-30T00:22:12","isFullCredit":false},{"lineNumber":53,"author":{"gitId":"WEIJIE01"},"content":"        System.out.printf(\"\\n%s I have added a new task: %s\\n\", BOT_LABEL, task.name);","lastModifiedDate":"2026-01-30T16:40:11","isFullCredit":false},{"lineNumber":54,"author":{"gitId":"WEIJIE01"},"content":"    }","lastModifiedDate":"2026-01-30T00:22:12","isFullCredit":false},{"lineNumber":55,"author":{"gitId":"WEIJIE01"},"content":"","lastModifiedDate":"2026-01-30T00:22:12","isFullCredit":false},{"lineNumber":56,"author":{"gitId":"WEIJIE01"},"content":"    public static void printDeleteTask(Task task) {","lastModifiedDate":"2026-01-30T18:33:52","isFullCredit":false},{"lineNumber":57,"author":{"gitId":"WEIJIE01"},"content":"        System.out.printf(\"\\n%s I have removed this task: %s\\n\", BOT_LABEL, task.name);","lastModifiedDate":"2026-01-30T18:33:52","isFullCredit":false},{"lineNumber":58,"author":{"gitId":"WEIJIE01"},"content":"    }","lastModifiedDate":"2026-01-30T18:33:52","isFullCredit":false},{"lineNumber":59,"author":{"gitId":"WEIJIE01"},"content":"","lastModifiedDate":"2026-01-30T18:33:52","isFullCredit":false},{"lineNumber":60,"author":{"gitId":"WEIJIE01"},"content":"    public static void showMarkSuccess(Task task) {","lastModifiedDate":"2026-01-30T00:22:12","isFullCredit":false},{"lineNumber":61,"author":{"gitId":"WEIJIE01"},"content":"        System.out.printf(\"\\n%s Nice! I\u0027ve marked this task as done:\",BOT_LABEL);","lastModifiedDate":"2026-01-30T16:40:11","isFullCredit":false},{"lineNumber":62,"author":{"gitId":"WEIJIE01"},"content":"        System.out.println(task.toString());","lastModifiedDate":"2026-01-30T13:08:03","isFullCredit":false},{"lineNumber":63,"author":{"gitId":"WEIJIE01"},"content":"    }","lastModifiedDate":"2026-01-30T00:22:12","isFullCredit":false},{"lineNumber":64,"author":{"gitId":"WEIJIE01"},"content":"","lastModifiedDate":"2026-01-30T00:22:12","isFullCredit":false},{"lineNumber":65,"author":{"gitId":"WEIJIE01"},"content":"    public static void showUnmarkSuccess(Task task) {","lastModifiedDate":"2026-01-30T00:22:12","isFullCredit":false},{"lineNumber":66,"author":{"gitId":"WEIJIE01"},"content":"        System.out.printf(\"\\n%s OK, I\u0027ve marked this task as not done yet:\",BOT_LABEL);","lastModifiedDate":"2026-01-30T16:40:11","isFullCredit":false},{"lineNumber":67,"author":{"gitId":"WEIJIE01"},"content":"        System.out.println(task.toString());","lastModifiedDate":"2026-01-30T13:08:03","isFullCredit":false},{"lineNumber":68,"author":{"gitId":"WEIJIE01"},"content":"    }","lastModifiedDate":"2026-01-30T00:22:12","isFullCredit":false},{"lineNumber":69,"author":{"gitId":"WEIJIE-01"},"content":"}","lastModifiedDate":"2026-01-27T15:17:26","isFullCredit":false},{"lineNumber":70,"author":{"gitId":"WEIJIE-01"},"content":"","lastModifiedDate":"2026-01-27T15:17:26","isFullCredit":false},{"lineNumber":71,"author":{"gitId":"WEIJIE-01"},"content":"","lastModifiedDate":"2026-01-27T15:45:30","isFullCredit":false},{"lineNumber":72,"author":{"gitId":"WEIJIE-01"},"content":"","lastModifiedDate":"2026-01-27T15:45:30","isFullCredit":false}],"authorContributionMap":{"WEIJIE01":49,"WEIJIE-01":23}},{"path":"text-ui-test/input.txt","fileType":"txt","lines":[{"lineNumber":1,"author":{"gitId":"WEIJIE01"},"content":"todo run","lastModifiedDate":"2026-01-30T17:57:15","isFullCredit":false},{"lineNumber":2,"author":{"gitId":"WEIJIE01"},"content":"todo study","lastModifiedDate":"2026-01-30T17:57:15","isFullCredit":false},{"lineNumber":3,"author":{"gitId":"WEIJIE01"},"content":"mark 1","lastModifiedDate":"2026-01-30T15:49:19","isFullCredit":false},{"lineNumber":4,"author":{"gitId":"WEIJIE01"},"content":"unmark 1","lastModifiedDate":"2026-01-30T15:49:19","isFullCredit":false},{"lineNumber":5,"author":{"gitId":"WEIJIE01"},"content":"mark 2","lastModifiedDate":"2026-01-30T16:40:11","isFullCredit":false},{"lineNumber":6,"author":{"gitId":"WEIJIE01"},"content":"deadline assignment /by Fri","lastModifiedDate":"2026-01-30T15:49:19","isFullCredit":false},{"lineNumber":7,"author":{"gitId":"WEIJIE01"},"content":"event meeting /st 4pm /by 6pm","lastModifiedDate":"2026-01-30T15:49:19","isFullCredit":false},{"lineNumber":8,"author":{"gitId":"WEIJIE01"},"content":"list","lastModifiedDate":"2026-01-30T15:49:19","isFullCredit":false},{"lineNumber":9,"author":{"gitId":"WEIJIE01"},"content":"mark","lastModifiedDate":"2026-01-30T17:57:15","isFullCredit":false},{"lineNumber":10,"author":{"gitId":"WEIJIE01"},"content":"todo","lastModifiedDate":"2026-01-30T17:57:15","isFullCredit":false},{"lineNumber":11,"author":{"gitId":"WEIJIE01"},"content":"list","lastModifiedDate":"2026-01-30T17:57:15","isFullCredit":false},{"lineNumber":12,"author":{"gitId":"WEIJIE01"},"content":"deadline submission","lastModifiedDate":"2026-01-30T17:57:15","isFullCredit":false},{"lineNumber":13,"author":{"gitId":"WEIJIE01"},"content":"list","lastModifiedDate":"2026-01-30T17:57:15","isFullCredit":false},{"lineNumber":14,"author":{"gitId":"WEIJIE01"},"content":"delete 1","lastModifiedDate":"2026-01-30T18:33:52","isFullCredit":false},{"lineNumber":15,"author":{"gitId":"WEIJIE01"},"content":"delete 2","lastModifiedDate":"2026-01-30T18:33:52","isFullCredit":false},{"lineNumber":16,"author":{"gitId":"WEIJIE01"},"content":"list","lastModifiedDate":"2026-01-30T18:33:52","isFullCredit":false},{"lineNumber":17,"author":{"gitId":"WEIJIE01"},"content":"bye","lastModifiedDate":"2026-01-30T16:40:11","isFullCredit":false}],"authorContributionMap":{"WEIJIE01":17}}]
