{"authorDailyContributionsMap":{"Goh Wei Jie":[{"date":"2026-01-27T00:00:00","commitResults":[{"hash":"7868869fbcad56f8f91dec39d27d5676df31fdeb","isMergeCommit":true,"messageTitle":"Merge branch \u0027nus-cs2103de-ay2526s2:master\u0027 into master","messageBody":"","fileTypesAndContributionMap":{}}]}],"WEIJIE01":[{"date":"2026-01-26T00:00:00","commitResults":[{"hash":"2f4b0bc7df26b3530778bbfff2ecfdca8bd99578","isMergeCommit":false,"messageTitle":"Level-0: Rename, Greet, Exit","messageBody":"","tags":["Level0-CS2030DE"],"fileTypesAndContributionMap":{"java":{"insertions":12,"deletions":10},"md":{"insertions":1,"deletions":1}}}]},{"date":"2026-01-28T00:00:00","commitResults":[{"hash":"f5295027e5da44262fad17f497cd6140031ce040","isMergeCommit":false,"messageTitle":"Level 3: Mark as Done","messageBody":"","tags":["level-3"],"fileTypesAndContributionMap":{"java":{"insertions":122,"deletions":21}}}]},{"date":"2026-01-30T00:00:00","commitResults":[{"hash":"43bdb2a71fb72297db541a77bef36c2db21ff8a4","isMergeCommit":false,"messageTitle":"level-3","messageBody":"","fileTypesAndContributionMap":{"java":{"insertions":191,"deletions":92}}},{"hash":"3beaf17394986403f2df64c385ee3b671bef78f0","isMergeCommit":false,"messageTitle":"level-4: ToDo, Event, Deadline","messageBody":"","tags":["level-4"],"fileTypesAndContributionMap":{"java":{"insertions":103,"deletions":54}}},{"hash":"30195c929c369d458945f3d741733ea18c75b462","isMergeCommit":false,"messageTitle":"level-4:fixed events bug","messageBody":"","fileTypesAndContributionMap":{"txt":{"insertions":9,"deletions":0},"java":{"insertions":95,"deletions":33}}},{"hash":"9457931dc85c7f2e1e8f30a9477fab31488d9421","isMergeCommit":false,"messageTitle":"A-TextUiTesting: Automated Text UI Testing","messageBody":"","tags":["A-TextUiTesting"],"fileTypesAndContributionMap":{"txt":{"insertions":2,"deletions":1},"java":{"insertions":22,"deletions":18}}},{"hash":"af4203eaf44780de53dfc6f3f0631fd5710f7ee2","isMergeCommit":false,"messageTitle":"Level-5: Handle Errors","messageBody":"","tags":["lavel-5"],"fileTypesAndContributionMap":{"txt":{"insertions":7,"deletions":3},"java":{"insertions":73,"deletions":47}}},{"hash":"f81aa04e26787d3ce18a7f8c80e74453e80547cd","isMergeCommit":false,"messageTitle":"Level-6: Delete","messageBody":"","tags":["lavel-6"],"fileTypesAndContributionMap":{"txt":{"insertions":3,"deletions":0},"java":{"insertions":48,"deletions":19}}}]}],"WEIJIE-01":[{"date":"2026-01-27T00:00:00","commitResults":[{"hash":"5fdedc5a4854cb72e5e202ff521575052a87af8c","isMergeCommit":false,"messageTitle":"Level 0-Modify to coding standard","messageBody":"","tags":["Level-0"],"fileTypesAndContributionMap":{"java":{"insertions":27,"deletions":8}}},{"hash":"4cf5e0e80f1b9ccbdfd27f8afac1673078fee604","isMergeCommit":false,"messageTitle":"Level 1:Echo","messageBody":"","tags":["Level-1"],"fileTypesAndContributionMap":{"java":{"insertions":22,"deletions":0}}},{"hash":"e377bfddb7afc94da8c49e1b8bd0a56f3e57399d","isMergeCommit":false,"messageTitle":"Level 2: Add, List","messageBody":"","tags":["level-2"],"fileTypesAndContributionMap":{"java":{"insertions":55,"deletions":14}}}]}]},"authorFileTypeContributionMap":{"Goh Wei Jie":{"java":0,"md":0,"txt":0},"WEIJIE01":{"java":420,"md":1,"txt":17},"WEIJIE-01":{"java":44,"md":0,"txt":0}},"authorContributionVariance":{"Goh Wei Jie":0.0,"WEIJIE01":22031.756,"WEIJIE-01":511.56},"authorDisplayNameMap":{"Goh Wei Jie":"Goh Wei Jie","WEIJIE01":"WEIJIE01","WEIJIE-01":"WEIJIE-01"}}
