[{"path":"src/main/java/Cat.java","fileType":"java","lines":[{"lineNumber":1,"author":{"gitId":"Dia-R"},"content":"","lastModifiedDate":"2026-01-25T16:14:54","isFullCredit":false},{"lineNumber":2,"author":{"gitId":"Dia-R"},"content":"public class Cat {","lastModifiedDate":"2026-01-24T13:19:16","isFullCredit":false},{"lineNumber":3,"author":{"gitId":"Dia-R"},"content":"    public static void main(String[] args) {","lastModifiedDate":"2026-01-24T13:19:16","isFullCredit":false},{"lineNumber":4,"author":{"gitId":"Dia-R"},"content":"        ChatBot chatBot \u003d new ChatBot(\"Cat\");","lastModifiedDate":"2026-01-25T16:14:54","isFullCredit":false},{"lineNumber":5,"author":{"gitId":"Dia-R"},"content":"        chatBot.run();","lastModifiedDate":"2026-01-25T16:14:54","isFullCredit":false},{"lineNumber":6,"author":{"gitId":"Dia-R"},"content":"    }","lastModifiedDate":"2026-01-24T13:19:16","isFullCredit":false},{"lineNumber":7,"author":{"gitId":"Dia-R"},"content":"}","lastModifiedDate":"2026-01-24T13:19:16","isFullCredit":false}],"authorContributionMap":{"Dia-R":7}},{"path":"src/main/java/ChatBot.java","fileType":"java","lines":[{"lineNumber":1,"author":{"gitId":"Dia-R"},"content":"import java.util.Scanner;","lastModifiedDate":"2026-01-25T21:13:52","isFullCredit":false},{"lineNumber":2,"author":{"gitId":"Dia-R"},"content":"","lastModifiedDate":"2026-01-25T21:13:52","isFullCredit":false},{"lineNumber":3,"author":{"gitId":"Dia-R"},"content":"public class ChatBot {","lastModifiedDate":"2026-01-25T16:14:54","isFullCredit":false},{"lineNumber":4,"author":{"gitId":"Dia-R"},"content":"    private String name;","lastModifiedDate":"2026-01-25T16:14:54","isFullCredit":false},{"lineNumber":5,"author":{"gitId":"Dia-R"},"content":"    private boolean isRunning;","lastModifiedDate":"2026-01-25T16:14:54","isFullCredit":false},{"lineNumber":6,"author":{"gitId":"Dia-R"},"content":"    private Scanner scanner;","lastModifiedDate":"2026-01-25T21:13:52","isFullCredit":false},{"lineNumber":7,"author":{"gitId":"Dia-R"},"content":"","lastModifiedDate":"2026-01-25T16:14:54","isFullCredit":false},{"lineNumber":8,"author":{"gitId":"Dia-R"},"content":"    public ChatBot(String name) {","lastModifiedDate":"2026-01-25T16:14:54","isFullCredit":false},{"lineNumber":9,"author":{"gitId":"Dia-R"},"content":"        this.name \u003d name;","lastModifiedDate":"2026-01-25T16:14:54","isFullCredit":false},{"lineNumber":10,"author":{"gitId":"Dia-R"},"content":"        this.isRunning \u003d true;","lastModifiedDate":"2026-01-25T16:14:54","isFullCredit":false},{"lineNumber":11,"author":{"gitId":"Dia-R"},"content":"        this.scanner \u003d new Scanner(System.in);","lastModifiedDate":"2026-01-25T21:13:52","isFullCredit":false},{"lineNumber":12,"author":{"gitId":"Dia-R"},"content":"    }","lastModifiedDate":"2026-01-25T16:14:54","isFullCredit":false},{"lineNumber":13,"author":{"gitId":"Dia-R"},"content":"","lastModifiedDate":"2026-01-25T16:14:54","isFullCredit":false},{"lineNumber":14,"author":{"gitId":"Dia-R"},"content":"    public void run(){","lastModifiedDate":"2026-01-25T16:14:54","isFullCredit":false},{"lineNumber":15,"author":{"gitId":"Dia-R"},"content":"        helloUser();","lastModifiedDate":"2026-01-25T16:14:54","isFullCredit":false},{"lineNumber":16,"author":{"gitId":"Dia-R"},"content":"","lastModifiedDate":"2026-01-25T21:13:52","isFullCredit":false},{"lineNumber":17,"author":{"gitId":"Dia-R"},"content":"        while (isRunning) {","lastModifiedDate":"2026-01-25T21:13:52","isFullCredit":false},{"lineNumber":18,"author":{"gitId":"Dia-R"},"content":"            String userCommand \u003d scanner.nextLine();","lastModifiedDate":"2026-01-25T21:13:52","isFullCredit":false},{"lineNumber":19,"author":{"gitId":"Dia-R"},"content":"            executeCommand(userCommand);","lastModifiedDate":"2026-01-25T21:13:52","isFullCredit":false},{"lineNumber":20,"author":{"gitId":"Dia-R"},"content":"        }","lastModifiedDate":"2026-01-25T21:13:52","isFullCredit":false},{"lineNumber":21,"author":{"gitId":"Dia-R"},"content":"        byeUser();","lastModifiedDate":"2026-01-25T16:14:54","isFullCredit":false},{"lineNumber":22,"author":{"gitId":"Dia-R"},"content":"    }","lastModifiedDate":"2026-01-25T16:14:54","isFullCredit":false},{"lineNumber":23,"author":{"gitId":"Dia-R"},"content":"","lastModifiedDate":"2026-01-25T16:14:54","isFullCredit":false},{"lineNumber":24,"author":{"gitId":"Dia-R"},"content":"    private void helloUser() {","lastModifiedDate":"2026-01-25T16:14:54","isFullCredit":false},{"lineNumber":25,"author":{"gitId":"Dia-R"},"content":"        String hello \u003d \"Hello, furrr-iend! Do you need a helping paw?\";","lastModifiedDate":"2026-01-25T16:14:54","isFullCredit":false},{"lineNumber":26,"author":{"gitId":"Dia-R"},"content":"        System.out.println(hello);","lastModifiedDate":"2026-01-25T16:14:54","isFullCredit":false},{"lineNumber":27,"author":{"gitId":"Dia-R"},"content":"    }","lastModifiedDate":"2026-01-25T16:14:54","isFullCredit":false},{"lineNumber":28,"author":{"gitId":"Dia-R"},"content":"    private void byeUser() {","lastModifiedDate":"2026-01-25T16:14:54","isFullCredit":false},{"lineNumber":29,"author":{"gitId":"Dia-R"},"content":"        String hello \u003d \"Aww, see mew next time!\";","lastModifiedDate":"2026-01-25T16:14:54","isFullCredit":false},{"lineNumber":30,"author":{"gitId":"Dia-R"},"content":"        System.out.println(hello);","lastModifiedDate":"2026-01-25T16:14:54","isFullCredit":false},{"lineNumber":31,"author":{"gitId":"Dia-R"},"content":"    }","lastModifiedDate":"2026-01-25T16:14:54","isFullCredit":false},{"lineNumber":32,"author":{"gitId":"Dia-R"},"content":"","lastModifiedDate":"2026-01-25T21:13:52","isFullCredit":false},{"lineNumber":33,"author":{"gitId":"Dia-R"},"content":"    private void executeCommand(String userCommand) {","lastModifiedDate":"2026-01-25T21:13:52","isFullCredit":false},{"lineNumber":34,"author":{"gitId":"Dia-R"},"content":"        if (userCommand.equalsIgnoreCase(\"bye\")) {","lastModifiedDate":"2026-01-25T21:13:52","isFullCredit":false},{"lineNumber":35,"author":{"gitId":"Dia-R"},"content":"            isRunning \u003d false;","lastModifiedDate":"2026-01-25T21:13:52","isFullCredit":false},{"lineNumber":36,"author":{"gitId":"Dia-R"},"content":"        } else {","lastModifiedDate":"2026-01-25T21:13:52","isFullCredit":false},{"lineNumber":37,"author":{"gitId":"Dia-R"},"content":"            System.out.println(userCommand);","lastModifiedDate":"2026-01-25T21:13:52","isFullCredit":false},{"lineNumber":38,"author":{"gitId":"Dia-R"},"content":"        }","lastModifiedDate":"2026-01-25T21:13:52","isFullCredit":false},{"lineNumber":39,"author":{"gitId":"Dia-R"},"content":"    }","lastModifiedDate":"2026-01-25T21:13:52","isFullCredit":false},{"lineNumber":40,"author":{"gitId":"Dia-R"},"content":"}","lastModifiedDate":"2026-01-25T16:14:54","isFullCredit":false}],"authorContributionMap":{"Dia-R":40}}]
