{"authorDailyContributionsMap":{"Dia-R":[{"date":"2026-01-24T00:00:00","commitResults":[{"hash":"9d93345251fdb50eb0c3a18b19f207cd050f80d5","isMergeCommit":false,"messageTitle":"feat: implement Level-0: Rename, Greet, Exit tasks","messageBody":"","fileTypesAndContributionMap":{"java":{"insertions":8,"deletions":10}}}]},{"date":"2026-01-25T00:00:00","commitResults":[{"hash":"be4b94b134dfd4ee4b9a558dc33c283ae26c3b71","isMergeCommit":false,"messageTitle":"feat: modify Level-0 to include OOP","messageBody":"","tags":["Level-0"],"fileTypesAndContributionMap":{"java":{"insertions":26,"deletions":4}}},{"hash":"e7121283abbe200a3f22776ea7f48d2c7f44442c","isMergeCommit":false,"messageTitle":"feat: implement Level-1: Echo task","messageBody":"","tags":["Level-1"],"fileTypesAndContributionMap":{"java":{"insertions":17,"deletions":0}}}]}]},"authorFileTypeContributionMap":{"Dia-R":{"java":47,"md":0,"txt":0}},"authorContributionVariance":{"Dia-R":94.56},"authorDisplayNameMap":{"Dia-R":"Dia-R"}}
