{"authorDailyContributionsMap":{"PeterShanxin":[{"date":"2026-01-26T00:00:00","commitResults":[{"hash":"fa7856a57133e0e24143e671d566c8ca7a161f35","isMergeCommit":false,"messageTitle":"Add AI.md for iP.AI development tracking","messageBody":"","fileTypesAndContributionMap":{"md":{"insertions":15,"deletions":0}}},{"hash":"31d80d0df33558317342032c3d76216e17c081d5","isMergeCommit":false,"messageTitle":"Level-0: Rename Duke to MONDAY and implement greet/exit functionality","messageBody":"The project is using the Duke template from the course repository.\n\nThe project needs to be renamed to MONDAY to match the chosen chatbot\nname with a grumpy personality inspired by Wednesday Addams.\n\nLet\u0027s,\n* rename Duke.java to Monday.java\n* implement greet functionality that displays a grumpy greeting\n* implement exit functionality that accepts an \"exit\" command\n* update build.gradle to reference the new Monday class\n* update test scripts to run Monday instead of Duke\n* update test expectations and input files\n* update documentation to reflect MONDAY branding\n\nThe greet and exit functionality provides the foundation for future\nincrements. All Duke references have been removed from the codebase.\n","fileTypesAndContributionMap":{"txt":{"insertions":1,"deletions":0},"java":{"insertions":24,"deletions":10},"md":{"insertions":6,"deletions":12}}}]},{"date":"2026-01-27T00:00:00","commitResults":[{"hash":"04beb991089ea8149fe17d60209a9c038a6482ad","isMergeCommit":false,"messageTitle":"Level-0: Fix greet/exit to match grumpy personality","messageBody":"The AI\u0027s initial implementation had a polite tone that contradicts MONDAY\u0027s intended grumpy personality.\n\nMONDAY should be cynical (like Wednesday Addams) to appeal to power users who prefer efficiency over pleasantries.\n\nLet\u0027s correct the greeting and exit messages to match the specified grumpy personality and add horizontal separators.\n","fileTypesAndContributionMap":{"java":{"insertions":9,"deletions":3},"md":{"insertions":20,"deletions":1}}},{"hash":"4a62139078f27d9589b0c0d5a8746f91fda7a80a","isMergeCommit":false,"messageTitle":"Add command echoing and use \u0027bye\u0027 for exit","messageBody":"The application does not echo user commands and uses \u0027exit\u0027 to quit.\n\nEchoing commands provides feedback that input was received. Using \u0027bye\u0027\nas the exit command is more user-friendly and follows the specification.\n\nLet\u0027s change the exit command from \u0027exit\u0027 to \u0027bye\u0027 and add echoing for\nall non-exit commands to display user input wrapped in dividers.\n\nThe else block in the command loop handles the echoing case.\n","fileTypesAndContributionMap":{"txt":{"insertions":3,"deletions":1},"java":{"insertions":5,"deletions":1}}},{"hash":"12fbcf38da08186dfcfd179caad2a6106d1629f9","isMergeCommit":false,"messageTitle":"Update AI.md with Level-1 Echo development log","messageBody":"","tags":["Level-1"],"fileTypesAndContributionMap":{"md":{"insertions":12,"deletions":0}}},{"hash":"e552e009e4d631d4377fffacbe582759d87d1b55","isMergeCommit":false,"messageTitle":"Move Monday class to monday package and add Javadoc","messageBody":"Monday.java is in the default package without documentation.\n\nUsing a proper package structure improves code organization and\nfollows Java conventions. Adding Javadoc improves code readability.\n\nLet\u0027s,\n* move Monday.java to the monday package\n* add class-level Javadoc describing the chatbot\n* add method-level Javadoc for the main method\n* update build.gradle mainClass to monday.Monday\n* update test scripts to use the new package path\n","fileTypesAndContributionMap":{"java":{"insertions":13,"deletions":0}}},{"hash":"a3263935b94ea1c8bbc98bf4c60f7a25122cc136","isMergeCommit":false,"messageTitle":"Add task storage and listing functionality","messageBody":"MONDAY currently only echoes user input.\n\nUsers need a way to store and view tasks to make the chatbot useful for\ntask management.\n\nLet\u0027s add an in-memory task list that can:\n- Store up to 100 tasks\n- Display tasks with numbered list format\n- Handle edge cases (empty input, empty list, max tasks)\n\nThe implementation uses ArrayList for flexibility and maintains the grumpy\npersonality in all user messages.\n","fileTypesAndContributionMap":{"txt":{"insertions":2,"deletions":1},"java":{"insertions":28,"deletions":3},"md":{"insertions":35,"deletions":2}}},{"hash":"e53823de17918addc95bc1dfd6878263c1780ea0","isMergeCommit":false,"messageTitle":"Update AI.md with Level-2 development log","messageBody":"","tags":["Level-2"],"fileTypesAndContributionMap":{"md":{"insertions":16,"deletions":0}}},{"hash":"449994c538d4423e3ff152b36b3b3f6961d10316","isMergeCommit":false,"messageTitle":"Add mark and unmark commands for task completion status","messageBody":"Tasks are stored as strings without any completion status tracking.\n\nUsers need a way to mark tasks as done and not done to track their\nprogress.\n\nLet\u0027s add a Task class with completion status and implement mark/unmark\ncommands to toggle task completion state.\n\nThe Task class provides a foundation for future task enhancements such\nas deadlines and event types.\n","fileTypesAndContributionMap":{"java":{"insertions":153,"deletions":3},"md":{"insertions":38,"deletions":2}}},{"hash":"4ff1465f18b1f2f82fe190d045009acb758714e6","isMergeCommit":false,"messageTitle":"Refactor mark/unmark commands and improve code quality","messageBody":"Mark and unmark commands are case-sensitive while list and bye commands\nare case-insensitive. There is also code duplication between handleMark\nand handleUnmark methods, magic strings in Task class, and redundant\n.toString() calls in Monday class.\n\nThese issues reduce code maintainability and create inconsistent user\nexperience across commands.\n\nLet\u0027s,\n* make mark and unmark commands case-insensitive to match other commands\n* extract shared logic from handleMark/handleUnmark into a helper method\n* replace substring-based parsing with split on whitespace approach\n* extract magic strings \"[X]\" and \"[ ]\" as constants in Task class\n* make Task.description field final as it is never reassigned\n* remove redundant .toString() calls when printing tasks\n* update documentation examples to include LINE separators\n* document case-insensitivity for mark/unmark commands\n\nThese changes improve code quality by following DRY principle, eliminating\nmagic strings, and ensuring consistent command behavior across the codebase.\n","fileTypesAndContributionMap":{"java":{"insertions":40,"deletions":29},"md":{"insertions":8,"deletions":0}}},{"hash":"27725a71420b8127939975cae68a0eea340696de","isMergeCommit":false,"messageTitle":"docs: Add Level-3 development log and workflow observations","messageBody":"","tags":["Level-3"],"fileTypesAndContributionMap":{"md":{"insertions":37,"deletions":0}}},{"hash":"22a7955c1caa40dd9ebdd9f1bebc885f1bd11d9b","isMergeCommit":false,"messageTitle":"Add support for todo, deadline, and event task types","messageBody":"Tasks currently only support basic descriptions without date/time information.\n\nUsers need to track different types of tasks: simple todos, deadlines with due dates, and events with time ranges.\n\nLet\u0027s,\n* add getTypeIcon() and getFullDescription() methods to Task class\n* create ToDo, Deadline, and Event subclasses extending Task\n* add handleToDo(), handleDeadline(), and handleEvent() command handlers\n* update command detection to recognize todo/deadline/event commands\n* update text UI tests to verify all three task types\n* update user documentation with examples for each command\n\nThe inheritance-based design allows polymorphism, so existing mark/unmark/list commands work without modification. Each task type displays with a unique icon ([T], [D], [E]) and includes type-specific details in the description.\n","fileTypesAndContributionMap":{"txt":{"insertions":7,"deletions":2},"java":{"insertions":305,"deletions":2},"md":{"insertions":53,"deletions":10}}},{"hash":"44d8b32e3cd8deede2950ea38109d56db97b1fb0","isMergeCommit":false,"messageTitle":"Fix exception handling to use specific types","messageBody":"","fileTypesAndContributionMap":{"java":{"insertions":2,"deletions":2}}},{"hash":"ce0e0e22ce3c7452026c8ea0c8ab06100106f7e7","isMergeCommit":false,"messageTitle":"Document Level-4 implementation in AI.md","messageBody":"","tags":["Level-4"],"fileTypesAndContributionMap":{"md":{"insertions":14,"deletions":0}}},{"hash":"21822a7e2dca2ae4d972b6e295305b6f6016bbb6","isMergeCommit":false,"messageTitle":"Add dynamic greetings, help command, and exit alias","messageBody":"Monday uses a static greeting message and only accepts \"bye\" to exit.\nUsers have no way to discover available commands without reading source\ncode. Some users may expect \"exit\" to work as a standard command.\n\nThese enhancements improve user experience while maintaining Monday\u0027s\ngrumpy personality throughout the application.\n\nLet\u0027s,\n* add getGrumpyGreeting() method that returns day-specific greetings\n  using java.time.DayOfWeek\n* add handleHelp() method to display all available commands with\n  sarcastic descriptions\n* accept both \"bye\" and \"exit\" commands to terminate the application\n* update text UI tests to verify the new features work correctly\n\nUsing java.time.DayOfWeek provides accurate day detection without\nexternal dependencies. The help command maintains Monday\u0027s personality\nto stay consistent with the chatbot\u0027s character. Accepting \"exit\"\nimproves usability for users familiar with standard CLI conventions.\n","fileTypesAndContributionMap":{"txt":{"insertions":1,"deletions":0},"java":{"insertions":52,"deletions":2}}},{"hash":"b8e1598d6434df30ece69cca72e0da6d777af5a0","isMergeCommit":false,"messageTitle":"Refactor greeting messages to use helper method","messageBody":"","fileTypesAndContributionMap":{"java":{"insertions":23,"deletions":8}}},{"hash":"aca2cf80e68e040721cd7d4bd6bcee290ef39832","isMergeCommit":false,"messageTitle":"Response formatting: add blank lines around LINE separators","messageBody":"","fileTypesAndContributionMap":{"java":{"insertions":85,"deletions":80}}}]},{"date":"2026-01-28T00:00:00","commitResults":[{"hash":"1f6a633ef1aef534c9e966387c642464d181d7a5","isMergeCommit":false,"messageTitle":"Text UI Testing: implement comprehensive automated tests","messageBody":"Current testing only covers happy path scenarios.\n\nAutomated testing is needed to verify all command behaviors\nand error conditions without manual testing.\n\nLet\u0027s:\n- Add 8 focused test files covering all commands and error paths\n- Enhance test runners with pass/fail tracking and summary reports\n- Test 13 unique error messages plus happy path scenarios\n- Implement hybrid approach: multiple files for development,\n  single combined file for grading submission\n\nTest coverage includes:\n- Empty input and empty list error handling\n- Todo, deadline, and event command validation\n- Mark/unmark validation (non-numeric, out of range)\n- Case-insensitive command handling\n- Edge cases (non-command input, exit alias)\n","tags":["A-TextUiTesting"],"fileTypesAndContributionMap":{"txt":{"insertions":622,"deletions":0}}},{"hash":"aa092111ec5ae6e9638d91782afac7b77cf9c929","isMergeCommit":false,"messageTitle":"AI.md: document A-TextUiTesting increment","messageBody":"","fileTypesAndContributionMap":{"md":{"insertions":13,"deletions":0}}},{"hash":"b5f4fda00aae08495730035cf78c843e6ccfbacc","isMergeCommit":false,"messageTitle":"Error Handling: detect and reject all invalid user inputs","messageBody":"Unknown commands and malformed inputs are currently being added as tasks.\nUsers receive no feedback when they enter invalid commands like \"todo\" (without\ndescription) or unknown words like \"blah\".\n\nLet\u0027s,\n* Add helper methods to extract command words and validate known commands\n* Refactor main command loop to use precise command detection\n* Handle command-only inputs (e.g., \"todo\", \"mark\") with specific errors\n* Show error messages for unknown commands instead of adding them as tasks\n* Update test expectations to reflect new error handling behavior\n\nThis provides clear, immediate feedback for all invalid inputs while maintaining\nMONDAY\u0027s grumpy personality throughout error messages.\n","fileTypesAndContributionMap":{"txt":{"insertions":14,"deletions":20},"java":{"insertions":85,"deletions":23}}},{"hash":"68930dadc53840093dc7fdb162301db9dd3bec8a","isMergeCommit":false,"messageTitle":"Code review: remove unused isKnownCommand() method","messageBody":"The isKnownCommand() helper method was implemented but never used.\nCommand dispatch works through the if-else chain with a final else\nblock for unknown commands, making this method unnecessary.\n\nThis is a code quality cleanup based on reviewer feedback.\n","tags":["Level-5"],"fileTypesAndContributionMap":{"java":{"insertions":0,"deletions":14}}},{"hash":"92e1485fca4544d13a6d80843e23e3632e55ada7","isMergeCommit":false,"messageTitle":"AI.md: document Level-5 error handling increment","messageBody":"","fileTypesAndContributionMap":{"md":{"insertions":15,"deletions":0}}},{"hash":"932b0cb7f2857111899b9cdafa193a123f6da97c","isMergeCommit":false,"messageTitle":"Add delete command to remove tasks from list","messageBody":"Users cannot remove tasks from the list once added.\n\nA delete command is needed for task management flexibility, allowing\nusers to remove completed or unwanted tasks.\n\nLet\u0027s add a delete command that:\n* adds handleTaskRemoval() helper method for task deletion logic\n* adds handleDelete() wrapper method following mark/unmark pattern\n* routes delete command in main() with proper error handling\n* updates help text to include delete command\n* adds comprehensive test cases for all delete scenarios\n\nThe implementation follows the existing mark/unmark command pattern\nfor consistency and reuses validation methods for error handling.\n","tags":["Level-6"],"fileTypesAndContributionMap":{"txt":{"insertions":121,"deletions":0},"java":{"insertions":48,"deletions":0}}},{"hash":"2e3173a55407c437c20027cd54b47e9ca08d8fc1","isMergeCommit":false,"messageTitle":"AI.md: document Level-6 delete command increment","messageBody":"","fileTypesAndContributionMap":{"md":{"insertions":15,"deletions":0}}},{"hash":"a4a69d5ac1cfc732c1f902f7f2d34304837d9c93","isMergeCommit":false,"messageTitle":"A-Enums: Use Java enums to replace hardcoded strings","messageBody":"The codebase uses hardcoded strings for task icons, parameter prefixes,\nand command words. These scattered string literals are error-prone and\nmake the code harder to maintain.\n\nUsing enums provides type safety, prevents typos, and centralizes all\nconstants in one place. Adding new commands or task types becomes\nsimpler and safer.\n\nLet\u0027s introduce three Java enums:\n* TaskType enum - centralizes task type icons ([T], [D], [E], [])\n* TaskPrefix enum - centralizes parameter prefixes (/by, /from, /to)\n* CommandType enum - centralizes command words with alias support\n\nEnums demonstrate proper Java features including state (icon strings),\nmethods (getIcon(), getPrefix(), getCommand()), factory methods\n(fromString()), and switch statement compatibility. The CommandType\nenum also supports command aliases (e.g., \"exit\" → \"bye\").\n\nThis improves code quality by providing compiler checks and IDE\nauto-completion while maintaining all existing functionality.\n","tags":["A-Enums"],"fileTypesAndContributionMap":{"txt":{"insertions":3,"deletions":0},"java":{"insertions":243,"deletions":29}}},{"hash":"8d91b71c8a296ce3dd5aca57d84cff1422f596d2","isMergeCommit":false,"messageTitle":"AI.md: document A-Enums increment","messageBody":"","fileTypesAndContributionMap":{"md":{"insertions":14,"deletions":0}}},{"hash":"d563af337ec54bc82e691423f641cef35b48dec1","isMergeCommit":false,"messageTitle":"Greeting: add current date display and update help text formatting","messageBody":"The greeting message does not show the current date, making the\nday-specific message less contextual. Additionally, the help text\nformatting could be improved for better readability.\n\nLet\u0027s add a date display line before the day-specific message and update\nthe help text to use parenthetical formatting.\n\nThe date display helps users understand what day it is when seeing the\nday-specific message, and the parenthetical format makes the help text\nfeel more conversational.\n","fileTypesAndContributionMap":{"java":{"insertions":21,"deletions":15}}},{"hash":"82a52169dda617cd3303168e244af953bea172e3","isMergeCommit":false,"messageTitle":"Greeting: ensure English locale for date formatting","messageBody":"","fileTypesAndContributionMap":{"java":{"insertions":2,"deletions":1}}}]}]},"authorFileTypeContributionMap":{"PeterShanxin":{"java":923,"md":297,"txt":750}},"authorContributionVariance":{"PeterShanxin":98481.48},"authorDisplayNameMap":{"PeterShanxin":"PeterShanxin"}}
