[{"path":"src/main/java/Duck.java","fileType":"java","lines":[{"lineNumber":1,"author":{"gitId":"cheranlee"},"content":"/**","lastModifiedDate":"2026-01-25T22:51:29","isFullCredit":false},{"lineNumber":2,"author":{"gitId":"cheranlee"},"content":" * Error Detection","lastModifiedDate":"2026-01-25T22:51:29","isFullCredit":false},{"lineNumber":3,"author":{"gitId":"cheranlee"},"content":" * Note: Refer to input.txt in text-ui-test folder to see examples of the following errors","lastModifiedDate":"2026-01-25T23:47:37","isFullCredit":false},{"lineNumber":4,"author":{"gitId":"cheranlee"},"content":" * 1. Commands are not case sensitive (ie List will be recognised as list)","lastModifiedDate":"2026-01-25T22:51:29","isFullCredit":false},{"lineNumber":5,"author":{"gitId":"cheranlee"},"content":" * 2. Command not recognised (list/todo/deadline/...)","lastModifiedDate":"2026-01-25T22:51:29","isFullCredit":false},{"lineNumber":6,"author":{"gitId":"cheranlee"},"content":" * 3. Missing / Wrong keyword for the wrong command (e.g. using start/end for deadline)","lastModifiedDate":"2026-01-25T22:51:29","isFullCredit":false},{"lineNumber":7,"author":{"gitId":"cheranlee"},"content":" * 4. Missing description / deadline / start \u0026 end","lastModifiedDate":"2026-01-25T22:51:29","isFullCredit":false},{"lineNumber":8,"author":{"gitId":"cheranlee"},"content":" * 5. Mark/Unmark/Delete item number out of range (task index does not exist in list)","lastModifiedDate":"2026-01-25T23:47:37","isFullCredit":false},{"lineNumber":9,"author":{"gitId":"cheranlee"},"content":" * 6. Mark/Unmark/Delete invalid task number (e.g. mark 2a, mark   , mark -1)","lastModifiedDate":"2026-01-25T23:47:37","isFullCredit":false},{"lineNumber":10,"author":{"gitId":"cheranlee"},"content":" * 7. Mark task that has been marked (\u0026 vice versa)","lastModifiedDate":"2026-01-25T23:47:37","isFullCredit":false},{"lineNumber":11,"author":{"gitId":"cheranlee"},"content":" */","lastModifiedDate":"2026-01-25T22:51:29","isFullCredit":false},{"lineNumber":12,"author":{"gitId":"cheranlee"},"content":"","lastModifiedDate":"2026-01-25T22:51:29","isFullCredit":false},{"lineNumber":13,"author":{"gitId":"cheranlee"},"content":"import java.io.IOException;","lastModifiedDate":"2026-01-24T20:36:57","isFullCredit":false},{"lineNumber":14,"author":{"gitId":"cheranlee"},"content":"import java.util.Scanner;","lastModifiedDate":"2026-01-24T12:07:48","isFullCredit":false},{"lineNumber":15,"author":{"gitId":"cheranlee"},"content":"","lastModifiedDate":"2026-01-24T12:07:48","isFullCredit":false},{"lineNumber":16,"author":{"gitId":"cheranlee"},"content":"public class Duck {","lastModifiedDate":"2026-01-24T00:42:52","isFullCredit":false},{"lineNumber":17,"author":{"gitId":"cheranlee"},"content":"    public static void main(String[] args) {","lastModifiedDate":"2026-01-24T00:42:52","isFullCredit":false},{"lineNumber":18,"author":{"gitId":"cheranlee"},"content":"        System.out.println(\"-------------------------------------------------------------\");","lastModifiedDate":"2026-01-24T00:42:52","isFullCredit":false},{"lineNumber":19,"author":{"gitId":"cheranlee"},"content":"        System.out.println(\"Quack! I\u0027m Duck.\\nWhat can I do for you?\");","lastModifiedDate":"2026-01-24T00:42:52","isFullCredit":false},{"lineNumber":20,"author":{"gitId":"cheranlee"},"content":"        System.out.println(\"-------------------------------------------------------------\");","lastModifiedDate":"2026-01-24T00:42:52","isFullCredit":false},{"lineNumber":21,"author":{"gitId":"cheranlee"},"content":"        System.out.println(\"Enter any of the following commands:\");","lastModifiedDate":"2026-01-25T22:51:29","isFullCredit":false},{"lineNumber":22,"author":{"gitId":"cheranlee"},"content":"        System.out.println(\"1. list : Print out task list\");","lastModifiedDate":"2026-01-25T22:51:29","isFullCredit":false},{"lineNumber":23,"author":{"gitId":"cheranlee"},"content":"        System.out.println(\"2. mark X : Mark task X (integer) as done\");","lastModifiedDate":"2026-01-25T22:51:29","isFullCredit":false},{"lineNumber":24,"author":{"gitId":"cheranlee"},"content":"        System.out.println(\"3. unmark X : Mark task X (integer) as not done\");","lastModifiedDate":"2026-01-25T22:51:29","isFullCredit":false},{"lineNumber":25,"author":{"gitId":"cheranlee"},"content":"        System.out.println(\"4. todo task : Add tasks without any date/time attached to it\");","lastModifiedDate":"2026-01-25T22:51:29","isFullCredit":false},{"lineNumber":26,"author":{"gitId":"cheranlee"},"content":"        System.out.println(\"5. deadline task by date : Add task that needs to be done by a specific date/time\");","lastModifiedDate":"2026-01-25T22:51:29","isFullCredit":false},{"lineNumber":27,"author":{"gitId":"cheranlee"},"content":"        System.out.println(\"6. event task start date1 end date2 : Add task that start and end at specific dates/times\");","lastModifiedDate":"2026-01-25T22:51:29","isFullCredit":false},{"lineNumber":28,"author":{"gitId":"cheranlee"},"content":"        System.out.println(\"7. delete X : Delete task X (integer) from list\");","lastModifiedDate":"2026-01-26T00:01:37","isFullCredit":false},{"lineNumber":29,"author":{"gitId":"cheranlee"},"content":"        System.out.println(\"8. bye : End the Program\");","lastModifiedDate":"2026-01-26T00:01:37","isFullCredit":false},{"lineNumber":30,"author":{"gitId":"cheranlee"},"content":"        System.out.println(\"-------------------------------------------------------------\\n\");","lastModifiedDate":"2026-01-25T22:51:29","isFullCredit":false},{"lineNumber":31,"author":{"gitId":"cheranlee"},"content":"","lastModifiedDate":"2026-01-24T12:07:48","isFullCredit":false},{"lineNumber":32,"author":{"gitId":"cheranlee"},"content":"        NewList MasterList \u003d new NewList();","lastModifiedDate":"2026-01-24T13:03:07","isFullCredit":false},{"lineNumber":33,"author":{"gitId":"cheranlee"},"content":"        Scanner new_object \u003d new Scanner(System.in);","lastModifiedDate":"2026-01-24T12:07:48","isFullCredit":false},{"lineNumber":34,"author":{"gitId":"cheranlee"},"content":"        String command \u003d new_object.nextLine();","lastModifiedDate":"2026-01-24T12:07:48","isFullCredit":false},{"lineNumber":35,"author":{"gitId":"cheranlee"},"content":"        command \u003d command.toLowerCase();","lastModifiedDate":"2026-01-25T22:51:29","isFullCredit":false},{"lineNumber":36,"author":{"gitId":"cheranlee"},"content":"        while (!command.contains(\"bye\")) {","lastModifiedDate":"2026-01-24T12:07:48","isFullCredit":false},{"lineNumber":37,"author":{"gitId":"cheranlee"},"content":"            if (command.contains(\"list\")) {","lastModifiedDate":"2026-01-24T13:03:07","isFullCredit":false},{"lineNumber":38,"author":{"gitId":"cheranlee"},"content":"                System.out.println(MasterList.toString());","lastModifiedDate":"2026-01-24T13:03:07","isFullCredit":false},{"lineNumber":39,"author":{"gitId":"cheranlee"},"content":"            } else if (command.contains(\"mark\") || command.contains(\"unmark\")) {","lastModifiedDate":"2026-01-25T22:51:29","isFullCredit":false},{"lineNumber":40,"author":{"gitId":"cheranlee"},"content":"                command \u003d command.trim();","lastModifiedDate":"2026-01-25T23:47:37","isFullCredit":false},{"lineNumber":41,"author":{"gitId":"cheranlee"},"content":"                int space_pos \u003d command.indexOf(\" \");","lastModifiedDate":"2026-01-25T23:47:37","isFullCredit":false},{"lineNumber":42,"author":{"gitId":"cheranlee"},"content":"                if (space_pos \u003d\u003d -1) {","lastModifiedDate":"2026-01-25T23:47:37","isFullCredit":false},{"lineNumber":43,"author":{"gitId":"cheranlee"},"content":"                    System.out.println(\"ERROR! Mark/Unmark command must have an integer index behind\");","lastModifiedDate":"2026-01-25T23:47:37","isFullCredit":false},{"lineNumber":44,"author":{"gitId":"cheranlee"},"content":"                } else {","lastModifiedDate":"2026-01-25T23:47:37","isFullCredit":false},{"lineNumber":45,"author":{"gitId":"cheranlee"},"content":"                    String sub_command \u003d command.substring(space_pos + 1);","lastModifiedDate":"2026-01-25T23:47:37","isFullCredit":false},{"lineNumber":46,"author":{"gitId":"cheranlee"},"content":"                    sub_command \u003d sub_command.trim();","lastModifiedDate":"2026-01-25T23:47:37","isFullCredit":false},{"lineNumber":47,"author":{"gitId":"cheranlee"},"content":"                    try {","lastModifiedDate":"2026-01-25T23:47:37","isFullCredit":false},{"lineNumber":48,"author":{"gitId":"cheranlee"},"content":"                        int idx \u003d Integer.parseInt(sub_command);","lastModifiedDate":"2026-01-25T23:47:37","isFullCredit":false},{"lineNumber":49,"author":{"gitId":"cheranlee"},"content":"                        idx \u003d idx - 1;","lastModifiedDate":"2026-01-25T23:47:37","isFullCredit":false},{"lineNumber":50,"author":{"gitId":"cheranlee"},"content":"                        if (idx \u003c MasterList.size() \u0026\u0026 idx \u003e\u003d 0) {","lastModifiedDate":"2026-01-25T23:47:37","isFullCredit":false},{"lineNumber":51,"author":{"gitId":"cheranlee"},"content":"                            try {","lastModifiedDate":"2026-01-24T20:36:57","isFullCredit":false},{"lineNumber":52,"author":{"gitId":"cheranlee"},"content":"                                if (command.contains(\"unmark\")) {    //UNMARK","lastModifiedDate":"2026-01-24T20:36:57","isFullCredit":false},{"lineNumber":53,"author":{"gitId":"cheranlee"},"content":"                                    MasterList.markUnmarkItem(false, idx);","lastModifiedDate":"2026-01-25T23:47:37","isFullCredit":false},{"lineNumber":54,"author":{"gitId":"cheranlee"},"content":"                                } else {                             // MARK","lastModifiedDate":"2026-01-24T20:36:57","isFullCredit":false},{"lineNumber":55,"author":{"gitId":"cheranlee"},"content":"                                    MasterList.markUnmarkItem(true, idx);","lastModifiedDate":"2026-01-25T23:47:37","isFullCredit":false},{"lineNumber":56,"author":{"gitId":"cheranlee"},"content":"                                }","lastModifiedDate":"2026-01-24T20:36:57","isFullCredit":false},{"lineNumber":57,"author":{"gitId":"cheranlee"},"content":"                            } catch (IllegalArgumentException ex) {","lastModifiedDate":"2026-01-24T20:36:57","isFullCredit":false},{"lineNumber":58,"author":{"gitId":"cheranlee"},"content":"                                if (ex.getMessage().contains(\"Not\")) {","lastModifiedDate":"2026-01-24T20:36:57","isFullCredit":false},{"lineNumber":59,"author":{"gitId":"cheranlee"},"content":"                                    System.out.println(\"\\tItem already marked as not done!\");","lastModifiedDate":"2026-01-24T20:36:57","isFullCredit":false},{"lineNumber":60,"author":{"gitId":"cheranlee"},"content":"                                } else {","lastModifiedDate":"2026-01-24T20:36:57","isFullCredit":false},{"lineNumber":61,"author":{"gitId":"cheranlee"},"content":"                                    System.out.println(\"\\tItem already marked as done!\");","lastModifiedDate":"2026-01-24T20:36:57","isFullCredit":false},{"lineNumber":62,"author":{"gitId":"cheranlee"},"content":"                                }","lastModifiedDate":"2026-01-24T20:36:57","isFullCredit":false},{"lineNumber":63,"author":{"gitId":"cheranlee"},"content":"                            }","lastModifiedDate":"2026-01-25T23:47:37","isFullCredit":false},{"lineNumber":64,"author":{"gitId":"cheranlee"},"content":"                        } else {","lastModifiedDate":"2026-01-25T23:47:37","isFullCredit":false},{"lineNumber":65,"author":{"gitId":"cheranlee"},"content":"                            System.out.println(\"ERROR! Item Number out of range\");","lastModifiedDate":"2026-01-25T23:47:37","isFullCredit":false},{"lineNumber":66,"author":{"gitId":"cheranlee"},"content":"                        }","lastModifiedDate":"2026-01-25T23:47:37","isFullCredit":false},{"lineNumber":67,"author":{"gitId":"cheranlee"},"content":"                    } catch (NumberFormatException ex2) {","lastModifiedDate":"2026-01-25T23:47:37","isFullCredit":false},{"lineNumber":68,"author":{"gitId":"cheranlee"},"content":"                        System.out.println(\"ERROR! Index not a valid number\");","lastModifiedDate":"2026-01-25T23:47:37","isFullCredit":false},{"lineNumber":69,"author":{"gitId":"cheranlee"},"content":"                    }","lastModifiedDate":"2026-01-25T23:47:37","isFullCredit":false},{"lineNumber":70,"author":{"gitId":"cheranlee"},"content":"                }","lastModifiedDate":"2026-01-24T20:36:57","isFullCredit":false},{"lineNumber":71,"author":{"gitId":"cheranlee"},"content":"            } else if (command.contains(\"todo\") || command.contains(\"deadline\") || command.contains(\"event\")) {","lastModifiedDate":"2026-01-25T22:51:29","isFullCredit":false},{"lineNumber":72,"author":{"gitId":"cheranlee"},"content":"                command \u003d command.trim();","lastModifiedDate":"2026-01-25T15:10:12","isFullCredit":false},{"lineNumber":73,"author":{"gitId":"cheranlee"},"content":"                int space_pos \u003d command.indexOf(\" \");","lastModifiedDate":"2026-01-25T15:10:12","isFullCredit":false},{"lineNumber":74,"author":{"gitId":"cheranlee"},"content":"                if (space_pos \u003d\u003d -1) {","lastModifiedDate":"2026-01-25T22:51:29","isFullCredit":false},{"lineNumber":75,"author":{"gitId":"cheranlee"},"content":"                    System.out.println(\"ERROR! Description of Task cannot be empty\");  // to catch cases where only todo deadline event are the input","lastModifiedDate":"2026-01-25T22:51:29","isFullCredit":false},{"lineNumber":76,"author":{"gitId":"cheranlee"},"content":"                } else {","lastModifiedDate":"2026-01-25T22:51:29","isFullCredit":false},{"lineNumber":77,"author":{"gitId":"cheranlee"},"content":"                    String sub_command \u003d command.substring(space_pos + 1);","lastModifiedDate":"2026-01-25T15:10:12","isFullCredit":false},{"lineNumber":78,"author":{"gitId":"cheranlee"},"content":"                    sub_command \u003d sub_command.trim();","lastModifiedDate":"2026-01-25T15:10:12","isFullCredit":false},{"lineNumber":79,"author":{"gitId":"cheranlee"},"content":"                    int by_datetime_pos \u003d sub_command.indexOf(\"by\");","lastModifiedDate":"2026-01-25T22:51:29","isFullCredit":false},{"lineNumber":80,"author":{"gitId":"cheranlee"},"content":"                    int start_datetime_pos \u003d sub_command.indexOf(\"start\");","lastModifiedDate":"2026-01-25T22:51:29","isFullCredit":false},{"lineNumber":81,"author":{"gitId":"cheranlee"},"content":"                    int end_datetime_pos \u003d sub_command.indexOf(\"end\");","lastModifiedDate":"2026-01-25T22:51:29","isFullCredit":false},{"lineNumber":82,"author":{"gitId":"cheranlee"},"content":"                    if (command.contains(\"todo\")) {  // no date or time attached","lastModifiedDate":"2026-01-25T15:10:12","isFullCredit":false},{"lineNumber":83,"author":{"gitId":"cheranlee"},"content":"                        if (by_datetime_pos \u003d\u003d -1 \u0026\u0026 start_datetime_pos \u003d\u003d -1 \u0026\u0026 end_datetime_pos \u003d\u003d -1) {","lastModifiedDate":"2026-01-25T22:51:29","isFullCredit":false},{"lineNumber":84,"author":{"gitId":"cheranlee"},"content":"                            MasterList.addItem(new Item(sub_command, TaskType.ToDos));","lastModifiedDate":"2026-01-25T15:10:12","isFullCredit":false},{"lineNumber":85,"author":{"gitId":"cheranlee"},"content":"                        } else {  // error if (by), (start), (end) are in user input","lastModifiedDate":"2026-01-25T22:51:29","isFullCredit":false},{"lineNumber":86,"author":{"gitId":"cheranlee"},"content":"                            System.out.println(\"ERROR! Todo task should not have deadline, start or end date\");","lastModifiedDate":"2026-01-25T22:51:29","isFullCredit":false},{"lineNumber":87,"author":{"gitId":"cheranlee"},"content":"                        }","lastModifiedDate":"2026-01-25T22:51:29","isFullCredit":false},{"lineNumber":88,"author":{"gitId":"cheranlee"},"content":"                    } else if (command.contains(\"deadline\")) {  // (by) date \u0026 time","lastModifiedDate":"2026-01-25T22:51:29","isFullCredit":false},{"lineNumber":89,"author":{"gitId":"cheranlee"},"content":"                        if (by_datetime_pos !\u003d -1 \u0026\u0026 start_datetime_pos \u003d\u003d -1 \u0026\u0026 end_datetime_pos \u003d\u003d -1) {","lastModifiedDate":"2026-01-25T22:51:29","isFullCredit":false},{"lineNumber":90,"author":{"gitId":"cheranlee"},"content":"                            String by_datetime \u003d sub_command.substring(by_datetime_pos + 2);","lastModifiedDate":"2026-01-25T22:51:29","isFullCredit":false},{"lineNumber":91,"author":{"gitId":"cheranlee"},"content":"                            String description \u003d sub_command.substring(0, by_datetime_pos);","lastModifiedDate":"2026-01-25T15:10:12","isFullCredit":false},{"lineNumber":92,"author":{"gitId":"cheranlee"},"content":"                            if (description.isBlank() || by_datetime.isBlank()) {  // check if by or description field are blank","lastModifiedDate":"2026-01-25T22:51:29","isFullCredit":false},{"lineNumber":93,"author":{"gitId":"cheranlee"},"content":"                                System.out.println(\"ERROR! Description / Deadline of Task cannot be empty\");","lastModifiedDate":"2026-01-25T22:51:29","isFullCredit":false},{"lineNumber":94,"author":{"gitId":"cheranlee"},"content":"                            } else {","lastModifiedDate":"2026-01-25T22:51:29","isFullCredit":false},{"lineNumber":95,"author":{"gitId":"cheranlee"},"content":"                                String new_string \u003d description + \" (by: \" + by_datetime + \")\";","lastModifiedDate":"2026-01-25T15:10:12","isFullCredit":false},{"lineNumber":96,"author":{"gitId":"cheranlee"},"content":"                                MasterList.addItem(new Item(new_string, TaskType.Deadlines));","lastModifiedDate":"2026-01-25T15:10:12","isFullCredit":false},{"lineNumber":97,"author":{"gitId":"cheranlee"},"content":"                            }","lastModifiedDate":"2026-01-25T22:51:29","isFullCredit":false},{"lineNumber":98,"author":{"gitId":"cheranlee"},"content":"                        } else {  // error if (by) does not appear of if (start) or (end) are in user input","lastModifiedDate":"2026-01-25T22:51:29","isFullCredit":false},{"lineNumber":99,"author":{"gitId":"cheranlee"},"content":"                            System.out.println(\"ERROR! Deadline task must have a Deadline (keyword: by). It also should not have a start or end date\");","lastModifiedDate":"2026-01-25T22:51:29","isFullCredit":false},{"lineNumber":100,"author":{"gitId":"cheranlee"},"content":"                        }","lastModifiedDate":"2026-01-25T22:51:29","isFullCredit":false},{"lineNumber":101,"author":{"gitId":"cheranlee"},"content":"                    } else if (command.contains(\"event\")) {   // (start) (end) date \u0026 time","lastModifiedDate":"2026-01-25T22:51:29","isFullCredit":false},{"lineNumber":102,"author":{"gitId":"cheranlee"},"content":"                        if (by_datetime_pos \u003d\u003d -1 \u0026\u0026 start_datetime_pos !\u003d -1 \u0026\u0026 end_datetime_pos !\u003d -1) {","lastModifiedDate":"2026-01-25T22:51:29","isFullCredit":false},{"lineNumber":103,"author":{"gitId":"cheranlee"},"content":"                            String start_datetime \u003d sub_command.substring(start_datetime_pos + 5, end_datetime_pos - 1);","lastModifiedDate":"2026-01-25T23:47:37","isFullCredit":false},{"lineNumber":104,"author":{"gitId":"cheranlee"},"content":"                            String end_datetime \u003d sub_command.substring(end_datetime_pos + 3);","lastModifiedDate":"2026-01-25T23:47:37","isFullCredit":false},{"lineNumber":105,"author":{"gitId":"cheranlee"},"content":"                            String description \u003d sub_command.substring(0, start_datetime_pos);","lastModifiedDate":"2026-01-25T15:10:12","isFullCredit":false},{"lineNumber":106,"author":{"gitId":"cheranlee"},"content":"                            if (start_datetime.isBlank() || end_datetime.isBlank() || description.isBlank()) {   // check if description / start / end field are blank","lastModifiedDate":"2026-01-25T22:51:29","isFullCredit":false},{"lineNumber":107,"author":{"gitId":"cheranlee"},"content":"                                System.out.println(\"ERROR! Description / End / Start cannot be empty\");","lastModifiedDate":"2026-01-25T22:51:29","isFullCredit":false},{"lineNumber":108,"author":{"gitId":"cheranlee"},"content":"                            } else {","lastModifiedDate":"2026-01-25T22:51:29","isFullCredit":false},{"lineNumber":109,"author":{"gitId":"cheranlee"},"content":"                                String new_string \u003d description + \" (start: \" + start_datetime + \") (end: \" + end_datetime + \")\";","lastModifiedDate":"2026-01-25T15:10:12","isFullCredit":false},{"lineNumber":110,"author":{"gitId":"cheranlee"},"content":"                                MasterList.addItem(new Item(new_string, TaskType.Events));","lastModifiedDate":"2026-01-25T15:10:12","isFullCredit":false},{"lineNumber":111,"author":{"gitId":"cheranlee"},"content":"                            }","lastModifiedDate":"2026-01-25T15:10:12","isFullCredit":false},{"lineNumber":112,"author":{"gitId":"cheranlee"},"content":"                        } else { // error if (by) appears or if (start) or (end) are not in the user input","lastModifiedDate":"2026-01-25T22:51:29","isFullCredit":false},{"lineNumber":113,"author":{"gitId":"cheranlee"},"content":"                            System.out.println(\"ERROR! Event task must have a start and end date (keywords: start, end). It also should not have a deadline\");","lastModifiedDate":"2026-01-25T22:51:29","isFullCredit":false},{"lineNumber":114,"author":{"gitId":"cheranlee"},"content":"                        }","lastModifiedDate":"2026-01-25T15:10:12","isFullCredit":false},{"lineNumber":115,"author":{"gitId":"cheranlee"},"content":"                    }","lastModifiedDate":"2026-01-25T15:10:12","isFullCredit":false},{"lineNumber":116,"author":{"gitId":"cheranlee"},"content":"                }","lastModifiedDate":"2026-01-24T13:03:07","isFullCredit":false},{"lineNumber":117,"author":{"gitId":"cheranlee"},"content":"            } else if (command.contains(\"delete\")){","lastModifiedDate":"2026-01-25T23:47:37","isFullCredit":false},{"lineNumber":118,"author":{"gitId":"cheranlee"},"content":"                command \u003d command.trim();","lastModifiedDate":"2026-01-25T23:47:37","isFullCredit":false},{"lineNumber":119,"author":{"gitId":"cheranlee"},"content":"                int space_pos \u003d command.indexOf(\" \");","lastModifiedDate":"2026-01-25T23:47:37","isFullCredit":false},{"lineNumber":120,"author":{"gitId":"cheranlee"},"content":"                if (space_pos \u003d\u003d -1) {","lastModifiedDate":"2026-01-25T23:47:37","isFullCredit":false},{"lineNumber":121,"author":{"gitId":"cheranlee"},"content":"                    System.out.println(\"ERROR! Delete command must have an integer index behind\");","lastModifiedDate":"2026-01-25T23:47:37","isFullCredit":false},{"lineNumber":122,"author":{"gitId":"cheranlee"},"content":"                } else {","lastModifiedDate":"2026-01-25T23:47:37","isFullCredit":false},{"lineNumber":123,"author":{"gitId":"cheranlee"},"content":"                    String sub_command \u003d command.substring(space_pos + 1);","lastModifiedDate":"2026-01-25T23:47:37","isFullCredit":false},{"lineNumber":124,"author":{"gitId":"cheranlee"},"content":"                    sub_command \u003d sub_command.trim();","lastModifiedDate":"2026-01-25T23:47:37","isFullCredit":false},{"lineNumber":125,"author":{"gitId":"cheranlee"},"content":"                    try {","lastModifiedDate":"2026-01-25T23:47:37","isFullCredit":false},{"lineNumber":126,"author":{"gitId":"cheranlee"},"content":"                        int idx \u003d Integer.parseInt(sub_command);","lastModifiedDate":"2026-01-25T23:47:37","isFullCredit":false},{"lineNumber":127,"author":{"gitId":"cheranlee"},"content":"                        idx \u003d idx - 1;","lastModifiedDate":"2026-01-25T23:47:37","isFullCredit":false},{"lineNumber":128,"author":{"gitId":"cheranlee"},"content":"                        if (idx \u003c MasterList.size() \u0026\u0026 idx \u003e\u003d 0) {","lastModifiedDate":"2026-01-25T23:47:37","isFullCredit":false},{"lineNumber":129,"author":{"gitId":"cheranlee"},"content":"                            MasterList.deleteItem(idx);","lastModifiedDate":"2026-01-25T23:47:37","isFullCredit":false},{"lineNumber":130,"author":{"gitId":"cheranlee"},"content":"                        } else {","lastModifiedDate":"2026-01-25T23:47:37","isFullCredit":false},{"lineNumber":131,"author":{"gitId":"cheranlee"},"content":"                            System.out.println(\"ERROR! Item Number out of range\");","lastModifiedDate":"2026-01-25T23:47:37","isFullCredit":false},{"lineNumber":132,"author":{"gitId":"cheranlee"},"content":"                        }","lastModifiedDate":"2026-01-25T23:47:37","isFullCredit":false},{"lineNumber":133,"author":{"gitId":"cheranlee"},"content":"                    } catch (NumberFormatException ex3) {","lastModifiedDate":"2026-01-25T23:47:37","isFullCredit":false},{"lineNumber":134,"author":{"gitId":"cheranlee"},"content":"                        System.out.println(\"ERROR! Index not a valid number\");","lastModifiedDate":"2026-01-25T23:47:37","isFullCredit":false},{"lineNumber":135,"author":{"gitId":"cheranlee"},"content":"                    }","lastModifiedDate":"2026-01-25T23:47:37","isFullCredit":false},{"lineNumber":136,"author":{"gitId":"cheranlee"},"content":"                }","lastModifiedDate":"2026-01-25T23:47:37","isFullCredit":false},{"lineNumber":137,"author":{"gitId":"cheranlee"},"content":"            } else {","lastModifiedDate":"2026-01-25T22:51:29","isFullCredit":false},{"lineNumber":138,"author":{"gitId":"cheranlee"},"content":"                System.out.println(\"ERROR! Invalid Command. Use one of the following commands:\");","lastModifiedDate":"2026-01-25T22:51:29","isFullCredit":false},{"lineNumber":139,"author":{"gitId":"cheranlee"},"content":"                System.out.println(\"-------------------------------------------------------------\");","lastModifiedDate":"2026-01-25T22:51:29","isFullCredit":false},{"lineNumber":140,"author":{"gitId":"cheranlee"},"content":"                System.out.println(\"Enter any of the following commands:\");","lastModifiedDate":"2026-01-25T22:51:29","isFullCredit":false},{"lineNumber":141,"author":{"gitId":"cheranlee"},"content":"                System.out.println(\"1. list : Print out task list\");","lastModifiedDate":"2026-01-25T22:51:29","isFullCredit":false},{"lineNumber":142,"author":{"gitId":"cheranlee"},"content":"                System.out.println(\"2. mark X : Mark task X (integer) as done\");","lastModifiedDate":"2026-01-25T22:51:29","isFullCredit":false},{"lineNumber":143,"author":{"gitId":"cheranlee"},"content":"                System.out.println(\"3. unmark X : Mark task X (integer) as not done\");","lastModifiedDate":"2026-01-25T22:51:29","isFullCredit":false},{"lineNumber":144,"author":{"gitId":"cheranlee"},"content":"                System.out.println(\"4. todo task : Add tasks without any date/time attached to it\");","lastModifiedDate":"2026-01-25T22:51:29","isFullCredit":false},{"lineNumber":145,"author":{"gitId":"cheranlee"},"content":"                System.out.println(\"5. deadline task by date : Add task that needs to be done by a specific date/time\");","lastModifiedDate":"2026-01-25T22:51:29","isFullCredit":false},{"lineNumber":146,"author":{"gitId":"cheranlee"},"content":"                System.out.println(\"6. event task start date1 end date2 : Add task that start and end at specific dates/times\");","lastModifiedDate":"2026-01-25T22:51:29","isFullCredit":false},{"lineNumber":147,"author":{"gitId":"cheranlee"},"content":"                System.out.println(\"7. delete X : Delete task X (integer) from list\");","lastModifiedDate":"2026-01-26T00:01:37","isFullCredit":false},{"lineNumber":148,"author":{"gitId":"cheranlee"},"content":"                System.out.println(\"8. bye : End the Program\");","lastModifiedDate":"2026-01-26T00:01:37","isFullCredit":false},{"lineNumber":149,"author":{"gitId":"cheranlee"},"content":"                System.out.println(\"-------------------------------------------------------------\\n\");","lastModifiedDate":"2026-01-25T22:51:29","isFullCredit":false},{"lineNumber":150,"author":{"gitId":"cheranlee"},"content":"            }","lastModifiedDate":"2026-01-24T20:36:57","isFullCredit":false},{"lineNumber":151,"author":{"gitId":"cheranlee"},"content":"            command \u003d new_object.nextLine();","lastModifiedDate":"2026-01-24T12:07:48","isFullCredit":false},{"lineNumber":152,"author":{"gitId":"cheranlee"},"content":"            command \u003d command.toLowerCase();","lastModifiedDate":"2026-01-25T22:51:29","isFullCredit":false},{"lineNumber":153,"author":{"gitId":"cheranlee"},"content":"        }","lastModifiedDate":"2026-01-24T12:07:48","isFullCredit":false},{"lineNumber":154,"author":{"gitId":"cheranlee"},"content":"        System.out.println(\"\\t-------------------------------------------------------------\");","lastModifiedDate":"2026-01-24T12:07:48","isFullCredit":false},{"lineNumber":155,"author":{"gitId":"cheranlee"},"content":"        System.out.println(\"\\tBye Quack! Hope to see you again soon!\");","lastModifiedDate":"2026-01-24T12:07:48","isFullCredit":false},{"lineNumber":156,"author":{"gitId":"cheranlee"},"content":"        System.out.println(\"\\t-------------------------------------------------------------\");","lastModifiedDate":"2026-01-24T12:07:48","isFullCredit":false},{"lineNumber":157,"author":{"gitId":"cheranlee"},"content":"    }","lastModifiedDate":"2026-01-24T00:42:52","isFullCredit":false},{"lineNumber":158,"author":{"gitId":"cheranlee"},"content":"}","lastModifiedDate":"2026-01-24T00:42:52","isFullCredit":false},{"lineNumber":159,"author":{"gitId":"cheranlee"},"content":"","lastModifiedDate":"2026-01-25T22:51:29","isFullCredit":false}],"authorContributionMap":{"cheranlee":159}},{"path":"src/main/java/Item.java","fileType":"java","lines":[{"lineNumber":1,"author":{"gitId":"cheranlee"},"content":"public class Item {","lastModifiedDate":"2026-01-24T13:03:07","isFullCredit":false},{"lineNumber":2,"author":{"gitId":"cheranlee"},"content":"    private String text;","lastModifiedDate":"2026-01-24T13:03:07","isFullCredit":false},{"lineNumber":3,"author":{"gitId":"cheranlee"},"content":"    private boolean done \u003d false;","lastModifiedDate":"2026-01-24T20:36:57","isFullCredit":false},{"lineNumber":4,"author":{"gitId":"cheranlee"},"content":"    private TaskType type;","lastModifiedDate":"2026-01-24T21:33:06","isFullCredit":false},{"lineNumber":5,"author":{"gitId":"cheranlee"},"content":"","lastModifiedDate":"2026-01-24T13:03:07","isFullCredit":false},{"lineNumber":6,"author":{"gitId":"cheranlee"},"content":"    // Constructor Class","lastModifiedDate":"2026-01-24T13:03:07","isFullCredit":false},{"lineNumber":7,"author":{"gitId":"cheranlee"},"content":"    public Item(String text, TaskType type){","lastModifiedDate":"2026-01-25T15:10:12","isFullCredit":false},{"lineNumber":8,"author":{"gitId":"cheranlee"},"content":"        this.set_text(text);","lastModifiedDate":"2026-01-24T13:03:07","isFullCredit":false},{"lineNumber":9,"author":{"gitId":"cheranlee"},"content":"        this.set_type(type);","lastModifiedDate":"2026-01-25T15:10:12","isFullCredit":false},{"lineNumber":10,"author":{"gitId":"cheranlee"},"content":"    }","lastModifiedDate":"2026-01-24T13:03:07","isFullCredit":false},{"lineNumber":11,"author":{"gitId":"cheranlee"},"content":"","lastModifiedDate":"2026-01-24T13:03:07","isFullCredit":false},{"lineNumber":12,"author":{"gitId":"cheranlee"},"content":"    // Overriding in-built toString method","lastModifiedDate":"2026-01-24T13:03:07","isFullCredit":false},{"lineNumber":13,"author":{"gitId":"cheranlee"},"content":"    public String toString() {","lastModifiedDate":"2026-01-24T13:03:07","isFullCredit":false},{"lineNumber":14,"author":{"gitId":"cheranlee"},"content":"        return this.string_type() + this.string_done() + \" \" + this.get_text();","lastModifiedDate":"2026-01-24T21:33:06","isFullCredit":false},{"lineNumber":15,"author":{"gitId":"cheranlee"},"content":"    }","lastModifiedDate":"2026-01-24T13:03:07","isFullCredit":false},{"lineNumber":16,"author":{"gitId":"cheranlee"},"content":"","lastModifiedDate":"2026-01-24T13:03:07","isFullCredit":false},{"lineNumber":17,"author":{"gitId":"cheranlee"},"content":"    // Getter and Setter Methods","lastModifiedDate":"2026-01-24T13:03:07","isFullCredit":false},{"lineNumber":18,"author":{"gitId":"cheranlee"},"content":"    String get_text(){","lastModifiedDate":"2026-01-24T13:03:07","isFullCredit":false},{"lineNumber":19,"author":{"gitId":"cheranlee"},"content":"        return this.text;","lastModifiedDate":"2026-01-24T13:03:07","isFullCredit":false},{"lineNumber":20,"author":{"gitId":"cheranlee"},"content":"    }","lastModifiedDate":"2026-01-24T13:03:07","isFullCredit":false},{"lineNumber":21,"author":{"gitId":"cheranlee"},"content":"","lastModifiedDate":"2026-01-24T13:03:07","isFullCredit":false},{"lineNumber":22,"author":{"gitId":"cheranlee"},"content":"    void set_text(String text){","lastModifiedDate":"2026-01-24T13:03:07","isFullCredit":false},{"lineNumber":23,"author":{"gitId":"cheranlee"},"content":"        this.text \u003d text;","lastModifiedDate":"2026-01-24T13:03:07","isFullCredit":false},{"lineNumber":24,"author":{"gitId":"cheranlee"},"content":"    }","lastModifiedDate":"2026-01-24T13:03:07","isFullCredit":false},{"lineNumber":25,"author":{"gitId":"cheranlee"},"content":"","lastModifiedDate":"2026-01-24T20:36:57","isFullCredit":false},{"lineNumber":26,"author":{"gitId":"cheranlee"},"content":"    Boolean get_done(){","lastModifiedDate":"2026-01-24T20:36:57","isFullCredit":false},{"lineNumber":27,"author":{"gitId":"cheranlee"},"content":"        return this.done;","lastModifiedDate":"2026-01-24T20:36:57","isFullCredit":false},{"lineNumber":28,"author":{"gitId":"cheranlee"},"content":"    }","lastModifiedDate":"2026-01-24T20:36:57","isFullCredit":false},{"lineNumber":29,"author":{"gitId":"cheranlee"},"content":"","lastModifiedDate":"2026-01-24T20:36:57","isFullCredit":false},{"lineNumber":30,"author":{"gitId":"cheranlee"},"content":"    String string_done(){","lastModifiedDate":"2026-01-24T20:36:57","isFullCredit":false},{"lineNumber":31,"author":{"gitId":"cheranlee"},"content":"        if (this.get_done()) {","lastModifiedDate":"2026-01-24T20:36:57","isFullCredit":false},{"lineNumber":32,"author":{"gitId":"cheranlee"},"content":"            return \"[X]\";","lastModifiedDate":"2026-01-24T20:36:57","isFullCredit":false},{"lineNumber":33,"author":{"gitId":"cheranlee"},"content":"        } else {","lastModifiedDate":"2026-01-24T20:36:57","isFullCredit":false},{"lineNumber":34,"author":{"gitId":"cheranlee"},"content":"            return \"[ ]\";","lastModifiedDate":"2026-01-24T20:36:57","isFullCredit":false},{"lineNumber":35,"author":{"gitId":"cheranlee"},"content":"        }","lastModifiedDate":"2026-01-24T20:36:57","isFullCredit":false},{"lineNumber":36,"author":{"gitId":"cheranlee"},"content":"    }","lastModifiedDate":"2026-01-24T20:36:57","isFullCredit":false},{"lineNumber":37,"author":{"gitId":"cheranlee"},"content":"","lastModifiedDate":"2026-01-24T20:36:57","isFullCredit":false},{"lineNumber":38,"author":{"gitId":"cheranlee"},"content":"    void set_done(Boolean val){","lastModifiedDate":"2026-01-24T20:36:57","isFullCredit":false},{"lineNumber":39,"author":{"gitId":"cheranlee"},"content":"        this.done \u003d val;","lastModifiedDate":"2026-01-24T20:36:57","isFullCredit":false},{"lineNumber":40,"author":{"gitId":"cheranlee"},"content":"    }","lastModifiedDate":"2026-01-24T20:36:57","isFullCredit":false},{"lineNumber":41,"author":{"gitId":"cheranlee"},"content":"","lastModifiedDate":"2026-01-24T20:36:57","isFullCredit":false},{"lineNumber":42,"author":{"gitId":"cheranlee"},"content":"    void set_type(TaskType tasktype){","lastModifiedDate":"2026-01-24T21:33:06","isFullCredit":false},{"lineNumber":43,"author":{"gitId":"cheranlee"},"content":"        this.type \u003d tasktype;","lastModifiedDate":"2026-01-24T21:33:06","isFullCredit":false},{"lineNumber":44,"author":{"gitId":"cheranlee"},"content":"    }","lastModifiedDate":"2026-01-24T21:33:06","isFullCredit":false},{"lineNumber":45,"author":{"gitId":"cheranlee"},"content":"","lastModifiedDate":"2026-01-24T21:33:06","isFullCredit":false},{"lineNumber":46,"author":{"gitId":"cheranlee"},"content":"    TaskType get_type(){","lastModifiedDate":"2026-01-24T21:33:06","isFullCredit":false},{"lineNumber":47,"author":{"gitId":"cheranlee"},"content":"        return this.type;","lastModifiedDate":"2026-01-24T21:33:06","isFullCredit":false},{"lineNumber":48,"author":{"gitId":"cheranlee"},"content":"    }","lastModifiedDate":"2026-01-24T21:33:06","isFullCredit":false},{"lineNumber":49,"author":{"gitId":"cheranlee"},"content":"","lastModifiedDate":"2026-01-24T21:33:06","isFullCredit":false},{"lineNumber":50,"author":{"gitId":"cheranlee"},"content":"    String string_type(){","lastModifiedDate":"2026-01-24T21:33:06","isFullCredit":false},{"lineNumber":51,"author":{"gitId":"cheranlee"},"content":"        if (this.get_type() \u003d\u003d TaskType.ToDos) {","lastModifiedDate":"2026-01-24T21:33:06","isFullCredit":false},{"lineNumber":52,"author":{"gitId":"cheranlee"},"content":"            return \"[T]\";","lastModifiedDate":"2026-01-24T21:33:06","isFullCredit":false},{"lineNumber":53,"author":{"gitId":"cheranlee"},"content":"        } else {","lastModifiedDate":"2026-01-24T21:33:06","isFullCredit":false},{"lineNumber":54,"author":{"gitId":"cheranlee"},"content":"            if (this.get_type() \u003d\u003d TaskType.Events) {","lastModifiedDate":"2026-01-24T21:33:06","isFullCredit":false},{"lineNumber":55,"author":{"gitId":"cheranlee"},"content":"                return \"[E]\";","lastModifiedDate":"2026-01-24T21:33:06","isFullCredit":false},{"lineNumber":56,"author":{"gitId":"cheranlee"},"content":"            } else {","lastModifiedDate":"2026-01-24T21:33:06","isFullCredit":false},{"lineNumber":57,"author":{"gitId":"cheranlee"},"content":"                if (this.get_type() \u003d\u003d TaskType.Deadlines) {","lastModifiedDate":"2026-01-24T21:33:06","isFullCredit":false},{"lineNumber":58,"author":{"gitId":"cheranlee"},"content":"                    return \"[D]\";","lastModifiedDate":"2026-01-24T21:33:06","isFullCredit":false},{"lineNumber":59,"author":{"gitId":"cheranlee"},"content":"                }","lastModifiedDate":"2026-01-24T21:33:06","isFullCredit":false},{"lineNumber":60,"author":{"gitId":"cheranlee"},"content":"            }","lastModifiedDate":"2026-01-24T21:33:06","isFullCredit":false},{"lineNumber":61,"author":{"gitId":"cheranlee"},"content":"        }","lastModifiedDate":"2026-01-24T21:33:06","isFullCredit":false},{"lineNumber":62,"author":{"gitId":"cheranlee"},"content":"        return \"[ ]\";","lastModifiedDate":"2026-01-24T21:33:06","isFullCredit":false},{"lineNumber":63,"author":{"gitId":"cheranlee"},"content":"    }","lastModifiedDate":"2026-01-24T21:33:06","isFullCredit":false},{"lineNumber":64,"author":{"gitId":"cheranlee"},"content":"}","lastModifiedDate":"2026-01-24T13:03:07","isFullCredit":false}],"authorContributionMap":{"cheranlee":64}},{"path":"src/main/java/NewList.java","fileType":"java","lines":[{"lineNumber":1,"author":{"gitId":"cheranlee"},"content":"import java.io.IOException;","lastModifiedDate":"2026-01-24T20:36:57","isFullCredit":false},{"lineNumber":2,"author":{"gitId":"cheranlee"},"content":"import java.util.List;","lastModifiedDate":"2026-01-24T13:03:07","isFullCredit":false},{"lineNumber":3,"author":{"gitId":"cheranlee"},"content":"import java.util.ArrayList;","lastModifiedDate":"2026-01-24T13:03:07","isFullCredit":false},{"lineNumber":4,"author":{"gitId":"cheranlee"},"content":"","lastModifiedDate":"2026-01-24T13:03:07","isFullCredit":false},{"lineNumber":5,"author":{"gitId":"cheranlee"},"content":"public class NewList {","lastModifiedDate":"2026-01-24T13:03:07","isFullCredit":false},{"lineNumber":6,"author":{"gitId":"cheranlee"},"content":"    private List\u003cItem\u003e list \u003d new ArrayList\u003c\u003e();","lastModifiedDate":"2026-01-24T13:03:07","isFullCredit":false},{"lineNumber":7,"author":{"gitId":"cheranlee"},"content":"","lastModifiedDate":"2026-01-24T13:03:07","isFullCredit":false},{"lineNumber":8,"author":{"gitId":"cheranlee"},"content":"    public void addItem(Item item) {","lastModifiedDate":"2026-01-24T13:03:07","isFullCredit":false},{"lineNumber":9,"author":{"gitId":"cheranlee"},"content":"        this.list.add(item);","lastModifiedDate":"2026-01-25T23:47:37","isFullCredit":false},{"lineNumber":10,"author":{"gitId":"cheranlee"},"content":"        System.out.println(\"\\t-------------------------------------------------------------\");","lastModifiedDate":"2026-01-24T13:03:07","isFullCredit":false},{"lineNumber":11,"author":{"gitId":"cheranlee"},"content":"        System.out.println(\"\\tQuack! I\u0027ve added this task:\");","lastModifiedDate":"2026-01-25T15:10:12","isFullCredit":false},{"lineNumber":12,"author":{"gitId":"cheranlee"},"content":"        System.out.println(\"\\t\\t\"+ item.toString());","lastModifiedDate":"2026-01-25T15:10:12","isFullCredit":false},{"lineNumber":13,"author":{"gitId":"cheranlee"},"content":"        System.out.println(\"\\tNow you have \" + this.size() + \" tasks in the list\");","lastModifiedDate":"2026-01-25T15:10:12","isFullCredit":false},{"lineNumber":14,"author":{"gitId":"cheranlee"},"content":"        System.out.println(\"\\t-------------------------------------------------------------\");","lastModifiedDate":"2026-01-24T13:03:07","isFullCredit":false},{"lineNumber":15,"author":{"gitId":"cheranlee"},"content":"    }","lastModifiedDate":"2026-01-24T13:03:07","isFullCredit":false},{"lineNumber":16,"author":{"gitId":"cheranlee"},"content":"","lastModifiedDate":"2026-01-24T13:03:07","isFullCredit":false},{"lineNumber":17,"author":{"gitId":"cheranlee"},"content":"    public void deleteItem(int idx){","lastModifiedDate":"2026-01-25T23:47:37","isFullCredit":false},{"lineNumber":18,"author":{"gitId":"cheranlee"},"content":"        Item i \u003d this.list.get(idx);","lastModifiedDate":"2026-01-25T23:47:37","isFullCredit":false},{"lineNumber":19,"author":{"gitId":"cheranlee"},"content":"        this.list.remove(idx);","lastModifiedDate":"2026-01-25T23:47:37","isFullCredit":false},{"lineNumber":20,"author":{"gitId":"cheranlee"},"content":"        System.out.println(\"\\t-------------------------------------------------------------\");","lastModifiedDate":"2026-01-25T23:47:37","isFullCredit":false},{"lineNumber":21,"author":{"gitId":"cheranlee"},"content":"        System.out.println(\"\\tQuack! I\u0027ve removed this task:\");","lastModifiedDate":"2026-01-25T23:47:37","isFullCredit":false},{"lineNumber":22,"author":{"gitId":"cheranlee"},"content":"        System.out.println(\"\\t\\t\"+ i.toString());","lastModifiedDate":"2026-01-25T23:47:37","isFullCredit":false},{"lineNumber":23,"author":{"gitId":"cheranlee"},"content":"        System.out.println(\"\\tNow you have \" + this.size() + \" tasks in the list\");","lastModifiedDate":"2026-01-25T23:47:37","isFullCredit":false},{"lineNumber":24,"author":{"gitId":"cheranlee"},"content":"        System.out.println(\"\\t-------------------------------------------------------------\");","lastModifiedDate":"2026-01-25T23:47:37","isFullCredit":false},{"lineNumber":25,"author":{"gitId":"cheranlee"},"content":"    }","lastModifiedDate":"2026-01-25T23:47:37","isFullCredit":false},{"lineNumber":26,"author":{"gitId":"cheranlee"},"content":"","lastModifiedDate":"2026-01-25T23:47:37","isFullCredit":false},{"lineNumber":27,"author":{"gitId":"cheranlee"},"content":"    public int size(){","lastModifiedDate":"2026-01-25T15:10:12","isFullCredit":false},{"lineNumber":28,"author":{"gitId":"cheranlee"},"content":"        return this.list.size();","lastModifiedDate":"2026-01-25T15:10:12","isFullCredit":false},{"lineNumber":29,"author":{"gitId":"cheranlee"},"content":"    }","lastModifiedDate":"2026-01-25T15:10:12","isFullCredit":false},{"lineNumber":30,"author":{"gitId":"cheranlee"},"content":"","lastModifiedDate":"2026-01-25T15:10:12","isFullCredit":false},{"lineNumber":31,"author":{"gitId":"cheranlee"},"content":"    public String toString() {","lastModifiedDate":"2026-01-24T13:03:07","isFullCredit":false},{"lineNumber":32,"author":{"gitId":"cheranlee"},"content":"        String total_str \u003d \"\";","lastModifiedDate":"2026-01-24T13:03:07","isFullCredit":false},{"lineNumber":33,"author":{"gitId":"cheranlee"},"content":"        if (this.size() \u003e 0) {","lastModifiedDate":"2026-01-25T22:51:29","isFullCredit":false},{"lineNumber":34,"author":{"gitId":"cheranlee"},"content":"            int count \u003d 0;","lastModifiedDate":"2026-01-24T13:03:07","isFullCredit":false},{"lineNumber":35,"author":{"gitId":"cheranlee"},"content":"            System.out.println(\"\\tHere are the tasks in your list:\");","lastModifiedDate":"2026-01-25T22:51:29","isFullCredit":false},{"lineNumber":36,"author":{"gitId":"cheranlee"},"content":"            for (Item i : this.list) {","lastModifiedDate":"2026-01-25T23:47:37","isFullCredit":false},{"lineNumber":37,"author":{"gitId":"cheranlee"},"content":"                count++;","lastModifiedDate":"2026-01-24T13:03:07","isFullCredit":false},{"lineNumber":38,"author":{"gitId":"cheranlee"},"content":"                total_str \u003d total_str + \u0027\\t\u0027 + Integer.toString(count) + \". \" + i.toString() + \u0027\\n\u0027;","lastModifiedDate":"2026-01-24T13:03:07","isFullCredit":false},{"lineNumber":39,"author":{"gitId":"cheranlee"},"content":"            }","lastModifiedDate":"2026-01-24T13:03:07","isFullCredit":false},{"lineNumber":40,"author":{"gitId":"cheranlee"},"content":"        } else {","lastModifiedDate":"2026-01-25T22:51:29","isFullCredit":false},{"lineNumber":41,"author":{"gitId":"cheranlee"},"content":"            total_str \u003d \"Relax! You have no tasks\";","lastModifiedDate":"2026-01-25T22:51:29","isFullCredit":false},{"lineNumber":42,"author":{"gitId":"cheranlee"},"content":"        }","lastModifiedDate":"2026-01-25T22:51:29","isFullCredit":false},{"lineNumber":43,"author":{"gitId":"cheranlee"},"content":"        return total_str;","lastModifiedDate":"2026-01-24T13:03:07","isFullCredit":false},{"lineNumber":44,"author":{"gitId":"cheranlee"},"content":"    }","lastModifiedDate":"2026-01-24T13:03:07","isFullCredit":false},{"lineNumber":45,"author":{"gitId":"cheranlee"},"content":"","lastModifiedDate":"2026-01-24T20:36:57","isFullCredit":false},{"lineNumber":46,"author":{"gitId":"cheranlee"},"content":"    public void markUnmarkItem(boolean mark, int idx){","lastModifiedDate":"2026-01-24T20:36:57","isFullCredit":false},{"lineNumber":47,"author":{"gitId":"cheranlee"},"content":"        Item i \u003d this.list.get(idx);","lastModifiedDate":"2026-01-25T23:47:37","isFullCredit":false},{"lineNumber":48,"author":{"gitId":"cheranlee"},"content":"        if (mark) {     // mark as done","lastModifiedDate":"2026-01-24T20:36:57","isFullCredit":false},{"lineNumber":49,"author":{"gitId":"cheranlee"},"content":"            if (!i.get_done()) {","lastModifiedDate":"2026-01-24T20:36:57","isFullCredit":false},{"lineNumber":50,"author":{"gitId":"cheranlee"},"content":"                i.set_done(true);","lastModifiedDate":"2026-01-24T20:36:57","isFullCredit":false},{"lineNumber":51,"author":{"gitId":"cheranlee"},"content":"                System.out.println(\"\\t-------------------------------------------------------------\");","lastModifiedDate":"2026-01-24T20:36:57","isFullCredit":false},{"lineNumber":52,"author":{"gitId":"cheranlee"},"content":"                System.out.println(\"\\tQuack-ity! I\u0027ve marked this task as done:\");","lastModifiedDate":"2026-01-24T20:36:57","isFullCredit":false},{"lineNumber":53,"author":{"gitId":"cheranlee"},"content":"                System.out.println(\"\\t\"+ i.toString());","lastModifiedDate":"2026-01-24T20:36:57","isFullCredit":false},{"lineNumber":54,"author":{"gitId":"cheranlee"},"content":"                System.out.println(\"\\t-------------------------------------------------------------\");","lastModifiedDate":"2026-01-24T20:36:57","isFullCredit":false},{"lineNumber":55,"author":{"gitId":"cheranlee"},"content":"            } else {","lastModifiedDate":"2026-01-24T20:36:57","isFullCredit":false},{"lineNumber":56,"author":{"gitId":"cheranlee"},"content":"                throw new IllegalArgumentException((\"Item Already Marked as Done!\"));","lastModifiedDate":"2026-01-24T20:36:57","isFullCredit":false},{"lineNumber":57,"author":{"gitId":"cheranlee"},"content":"            }","lastModifiedDate":"2026-01-24T20:36:57","isFullCredit":false},{"lineNumber":58,"author":{"gitId":"cheranlee"},"content":"        } else {         // unmark to show not done","lastModifiedDate":"2026-01-24T20:36:57","isFullCredit":false},{"lineNumber":59,"author":{"gitId":"cheranlee"},"content":"            if (i.get_done()) {","lastModifiedDate":"2026-01-24T20:36:57","isFullCredit":false},{"lineNumber":60,"author":{"gitId":"cheranlee"},"content":"                i.set_done(false);","lastModifiedDate":"2026-01-24T20:36:57","isFullCredit":false},{"lineNumber":61,"author":{"gitId":"cheranlee"},"content":"                System.out.println(\"\\t-------------------------------------------------------------\");","lastModifiedDate":"2026-01-24T20:36:57","isFullCredit":false},{"lineNumber":62,"author":{"gitId":"cheranlee"},"content":"                System.out.println(\"\\tAww! I\u0027ve marked this task as not done yet:\");","lastModifiedDate":"2026-01-24T20:36:57","isFullCredit":false},{"lineNumber":63,"author":{"gitId":"cheranlee"},"content":"                System.out.println(\"\\t\"+ i.toString());","lastModifiedDate":"2026-01-24T20:36:57","isFullCredit":false},{"lineNumber":64,"author":{"gitId":"cheranlee"},"content":"                System.out.println(\"\\t-------------------------------------------------------------\");","lastModifiedDate":"2026-01-24T20:36:57","isFullCredit":false},{"lineNumber":65,"author":{"gitId":"cheranlee"},"content":"            } else {","lastModifiedDate":"2026-01-24T20:36:57","isFullCredit":false},{"lineNumber":66,"author":{"gitId":"cheranlee"},"content":"                throw new IllegalArgumentException((\"Item Already Marked as Not Done!\"));","lastModifiedDate":"2026-01-24T20:36:57","isFullCredit":false},{"lineNumber":67,"author":{"gitId":"cheranlee"},"content":"            }","lastModifiedDate":"2026-01-24T20:36:57","isFullCredit":false},{"lineNumber":68,"author":{"gitId":"cheranlee"},"content":"        }","lastModifiedDate":"2026-01-24T20:36:57","isFullCredit":false},{"lineNumber":69,"author":{"gitId":"cheranlee"},"content":"    }","lastModifiedDate":"2026-01-24T20:36:57","isFullCredit":false},{"lineNumber":70,"author":{"gitId":"cheranlee"},"content":"","lastModifiedDate":"2026-01-24T20:36:57","isFullCredit":false},{"lineNumber":71,"author":{"gitId":"cheranlee"},"content":"","lastModifiedDate":"2026-01-24T20:36:57","isFullCredit":false},{"lineNumber":72,"author":{"gitId":"cheranlee"},"content":"}","lastModifiedDate":"2026-01-24T13:03:07","isFullCredit":false}],"authorContributionMap":{"cheranlee":72}},{"path":"src/main/java/TaskType.java","fileType":"java","lines":[{"lineNumber":1,"author":{"gitId":"cheranlee"},"content":"","lastModifiedDate":"2026-01-24T21:33:06","isFullCredit":false},{"lineNumber":2,"author":{"gitId":"cheranlee"},"content":"public enum TaskType{","lastModifiedDate":"2026-01-24T21:33:06","isFullCredit":false},{"lineNumber":3,"author":{"gitId":"cheranlee"},"content":"    ToDos, Deadlines, Events;","lastModifiedDate":"2026-01-24T21:33:06","isFullCredit":false},{"lineNumber":4,"author":{"gitId":"cheranlee"},"content":"}","lastModifiedDate":"2026-01-24T21:33:06","isFullCredit":false}],"authorContributionMap":{"cheranlee":4}},{"path":"text-ui-test/input.txt","fileType":"txt","lines":[{"lineNumber":1,"author":{"gitId":"cheranlee"},"content":"list","lastModifiedDate":"2026-01-25T16:42:54","isFullCredit":false},{"lineNumber":2,"author":{"gitId":"cheranlee"},"content":"todo","lastModifiedDate":"2026-01-25T22:51:29","isFullCredit":false},{"lineNumber":3,"author":{"gitId":"cheranlee"},"content":"todo borrow book by 3pm","lastModifiedDate":"2026-01-25T22:51:29","isFullCredit":false},{"lineNumber":4,"author":{"gitId":"cheranlee"},"content":"todo borrow book","lastModifiedDate":"2026-01-25T22:51:29","isFullCredit":false},{"lineNumber":5,"author":{"gitId":"cheranlee"},"content":"todo by 3pm","lastModifiedDate":"2026-01-25T22:51:29","isFullCredit":false},{"lineNumber":6,"author":{"gitId":"cheranlee"},"content":"deadline","lastModifiedDate":"2026-01-25T22:51:29","isFullCredit":false},{"lineNumber":7,"author":{"gitId":"cheranlee"},"content":"deadline by","lastModifiedDate":"2026-01-25T22:51:29","isFullCredit":false},{"lineNumber":8,"author":{"gitId":"cheranlee"},"content":"deadline return book","lastModifiedDate":"2026-01-25T22:51:29","isFullCredit":false},{"lineNumber":9,"author":{"gitId":"cheranlee"},"content":"deadline return book start 3pm end 5pm","lastModifiedDate":"2026-01-25T22:51:29","isFullCredit":false},{"lineNumber":10,"author":{"gitId":"cheranlee"},"content":"deadline return book by 4pm","lastModifiedDate":"2026-01-25T22:51:29","isFullCredit":false},{"lineNumber":11,"author":{"gitId":"cheranlee"},"content":"blah blah","lastModifiedDate":"2026-01-25T22:51:29","isFullCredit":false},{"lineNumber":12,"author":{"gitId":"cheranlee"},"content":"event","lastModifiedDate":"2026-01-25T22:51:29","isFullCredit":false},{"lineNumber":13,"author":{"gitId":"cheranlee"},"content":"event school from 3pm to 5pm","lastModifiedDate":"2026-01-25T22:51:29","isFullCredit":false},{"lineNumber":14,"author":{"gitId":"cheranlee"},"content":"event buy food by 4pm","lastModifiedDate":"2026-01-25T22:51:29","isFullCredit":false},{"lineNumber":15,"author":{"gitId":"cheranlee"},"content":"event start 3pm end 5pm","lastModifiedDate":"2026-01-25T22:51:29","isFullCredit":false},{"lineNumber":16,"author":{"gitId":"cheranlee"},"content":"event school start 3pm end 5pm","lastModifiedDate":"2026-01-25T22:51:29","isFullCredit":false},{"lineNumber":17,"author":{"gitId":"cheranlee"},"content":"List","lastModifiedDate":"2026-01-25T22:51:29","isFullCredit":false},{"lineNumber":18,"author":{"gitId":"cheranlee"},"content":"mark 3","lastModifiedDate":"2026-01-25T22:51:29","isFullCredit":false},{"lineNumber":19,"author":{"gitId":"cheranlee"},"content":"mark 2a","lastModifiedDate":"2026-01-25T23:47:37","isFullCredit":false},{"lineNumber":20,"author":{"gitId":"cheranlee"},"content":"mark -2","lastModifiedDate":"2026-01-25T23:47:37","isFullCredit":false},{"lineNumber":21,"author":{"gitId":"cheranlee"},"content":"unmark 2","lastModifiedDate":"2026-01-25T16:42:54","isFullCredit":false},{"lineNumber":22,"author":{"gitId":"cheranlee"},"content":"mark 5","lastModifiedDate":"2026-01-25T22:51:29","isFullCredit":false},{"lineNumber":23,"author":{"gitId":"cheranlee"},"content":"list","lastModifiedDate":"2026-01-25T23:53:02","isFullCredit":false},{"lineNumber":24,"author":{"gitId":"cheranlee"},"content":"unmark 3","lastModifiedDate":"2026-01-25T22:51:29","isFullCredit":false},{"lineNumber":25,"author":{"gitId":"cheranlee"},"content":"list","lastModifiedDate":"2026-01-25T16:42:54","isFullCredit":false},{"lineNumber":26,"author":{"gitId":"cheranlee"},"content":"delete 5","lastModifiedDate":"2026-01-25T23:47:37","isFullCredit":false},{"lineNumber":27,"author":{"gitId":"cheranlee"},"content":"delete 5-","lastModifiedDate":"2026-01-25T23:47:37","isFullCredit":false},{"lineNumber":28,"author":{"gitId":"cheranlee"},"content":"delete 1","lastModifiedDate":"2026-01-25T23:47:37","isFullCredit":false},{"lineNumber":29,"author":{"gitId":"cheranlee"},"content":"list","lastModifiedDate":"2026-01-25T23:53:02","isFullCredit":false},{"lineNumber":30,"author":{"gitId":"cheranlee"},"content":"bye","lastModifiedDate":"2026-01-25T16:42:54","isFullCredit":false}],"authorContributionMap":{"cheranlee":30}}]
