{"authorDailyContributionsMap":{"cheranlee":[{"date":"2026-01-24T00:00:00","commitResults":[{"hash":"0a3cd5749cd388afc976a66d06898a002c01224a","isMergeCommit":false,"messageTitle":"Level-0: Rename, Greet, Exit","messageBody":"Rename Duke.java to Duck.java\n\nEdit Skeleton Duke.java Code\n","tags":["Level-0"],"fileTypesAndContributionMap":{"java":{"insertions":8,"deletions":10}}},{"hash":"4ee71c04e7d039b5dcab9ca78db7e449c71edc60","isMergeCommit":false,"messageTitle":"Level-1: Echo","messageBody":"Echo user commands\n\nExits when user types bye\n","tags":["Level-1"],"fileTypesAndContributionMap":{"java":{"insertions":14,"deletions":1}}},{"hash":"c8e0b1f9d02366f4098f47285d243477f2124f02","isMergeCommit":false,"messageTitle":"Level-2: Add, List","messageBody":"NewList.java : Use ArrayList to manage and build list\n\nItem.java : Object that stores input text. These objects will be stored to ArrayList in NewList.java\n\nDuck.java : Main code that invokes NewList.java methods\n","tags":["Level-2"],"fileTypesAndContributionMap":{"java":{"insertions":52,"deletions":4}}},{"hash":"af9610cef54bf1f52a1cf75afb79f6222860b520","isMergeCommit":false,"messageTitle":"Level-3: Mark as Done","messageBody":"NewList.java : Add markUnmarkItem class to change status of task\n\nItem.java : Add private boolean variable \u0027done\u0027 which is true when marked, false when unmarked\n\nInclude Error Handling Code in the events where:\n\n1) User marks/unmarks task number that does not exist\n\n2) User marks a task that has been marked\n\n3) User unmarks a task that has not been marked\n","tags":["Level-3"],"fileTypesAndContributionMap":{"java":{"insertions":75,"deletions":2}}},{"hash":"b9cc8ed3bd838651b8a390346d7c37ddb5d8d09f","isMergeCommit":false,"messageTitle":"A-Enums: Use Enums","messageBody":"TaskType.java : Enum declaration\n\nItem.java : Use Enum\n","tags":["A-Enums"],"fileTypesAndContributionMap":{"java":{"insertions":32,"deletions":3}}}]},{"date":"2026-01-25T00:00:00","commitResults":[{"hash":"fc687da32e1c59b383fe25ee68f1bd19e8c7c537","isMergeCommit":false,"messageTitle":"Level-4: ToDo, Event, Deadline","messageBody":"Duck.java : String Processing to extract ToDo, Event and Deadline Information\n\nItem.java : Add support for ToDo, Event, Deadline Enum\n","tags":["Level-4"],"fileTypesAndContributionMap":{"java":{"insertions":36,"deletions":7}}},{"hash":"6aac92b1b4893ad82007653c980f5f20cfbb3390","isMergeCommit":false,"messageTitle":"A-TextUi-Testing: Automated Text UI Testing","messageBody":"Use IO Redirection Technique to automate testing of Duck\n\nEdit runtest.bat , input.txt , EXPECTED.TXT , ACTUAL.TXT\n","tags":["A-TextUiTesting"],"fileTypesAndContributionMap":{"txt":{"insertions":12,"deletions":0},"java":{"insertions":5,"deletions":5}}},{"hash":"6885e722bcd5d49aae869b5671e52efbdfa08dac","isMergeCommit":false,"messageTitle":"Level-5: Handle Errors","messageBody":"Duck.java : Reformat code to use else if instead of multiple nested-if statements\n\nDuck.java : Add Error Handling Code. More Info in JavaDocs\n","tags":["Level-5"],"fileTypesAndContributionMap":{"txt":{"insertions":19,"deletions":8},"java":{"insertions":95,"deletions":41}}},{"hash":"f6987ab20d6610cfa853e381c8ebbf2168e41642","isMergeCommit":false,"messageTitle":"Level-6: Delete","messageBody":"NewList.java : Add DeleteItem functionality\n\nDuck.java: Support for DeleteItem, DeleteItem Error Handling\n\nDuck.java : Edit mark/unmark code to include more error handling cases\n","tags":["Level-6"],"fileTypesAndContributionMap":{"txt":{"insertions":5,"deletions":0},"java":{"insertions":87,"deletions":46}}},{"hash":"b38045640b285182e2ba8f24a9a41aced0536522","isMergeCommit":false,"messageTitle":"Edit A-TextUiTesting","messageBody":"Update to include more test cases\n","fileTypesAndContributionMap":{"txt":{"insertions":2,"deletions":0}}}]},{"date":"2026-01-26T00:00:00","commitResults":[{"hash":"101492a6b4abca961d371461aecd62ea815a499d","isMergeCommit":false,"messageTitle":"Add Missing Information in Command List","messageBody":"Duck.java : Add explanation for Delete and bye in Command List\n","fileTypesAndContributionMap":{"java":{"insertions":4,"deletions":0}}}]}]},"authorFileTypeContributionMap":{"cheranlee":{"java":299,"md":0,"txt":30}},"authorContributionVariance":{"cheranlee":6277.422},"authorDisplayNameMap":{"cheranlee":"cheranlee"}}
