[{"path":"src/main/java/Jarvis.java","fileType":"java","lines":[{"lineNumber":1,"author":{"gitId":"Yugam2508"},"content":"import java.util.Scanner;","lastModifiedDate":"2026-01-22T17:41:25","isFullCredit":false},{"lineNumber":2,"author":{"gitId":"Yugam2508"},"content":"","lastModifiedDate":"2026-01-22T17:41:25","isFullCredit":false},{"lineNumber":3,"author":{"gitId":"Yugam2508"},"content":"public class Jarvis {","lastModifiedDate":"2026-01-22T17:36:41","isFullCredit":false},{"lineNumber":4,"author":{"gitId":"Yugam2508"},"content":"    public static void main(String[] args) {","lastModifiedDate":"2026-01-22T17:36:41","isFullCredit":false},{"lineNumber":5,"author":{"gitId":"Yugam2508"},"content":"        String name \u003d \"Jarvis\";","lastModifiedDate":"2026-01-22T17:36:41","isFullCredit":false},{"lineNumber":6,"author":{"gitId":"Yugam2508"},"content":"        String horizontalLine \u003d \"____________________________________________________________\";","lastModifiedDate":"2026-01-22T17:36:41","isFullCredit":false},{"lineNumber":7,"author":{"gitId":"Yugam2508"},"content":"","lastModifiedDate":"2026-01-22T17:36:41","isFullCredit":false},{"lineNumber":8,"author":{"gitId":"Yugam2508"},"content":"        // Task storage","lastModifiedDate":"2026-01-23T09:55:14","isFullCredit":false},{"lineNumber":9,"author":{"gitId":"Yugam2508"},"content":"        Task[] tasks \u003d new Task[100];","lastModifiedDate":"2026-01-22T18:12:38","isFullCredit":false},{"lineNumber":10,"author":{"gitId":"Yugam2508"},"content":"        int taskCount \u003d 0;","lastModifiedDate":"2026-01-22T18:08:46","isFullCredit":false},{"lineNumber":11,"author":{"gitId":"Yugam2508"},"content":"","lastModifiedDate":"2026-01-22T18:08:46","isFullCredit":false},{"lineNumber":12,"author":{"gitId":"Yugam2508"},"content":"        System.out.println(horizontalLine);","lastModifiedDate":"2026-01-22T17:36:41","isFullCredit":false},{"lineNumber":13,"author":{"gitId":"Yugam2508"},"content":"        System.out.println(\"Hello! I\u0027m \" + name);","lastModifiedDate":"2026-01-22T17:36:41","isFullCredit":false},{"lineNumber":14,"author":{"gitId":"Yugam2508"},"content":"        System.out.println(\"What can I do for you?\");","lastModifiedDate":"2026-01-22T17:36:41","isFullCredit":false},{"lineNumber":15,"author":{"gitId":"Yugam2508"},"content":"        System.out.println(horizontalLine);","lastModifiedDate":"2026-01-22T17:36:41","isFullCredit":false},{"lineNumber":16,"author":{"gitId":"Yugam2508"},"content":"","lastModifiedDate":"2026-01-22T17:36:41","isFullCredit":false},{"lineNumber":17,"author":{"gitId":"Yugam2508"},"content":"        Scanner scanner \u003d new Scanner(System.in);","lastModifiedDate":"2026-01-22T18:08:46","isFullCredit":false},{"lineNumber":18,"author":{"gitId":"Yugam2508"},"content":"        String command \u003d scanner.nextLine();","lastModifiedDate":"2026-01-22T18:08:46","isFullCredit":false},{"lineNumber":19,"author":{"gitId":"Yugam2508"},"content":"","lastModifiedDate":"2026-01-22T17:41:25","isFullCredit":false},{"lineNumber":20,"author":{"gitId":"Yugam2508"},"content":"        while (!command.equals(\"bye\")) {","lastModifiedDate":"2026-01-22T17:41:25","isFullCredit":false},{"lineNumber":21,"author":{"gitId":"Yugam2508"},"content":"            System.out.println(horizontalLine);","lastModifiedDate":"2026-01-22T17:41:25","isFullCredit":false},{"lineNumber":22,"author":{"gitId":"Yugam2508"},"content":"","lastModifiedDate":"2026-01-22T17:41:25","isFullCredit":false},{"lineNumber":23,"author":{"gitId":"Yugam2508"},"content":"            try {","lastModifiedDate":"2026-01-23T09:55:14","isFullCredit":false},{"lineNumber":24,"author":{"gitId":"Yugam2508"},"content":"                if (command.equals(\"list\")) {","lastModifiedDate":"2026-01-22T18:08:46","isFullCredit":false},{"lineNumber":25,"author":{"gitId":"Yugam2508"},"content":"                    System.out.println(\"Here are the tasks in your list:\");","lastModifiedDate":"2026-01-22T18:12:38","isFullCredit":false},{"lineNumber":26,"author":{"gitId":"Yugam2508"},"content":"                    for (int i \u003d 0; i \u003c taskCount; i++) {","lastModifiedDate":"2026-01-22T18:08:46","isFullCredit":false},{"lineNumber":27,"author":{"gitId":"Yugam2508"},"content":"                        System.out.println((i + 1) + \".\" + tasks[i].toString());","lastModifiedDate":"2026-01-22T18:16:17","isFullCredit":false},{"lineNumber":28,"author":{"gitId":"Yugam2508"},"content":"                    }","lastModifiedDate":"2026-01-22T18:08:46","isFullCredit":false},{"lineNumber":29,"author":{"gitId":"Yugam2508"},"content":"","lastModifiedDate":"2026-01-23T09:55:14","isFullCredit":false},{"lineNumber":30,"author":{"gitId":"Yugam2508"},"content":"                } else if (command.startsWith(\"mark\")) {","lastModifiedDate":"2026-01-22T18:12:38","isFullCredit":false},{"lineNumber":31,"author":{"gitId":"Yugam2508"},"content":"                    int index \u003d Integer.parseInt(command.split(\" \")[1]) - 1;","lastModifiedDate":"2026-01-22T18:12:38","isFullCredit":false},{"lineNumber":32,"author":{"gitId":"Yugam2508"},"content":"                    tasks[index].markAsDone();","lastModifiedDate":"2026-01-22T18:12:38","isFullCredit":false},{"lineNumber":33,"author":{"gitId":"Yugam2508"},"content":"                    System.out.println(\"Nice! I\u0027ve marked this task as done:\");","lastModifiedDate":"2026-01-22T18:12:38","isFullCredit":false},{"lineNumber":34,"author":{"gitId":"Yugam2508"},"content":"                    System.out.println(\"  \" + tasks[index].toString());","lastModifiedDate":"2026-01-22T18:16:17","isFullCredit":false},{"lineNumber":35,"author":{"gitId":"Yugam2508"},"content":"","lastModifiedDate":"2026-01-23T09:55:14","isFullCredit":false},{"lineNumber":36,"author":{"gitId":"Yugam2508"},"content":"                } else if (command.startsWith(\"unmark\")) {","lastModifiedDate":"2026-01-22T18:12:38","isFullCredit":false},{"lineNumber":37,"author":{"gitId":"Yugam2508"},"content":"                    int index \u003d Integer.parseInt(command.split(\" \")[1]) - 1;","lastModifiedDate":"2026-01-22T18:12:38","isFullCredit":false},{"lineNumber":38,"author":{"gitId":"Yugam2508"},"content":"                    tasks[index].markAsNotDone();","lastModifiedDate":"2026-01-22T18:12:38","isFullCredit":false},{"lineNumber":39,"author":{"gitId":"Yugam2508"},"content":"                    System.out.println(\"OK, I\u0027ve marked this task as not done yet:\");","lastModifiedDate":"2026-01-22T18:12:38","isFullCredit":false},{"lineNumber":40,"author":{"gitId":"Yugam2508"},"content":"                    System.out.println(\"  \" + tasks[index].toString());","lastModifiedDate":"2026-01-22T18:16:17","isFullCredit":false},{"lineNumber":41,"author":{"gitId":"Yugam2508"},"content":"","lastModifiedDate":"2026-01-23T09:55:14","isFullCredit":false},{"lineNumber":42,"author":{"gitId":"Yugam2508"},"content":"                } else if (command.startsWith(\"delete\")) {","lastModifiedDate":"2026-01-25T19:59:26","isFullCredit":false},{"lineNumber":43,"author":{"gitId":"Yugam2508"},"content":"                    // ---------------------------------------","lastModifiedDate":"2026-01-25T19:59:26","isFullCredit":false},{"lineNumber":44,"author":{"gitId":"Yugam2508"},"content":"                    // LEVEL 6 FEATURE: DELETE","lastModifiedDate":"2026-01-25T19:59:26","isFullCredit":false},{"lineNumber":45,"author":{"gitId":"Yugam2508"},"content":"                    // ---------------------------------------","lastModifiedDate":"2026-01-25T19:59:26","isFullCredit":false},{"lineNumber":46,"author":{"gitId":"Yugam2508"},"content":"                    int index \u003d Integer.parseInt(command.split(\" \")[1]) - 1;","lastModifiedDate":"2026-01-25T19:59:26","isFullCredit":false},{"lineNumber":47,"author":{"gitId":"Yugam2508"},"content":"","lastModifiedDate":"2026-01-25T19:59:26","isFullCredit":false},{"lineNumber":48,"author":{"gitId":"Yugam2508"},"content":"                    // Check if index is valid","lastModifiedDate":"2026-01-25T19:59:26","isFullCredit":false},{"lineNumber":49,"author":{"gitId":"Yugam2508"},"content":"                    if (index \u003c 0 || index \u003e\u003d taskCount) {","lastModifiedDate":"2026-01-25T19:59:26","isFullCredit":false},{"lineNumber":50,"author":{"gitId":"Yugam2508"},"content":"                        throw new JarvisException(\"OOPS!!! The task index provided is invalid.\");","lastModifiedDate":"2026-01-25T19:59:26","isFullCredit":false},{"lineNumber":51,"author":{"gitId":"Yugam2508"},"content":"                    }","lastModifiedDate":"2026-01-25T19:59:26","isFullCredit":false},{"lineNumber":52,"author":{"gitId":"Yugam2508"},"content":"","lastModifiedDate":"2026-01-25T19:59:26","isFullCredit":false},{"lineNumber":53,"author":{"gitId":"Yugam2508"},"content":"                    Task removedTask \u003d tasks[index];","lastModifiedDate":"2026-01-25T19:59:26","isFullCredit":false},{"lineNumber":54,"author":{"gitId":"Yugam2508"},"content":"","lastModifiedDate":"2026-01-25T19:59:26","isFullCredit":false},{"lineNumber":55,"author":{"gitId":"Yugam2508"},"content":"                    // Shift tasks to the left to fill the gap","lastModifiedDate":"2026-01-25T19:59:26","isFullCredit":false},{"lineNumber":56,"author":{"gitId":"Yugam2508"},"content":"                    for (int i \u003d index; i \u003c taskCount - 1; i++) {","lastModifiedDate":"2026-01-25T19:59:26","isFullCredit":false},{"lineNumber":57,"author":{"gitId":"Yugam2508"},"content":"                        tasks[i] \u003d tasks[i + 1];","lastModifiedDate":"2026-01-25T19:59:26","isFullCredit":false},{"lineNumber":58,"author":{"gitId":"Yugam2508"},"content":"                    }","lastModifiedDate":"2026-01-25T19:59:26","isFullCredit":false},{"lineNumber":59,"author":{"gitId":"Yugam2508"},"content":"","lastModifiedDate":"2026-01-25T19:59:26","isFullCredit":false},{"lineNumber":60,"author":{"gitId":"Yugam2508"},"content":"                    taskCount--; // Decrease the count","lastModifiedDate":"2026-01-25T19:59:26","isFullCredit":false},{"lineNumber":61,"author":{"gitId":"Yugam2508"},"content":"","lastModifiedDate":"2026-01-25T19:59:26","isFullCredit":false},{"lineNumber":62,"author":{"gitId":"Yugam2508"},"content":"                    System.out.println(\"Noted. I\u0027ve removed this task:\");","lastModifiedDate":"2026-01-25T19:59:26","isFullCredit":false},{"lineNumber":63,"author":{"gitId":"Yugam2508"},"content":"                    System.out.println(\"  \" + removedTask.toString());","lastModifiedDate":"2026-01-25T19:59:26","isFullCredit":false},{"lineNumber":64,"author":{"gitId":"Yugam2508"},"content":"                    System.out.println(\"Now you have \" + taskCount + \" tasks in the list.\");","lastModifiedDate":"2026-01-25T19:59:26","isFullCredit":false},{"lineNumber":65,"author":{"gitId":"Yugam2508"},"content":"","lastModifiedDate":"2026-01-25T19:59:26","isFullCredit":false},{"lineNumber":66,"author":{"gitId":"Yugam2508"},"content":"                } else if (command.startsWith(\"todo\")) {","lastModifiedDate":"2026-01-22T18:16:17","isFullCredit":false},{"lineNumber":67,"author":{"gitId":"Yugam2508"},"content":"                    if (command.trim().equals(\"todo\")) {","lastModifiedDate":"2026-01-23T09:55:14","isFullCredit":false},{"lineNumber":68,"author":{"gitId":"Yugam2508"},"content":"                        throw new JarvisException(\"OOPS!!! The description of a todo cannot be empty.\");","lastModifiedDate":"2026-01-23T09:55:14","isFullCredit":false},{"lineNumber":69,"author":{"gitId":"Yugam2508"},"content":"                    }","lastModifiedDate":"2026-01-23T09:55:14","isFullCredit":false},{"lineNumber":70,"author":{"gitId":"Yugam2508"},"content":"                    String description \u003d command.substring(5);","lastModifiedDate":"2026-01-23T09:55:14","isFullCredit":false},{"lineNumber":71,"author":{"gitId":"Yugam2508"},"content":"                    tasks[taskCount] \u003d new Todo(description);","lastModifiedDate":"2026-01-22T18:16:17","isFullCredit":false},{"lineNumber":72,"author":{"gitId":"Yugam2508"},"content":"                    taskCount++;","lastModifiedDate":"2026-01-22T18:16:17","isFullCredit":false},{"lineNumber":73,"author":{"gitId":"Yugam2508"},"content":"                    System.out.println(\"Got it. I\u0027ve added this task:\");","lastModifiedDate":"2026-01-22T18:16:17","isFullCredit":false},{"lineNumber":74,"author":{"gitId":"Yugam2508"},"content":"                    System.out.println(\"  \" + tasks[taskCount - 1].toString());","lastModifiedDate":"2026-01-22T18:16:17","isFullCredit":false},{"lineNumber":75,"author":{"gitId":"Yugam2508"},"content":"                    System.out.println(\"Now you have \" + taskCount + \" tasks in the list.\");","lastModifiedDate":"2026-01-22T18:16:17","isFullCredit":false},{"lineNumber":76,"author":{"gitId":"Yugam2508"},"content":"","lastModifiedDate":"2026-01-23T09:55:14","isFullCredit":false},{"lineNumber":77,"author":{"gitId":"Yugam2508"},"content":"                } else if (command.startsWith(\"deadline\")) {","lastModifiedDate":"2026-01-22T18:16:17","isFullCredit":false},{"lineNumber":78,"author":{"gitId":"Yugam2508"},"content":"                    if (command.trim().equals(\"deadline\")) {","lastModifiedDate":"2026-01-23T09:55:14","isFullCredit":false},{"lineNumber":79,"author":{"gitId":"Yugam2508"},"content":"                        throw new JarvisException(\"OOPS!!! The description of a deadline cannot be empty.\");","lastModifiedDate":"2026-01-23T09:55:14","isFullCredit":false},{"lineNumber":80,"author":{"gitId":"Yugam2508"},"content":"                    }","lastModifiedDate":"2026-01-23T09:55:14","isFullCredit":false},{"lineNumber":81,"author":{"gitId":"Yugam2508"},"content":"                    String[] parts \u003d command.substring(9).split(\" /by \");","lastModifiedDate":"2026-01-22T18:16:17","isFullCredit":false},{"lineNumber":82,"author":{"gitId":"Yugam2508"},"content":"                    tasks[taskCount] \u003d new Deadline(parts[0], parts[1]);","lastModifiedDate":"2026-01-22T18:16:17","isFullCredit":false},{"lineNumber":83,"author":{"gitId":"Yugam2508"},"content":"                    taskCount++;","lastModifiedDate":"2026-01-22T18:08:46","isFullCredit":false},{"lineNumber":84,"author":{"gitId":"Yugam2508"},"content":"                    System.out.println(\"Got it. I\u0027ve added this task:\");","lastModifiedDate":"2026-01-22T18:16:17","isFullCredit":false},{"lineNumber":85,"author":{"gitId":"Yugam2508"},"content":"                    System.out.println(\"  \" + tasks[taskCount - 1].toString());","lastModifiedDate":"2026-01-22T18:16:17","isFullCredit":false},{"lineNumber":86,"author":{"gitId":"Yugam2508"},"content":"                    System.out.println(\"Now you have \" + taskCount + \" tasks in the list.\");","lastModifiedDate":"2026-01-22T18:16:17","isFullCredit":false},{"lineNumber":87,"author":{"gitId":"Yugam2508"},"content":"","lastModifiedDate":"2026-01-23T09:55:14","isFullCredit":false},{"lineNumber":88,"author":{"gitId":"Yugam2508"},"content":"                } else if (command.startsWith(\"event\")) {","lastModifiedDate":"2026-01-22T18:16:17","isFullCredit":false},{"lineNumber":89,"author":{"gitId":"Yugam2508"},"content":"                    if (command.trim().equals(\"event\")) {","lastModifiedDate":"2026-01-23T09:55:14","isFullCredit":false},{"lineNumber":90,"author":{"gitId":"Yugam2508"},"content":"                        throw new JarvisException(\"OOPS!!! The description of an event cannot be empty.\");","lastModifiedDate":"2026-01-23T09:55:14","isFullCredit":false},{"lineNumber":91,"author":{"gitId":"Yugam2508"},"content":"                    }","lastModifiedDate":"2026-01-23T09:55:14","isFullCredit":false},{"lineNumber":92,"author":{"gitId":"Yugam2508"},"content":"                    String[] parts \u003d command.substring(6).split(\" /from \");","lastModifiedDate":"2026-01-22T18:16:17","isFullCredit":false},{"lineNumber":93,"author":{"gitId":"Yugam2508"},"content":"                    String description \u003d parts[0];","lastModifiedDate":"2026-01-22T18:16:17","isFullCredit":false},{"lineNumber":94,"author":{"gitId":"Yugam2508"},"content":"                    String[] timeParts \u003d parts[1].split(\" /to \");","lastModifiedDate":"2026-01-22T18:16:17","isFullCredit":false},{"lineNumber":95,"author":{"gitId":"Yugam2508"},"content":"                    tasks[taskCount] \u003d new Event(description, timeParts[0], timeParts[1]);","lastModifiedDate":"2026-01-23T09:55:14","isFullCredit":false},{"lineNumber":96,"author":{"gitId":"Yugam2508"},"content":"                    taskCount++;","lastModifiedDate":"2026-01-22T18:16:17","isFullCredit":false},{"lineNumber":97,"author":{"gitId":"Yugam2508"},"content":"                    System.out.println(\"Got it. I\u0027ve added this task:\");","lastModifiedDate":"2026-01-22T18:16:17","isFullCredit":false},{"lineNumber":98,"author":{"gitId":"Yugam2508"},"content":"                    System.out.println(\"  \" + tasks[taskCount - 1].toString());","lastModifiedDate":"2026-01-22T18:16:17","isFullCredit":false},{"lineNumber":99,"author":{"gitId":"Yugam2508"},"content":"                    System.out.println(\"Now you have \" + taskCount + \" tasks in the list.\");","lastModifiedDate":"2026-01-22T18:16:17","isFullCredit":false},{"lineNumber":100,"author":{"gitId":"Yugam2508"},"content":"","lastModifiedDate":"2026-01-23T09:55:14","isFullCredit":false},{"lineNumber":101,"author":{"gitId":"Yugam2508"},"content":"                } else {","lastModifiedDate":"2026-01-23T09:55:14","isFullCredit":false},{"lineNumber":102,"author":{"gitId":"Yugam2508"},"content":"                    throw new JarvisException(\"OOPS!!! I\u0027m sorry, but I don\u0027t know what that means :-(\");","lastModifiedDate":"2026-01-23T09:55:14","isFullCredit":false},{"lineNumber":103,"author":{"gitId":"Yugam2508"},"content":"                }","lastModifiedDate":"2026-01-23T09:55:14","isFullCredit":false},{"lineNumber":104,"author":{"gitId":"Yugam2508"},"content":"","lastModifiedDate":"2026-01-23T09:55:14","isFullCredit":false},{"lineNumber":105,"author":{"gitId":"Yugam2508"},"content":"            } catch (JarvisException e) {","lastModifiedDate":"2026-01-23T09:55:14","isFullCredit":false},{"lineNumber":106,"author":{"gitId":"Yugam2508"},"content":"                System.out.println(e.getMessage());","lastModifiedDate":"2026-01-23T09:55:14","isFullCredit":false},{"lineNumber":107,"author":{"gitId":"Yugam2508"},"content":"            } catch (Exception e) {","lastModifiedDate":"2026-01-23T09:55:14","isFullCredit":false},{"lineNumber":108,"author":{"gitId":"Yugam2508"},"content":"                System.out.println(\"OOPS!!! Something went wrong: \" + e.getMessage());","lastModifiedDate":"2026-01-23T09:55:14","isFullCredit":false},{"lineNumber":109,"author":{"gitId":"Yugam2508"},"content":"            }","lastModifiedDate":"2026-01-22T18:08:46","isFullCredit":false},{"lineNumber":110,"author":{"gitId":"Yugam2508"},"content":"","lastModifiedDate":"2026-01-22T18:08:46","isFullCredit":false},{"lineNumber":111,"author":{"gitId":"Yugam2508"},"content":"            System.out.println(horizontalLine);","lastModifiedDate":"2026-01-22T18:08:46","isFullCredit":false},{"lineNumber":112,"author":{"gitId":"Yugam2508"},"content":"            command \u003d scanner.nextLine();","lastModifiedDate":"2026-01-22T18:08:46","isFullCredit":false},{"lineNumber":113,"author":{"gitId":"Yugam2508"},"content":"        }","lastModifiedDate":"2026-01-22T17:41:25","isFullCredit":false},{"lineNumber":114,"author":{"gitId":"Yugam2508"},"content":"","lastModifiedDate":"2026-01-22T17:41:25","isFullCredit":false},{"lineNumber":115,"author":{"gitId":"Yugam2508"},"content":"        System.out.println(horizontalLine);","lastModifiedDate":"2026-01-22T17:41:25","isFullCredit":false},{"lineNumber":116,"author":{"gitId":"Yugam2508"},"content":"        System.out.println(\"Bye. Hope to see you again soon!\");","lastModifiedDate":"2026-01-22T17:36:41","isFullCredit":false},{"lineNumber":117,"author":{"gitId":"Yugam2508"},"content":"        System.out.println(horizontalLine);","lastModifiedDate":"2026-01-22T17:36:41","isFullCredit":false},{"lineNumber":118,"author":{"gitId":"Yugam2508"},"content":"        scanner.close();","lastModifiedDate":"2026-01-22T17:41:25","isFullCredit":false},{"lineNumber":119,"author":{"gitId":"Yugam2508"},"content":"    }","lastModifiedDate":"2026-01-22T17:36:41","isFullCredit":false},{"lineNumber":120,"author":{"gitId":"Yugam2508"},"content":"}","lastModifiedDate":"2026-01-22T17:36:41","isFullCredit":false},{"lineNumber":121,"author":{"gitId":"Yugam2508"},"content":"","lastModifiedDate":"2026-01-22T18:12:38","isFullCredit":false},{"lineNumber":122,"author":{"gitId":"Yugam2508"},"content":"// ------------------------------------","lastModifiedDate":"2026-01-23T09:55:14","isFullCredit":false},{"lineNumber":123,"author":{"gitId":"Yugam2508"},"content":"// Custom Exception","lastModifiedDate":"2026-01-25T19:59:26","isFullCredit":false},{"lineNumber":124,"author":{"gitId":"Yugam2508"},"content":"// ------------------------------------","lastModifiedDate":"2026-01-23T09:55:14","isFullCredit":false},{"lineNumber":125,"author":{"gitId":"Yugam2508"},"content":"class JarvisException extends Exception {","lastModifiedDate":"2026-01-23T09:55:14","isFullCredit":false},{"lineNumber":126,"author":{"gitId":"Yugam2508"},"content":"    public JarvisException(String message) {","lastModifiedDate":"2026-01-23T09:55:14","isFullCredit":false},{"lineNumber":127,"author":{"gitId":"Yugam2508"},"content":"        super(message);","lastModifiedDate":"2026-01-23T09:55:14","isFullCredit":false},{"lineNumber":128,"author":{"gitId":"Yugam2508"},"content":"    }","lastModifiedDate":"2026-01-23T09:55:14","isFullCredit":false},{"lineNumber":129,"author":{"gitId":"Yugam2508"},"content":"}","lastModifiedDate":"2026-01-23T09:55:14","isFullCredit":false},{"lineNumber":130,"author":{"gitId":"Yugam2508"},"content":"","lastModifiedDate":"2026-01-23T09:55:14","isFullCredit":false},{"lineNumber":131,"author":{"gitId":"Yugam2508"},"content":"// ------------------------------------","lastModifiedDate":"2026-01-23T09:55:14","isFullCredit":false},{"lineNumber":132,"author":{"gitId":"Yugam2508"},"content":"// Task Classes (Unchanged)","lastModifiedDate":"2026-01-25T19:59:26","isFullCredit":false},{"lineNumber":133,"author":{"gitId":"Yugam2508"},"content":"// ------------------------------------","lastModifiedDate":"2026-01-23T09:55:14","isFullCredit":false},{"lineNumber":134,"author":{"gitId":"Yugam2508"},"content":"class Task {","lastModifiedDate":"2026-01-22T18:12:38","isFullCredit":false},{"lineNumber":135,"author":{"gitId":"Yugam2508"},"content":"    protected String description;","lastModifiedDate":"2026-01-22T18:12:38","isFullCredit":false},{"lineNumber":136,"author":{"gitId":"Yugam2508"},"content":"    protected boolean isDone;","lastModifiedDate":"2026-01-22T18:12:38","isFullCredit":false},{"lineNumber":137,"author":{"gitId":"Yugam2508"},"content":"","lastModifiedDate":"2026-01-22T18:12:38","isFullCredit":false},{"lineNumber":138,"author":{"gitId":"Yugam2508"},"content":"    public Task(String description) {","lastModifiedDate":"2026-01-22T18:12:38","isFullCredit":false},{"lineNumber":139,"author":{"gitId":"Yugam2508"},"content":"        this.description \u003d description;","lastModifiedDate":"2026-01-22T18:12:38","isFullCredit":false},{"lineNumber":140,"author":{"gitId":"Yugam2508"},"content":"        this.isDone \u003d false;","lastModifiedDate":"2026-01-22T18:12:38","isFullCredit":false},{"lineNumber":141,"author":{"gitId":"Yugam2508"},"content":"    }","lastModifiedDate":"2026-01-22T18:12:38","isFullCredit":false},{"lineNumber":142,"author":{"gitId":"Yugam2508"},"content":"","lastModifiedDate":"2026-01-22T18:12:38","isFullCredit":false},{"lineNumber":143,"author":{"gitId":"Yugam2508"},"content":"    public String getStatusIcon() {","lastModifiedDate":"2026-01-22T18:12:38","isFullCredit":false},{"lineNumber":144,"author":{"gitId":"Yugam2508"},"content":"        return (isDone ? \"X\" : \" \");","lastModifiedDate":"2026-01-22T18:16:17","isFullCredit":false},{"lineNumber":145,"author":{"gitId":"Yugam2508"},"content":"    }","lastModifiedDate":"2026-01-22T18:12:38","isFullCredit":false},{"lineNumber":146,"author":{"gitId":"Yugam2508"},"content":"","lastModifiedDate":"2026-01-22T18:12:38","isFullCredit":false},{"lineNumber":147,"author":{"gitId":"Yugam2508"},"content":"    public void markAsDone() {","lastModifiedDate":"2026-01-22T18:12:38","isFullCredit":false},{"lineNumber":148,"author":{"gitId":"Yugam2508"},"content":"        this.isDone \u003d true;","lastModifiedDate":"2026-01-22T18:12:38","isFullCredit":false},{"lineNumber":149,"author":{"gitId":"Yugam2508"},"content":"    }","lastModifiedDate":"2026-01-22T18:12:38","isFullCredit":false},{"lineNumber":150,"author":{"gitId":"Yugam2508"},"content":"","lastModifiedDate":"2026-01-22T18:12:38","isFullCredit":false},{"lineNumber":151,"author":{"gitId":"Yugam2508"},"content":"    public void markAsNotDone() {","lastModifiedDate":"2026-01-22T18:12:38","isFullCredit":false},{"lineNumber":152,"author":{"gitId":"Yugam2508"},"content":"        this.isDone \u003d false;","lastModifiedDate":"2026-01-22T18:12:38","isFullCredit":false},{"lineNumber":153,"author":{"gitId":"Yugam2508"},"content":"    }","lastModifiedDate":"2026-01-22T18:12:38","isFullCredit":false},{"lineNumber":154,"author":{"gitId":"Yugam2508"},"content":"","lastModifiedDate":"2026-01-22T18:16:17","isFullCredit":false},{"lineNumber":155,"author":{"gitId":"Yugam2508"},"content":"    public String toString() {","lastModifiedDate":"2026-01-22T18:16:17","isFullCredit":false},{"lineNumber":156,"author":{"gitId":"Yugam2508"},"content":"        return \"[\" + getStatusIcon() + \"] \" + description;","lastModifiedDate":"2026-01-22T18:16:17","isFullCredit":false},{"lineNumber":157,"author":{"gitId":"Yugam2508"},"content":"    }","lastModifiedDate":"2026-01-22T18:16:17","isFullCredit":false},{"lineNumber":158,"author":{"gitId":"Yugam2508"},"content":"}","lastModifiedDate":"2026-01-22T18:16:17","isFullCredit":false},{"lineNumber":159,"author":{"gitId":"Yugam2508"},"content":"","lastModifiedDate":"2026-01-22T18:16:17","isFullCredit":false},{"lineNumber":160,"author":{"gitId":"Yugam2508"},"content":"class Todo extends Task {","lastModifiedDate":"2026-01-22T18:16:17","isFullCredit":false},{"lineNumber":161,"author":{"gitId":"Yugam2508"},"content":"    public Todo(String description) {","lastModifiedDate":"2026-01-22T18:16:17","isFullCredit":false},{"lineNumber":162,"author":{"gitId":"Yugam2508"},"content":"        super(description);","lastModifiedDate":"2026-01-22T18:16:17","isFullCredit":false},{"lineNumber":163,"author":{"gitId":"Yugam2508"},"content":"    }","lastModifiedDate":"2026-01-22T18:16:17","isFullCredit":false},{"lineNumber":164,"author":{"gitId":"Yugam2508"},"content":"","lastModifiedDate":"2026-01-22T18:16:17","isFullCredit":false},{"lineNumber":165,"author":{"gitId":"Yugam2508"},"content":"    @Override","lastModifiedDate":"2026-01-22T18:16:17","isFullCredit":false},{"lineNumber":166,"author":{"gitId":"Yugam2508"},"content":"    public String toString() {","lastModifiedDate":"2026-01-22T18:16:17","isFullCredit":false},{"lineNumber":167,"author":{"gitId":"Yugam2508"},"content":"        return \"[T]\" + super.toString();","lastModifiedDate":"2026-01-22T18:16:17","isFullCredit":false},{"lineNumber":168,"author":{"gitId":"Yugam2508"},"content":"    }","lastModifiedDate":"2026-01-22T18:16:17","isFullCredit":false},{"lineNumber":169,"author":{"gitId":"Yugam2508"},"content":"}","lastModifiedDate":"2026-01-22T18:16:17","isFullCredit":false},{"lineNumber":170,"author":{"gitId":"Yugam2508"},"content":"","lastModifiedDate":"2026-01-22T18:16:17","isFullCredit":false},{"lineNumber":171,"author":{"gitId":"Yugam2508"},"content":"class Deadline extends Task {","lastModifiedDate":"2026-01-22T18:16:17","isFullCredit":false},{"lineNumber":172,"author":{"gitId":"Yugam2508"},"content":"    protected String by;","lastModifiedDate":"2026-01-22T18:16:17","isFullCredit":false},{"lineNumber":173,"author":{"gitId":"Yugam2508"},"content":"","lastModifiedDate":"2026-01-22T18:16:17","isFullCredit":false},{"lineNumber":174,"author":{"gitId":"Yugam2508"},"content":"    public Deadline(String description, String by) {","lastModifiedDate":"2026-01-22T18:16:17","isFullCredit":false},{"lineNumber":175,"author":{"gitId":"Yugam2508"},"content":"        super(description);","lastModifiedDate":"2026-01-22T18:16:17","isFullCredit":false},{"lineNumber":176,"author":{"gitId":"Yugam2508"},"content":"        this.by \u003d by;","lastModifiedDate":"2026-01-22T18:16:17","isFullCredit":false},{"lineNumber":177,"author":{"gitId":"Yugam2508"},"content":"    }","lastModifiedDate":"2026-01-22T18:16:17","isFullCredit":false},{"lineNumber":178,"author":{"gitId":"Yugam2508"},"content":"","lastModifiedDate":"2026-01-22T18:16:17","isFullCredit":false},{"lineNumber":179,"author":{"gitId":"Yugam2508"},"content":"    @Override","lastModifiedDate":"2026-01-22T18:16:17","isFullCredit":false},{"lineNumber":180,"author":{"gitId":"Yugam2508"},"content":"    public String toString() {","lastModifiedDate":"2026-01-22T18:16:17","isFullCredit":false},{"lineNumber":181,"author":{"gitId":"Yugam2508"},"content":"        return \"[D]\" + super.toString() + \" (by: \" + by + \")\";","lastModifiedDate":"2026-01-22T18:16:17","isFullCredit":false},{"lineNumber":182,"author":{"gitId":"Yugam2508"},"content":"    }","lastModifiedDate":"2026-01-22T18:16:17","isFullCredit":false},{"lineNumber":183,"author":{"gitId":"Yugam2508"},"content":"}","lastModifiedDate":"2026-01-22T18:16:17","isFullCredit":false},{"lineNumber":184,"author":{"gitId":"Yugam2508"},"content":"","lastModifiedDate":"2026-01-22T18:16:17","isFullCredit":false},{"lineNumber":185,"author":{"gitId":"Yugam2508"},"content":"class Event extends Task {","lastModifiedDate":"2026-01-22T18:16:17","isFullCredit":false},{"lineNumber":186,"author":{"gitId":"Yugam2508"},"content":"    protected String from;","lastModifiedDate":"2026-01-22T18:16:17","isFullCredit":false},{"lineNumber":187,"author":{"gitId":"Yugam2508"},"content":"    protected String to;","lastModifiedDate":"2026-01-22T18:16:17","isFullCredit":false},{"lineNumber":188,"author":{"gitId":"Yugam2508"},"content":"","lastModifiedDate":"2026-01-22T18:16:17","isFullCredit":false},{"lineNumber":189,"author":{"gitId":"Yugam2508"},"content":"    public Event(String description, String from, String to) {","lastModifiedDate":"2026-01-22T18:16:17","isFullCredit":false},{"lineNumber":190,"author":{"gitId":"Yugam2508"},"content":"        super(description);","lastModifiedDate":"2026-01-22T18:16:17","isFullCredit":false},{"lineNumber":191,"author":{"gitId":"Yugam2508"},"content":"        this.from \u003d from;","lastModifiedDate":"2026-01-22T18:16:17","isFullCredit":false},{"lineNumber":192,"author":{"gitId":"Yugam2508"},"content":"        this.to \u003d to;","lastModifiedDate":"2026-01-22T18:16:17","isFullCredit":false},{"lineNumber":193,"author":{"gitId":"Yugam2508"},"content":"    }","lastModifiedDate":"2026-01-22T18:16:17","isFullCredit":false},{"lineNumber":194,"author":{"gitId":"Yugam2508"},"content":"","lastModifiedDate":"2026-01-22T18:16:17","isFullCredit":false},{"lineNumber":195,"author":{"gitId":"Yugam2508"},"content":"    @Override","lastModifiedDate":"2026-01-22T18:16:17","isFullCredit":false},{"lineNumber":196,"author":{"gitId":"Yugam2508"},"content":"    public String toString() {","lastModifiedDate":"2026-01-22T18:16:17","isFullCredit":false},{"lineNumber":197,"author":{"gitId":"Yugam2508"},"content":"        return \"[E]\" + super.toString() + \" (from: \" + from + \" to: \" + to + \")\";","lastModifiedDate":"2026-01-22T18:16:17","isFullCredit":false},{"lineNumber":198,"author":{"gitId":"Yugam2508"},"content":"    }","lastModifiedDate":"2026-01-22T18:16:17","isFullCredit":false},{"lineNumber":199,"author":{"gitId":"Yugam2508"},"content":"}","lastModifiedDate":"2026-01-22T18:12:38","isFullCredit":false}],"authorContributionMap":{"Yugam2508":199}},{"path":"text-ui-test/input.txt","fileType":"txt","lines":[{"lineNumber":1,"author":{"gitId":"Yugam2508"},"content":"list","lastModifiedDate":"2026-01-23T09:42:44","isFullCredit":false},{"lineNumber":2,"author":{"gitId":"Yugam2508"},"content":"todo read book","lastModifiedDate":"2026-01-23T09:42:44","isFullCredit":false},{"lineNumber":3,"author":{"gitId":"Yugam2508"},"content":"deadline return book /by Sunday","lastModifiedDate":"2026-01-23T09:42:44","isFullCredit":false},{"lineNumber":4,"author":{"gitId":"Yugam2508"},"content":"event project meeting /from Mon 2pm /to 4pm","lastModifiedDate":"2026-01-23T09:42:44","isFullCredit":false},{"lineNumber":5,"author":{"gitId":"Yugam2508"},"content":"list","lastModifiedDate":"2026-01-23T09:42:44","isFullCredit":false},{"lineNumber":6,"author":{"gitId":"Yugam2508"},"content":"bye","lastModifiedDate":"2026-01-23T09:42:44","isFullCredit":false}],"authorContributionMap":{"Yugam2508":6}}]
