{"authorDailyContributionsMap":{"Yugam2508":[{"date":"2026-01-22T00:00:00","commitResults":[{"hash":"731d79f013169bb3d09c63106d0c62ef0fe380d8","isMergeCommit":false,"messageTitle":"Level-0: Rename, Greet, Exit","messageBody":"","tags":["Level-0"],"fileTypesAndContributionMap":{"java":{"insertions":16,"deletions":10}}},{"hash":"cafeade45a5e92ae770746804bb3e9222ed26c7d","isMergeCommit":false,"messageTitle":"Level-1: Echo","messageBody":"","tags":["Level-1"],"fileTypesAndContributionMap":{"java":{"insertions":18,"deletions":1}}},{"hash":"e8a81384dbbe67ed64ed30009b52a7f082665f8a","isMergeCommit":false,"messageTitle":"Level-2: Add and List","messageBody":"","tags":["Level-2"],"fileTypesAndContributionMap":{"java":{"insertions":20,"deletions":6}}},{"hash":"d871fedad33b898d707ea1c991075f2998cd8e8c","isMergeCommit":false,"messageTitle":"Level-3: Mark as Done","messageBody":"","tags":["Level-3"],"fileTypesAndContributionMap":{"java":{"insertions":43,"deletions":9}}},{"hash":"a4fb9f8a07cf58f0a558681451a5c11fb3dc2b58","isMergeCommit":false,"messageTitle":"Level-4: ToDo, Event, Deadline","messageBody":"","tags":["Level-4"],"fileTypesAndContributionMap":{"java":{"insertions":80,"deletions":14}}}]},{"date":"2026-01-23T00:00:00","commitResults":[{"hash":"0f25a92091a0d22cd4343dbd32b12f6a8bd0a9ec","isMergeCommit":false,"messageTitle":"A-TextUiTesting: Set up automated testing","messageBody":"","tags":["A-TextUiTesting"],"fileTypesAndContributionMap":{"txt":{"insertions":6,"deletions":0}}},{"hash":"a5c6682c0187fa0899ef6c82002ed7f711bbc0c3","isMergeCommit":false,"messageTitle":"Level-5: Handle Errors with custom Exception","messageBody":"","tags":["Level-5"],"fileTypesAndContributionMap":{"java":{"insertions":85,"deletions":42}}}]},{"date":"2026-01-25T00:00:00","commitResults":[{"hash":"68b04013c32c5fc6b25d18d49c1ce2d711d88fe7","isMergeCommit":false,"messageTitle":"Level-6: Delete","messageBody":"","tags":["Level-6"],"fileTypesAndContributionMap":{"java":{"insertions":26,"deletions":17}}}]}]},"authorFileTypeContributionMap":{"Yugam2508":{"java":199,"md":0,"txt":6}},"authorContributionVariance":{"Yugam2508":2417.9617},"authorDisplayNameMap":{"Yugam2508":"Yugam2508"}}
