[{"path":"ai.md","fileType":"md","lines":[{"lineNumber":1,"author":{"gitId":"Manya Gupta"},"content":"Week 3:","lastModifiedDate":"2026-01-30T21:10:53","isFullCredit":false},{"lineNumber":2,"author":{"gitId":"Manya Gupta"},"content":"Level-3 - used claude to make my change of the arraylist to ArrayList\u003cString[]\u003e consistent across all parameters","lastModifiedDate":"2026-01-30T21:10:53","isFullCredit":false},{"lineNumber":3,"author":{"gitId":"Manya Gupta"},"content":"Level-4 - I tried to see if claude could generate the entire set of 3 commands on its own, it was pretty accurate but I had to make certain changes irregardless, to make the code simpler, but largely driven by claude.","lastModifiedDate":"2026-01-30T21:37:50","isFullCredit":false},{"lineNumber":4,"author":{"gitId":"Manya Gupta"},"content":"Level-6 - used claude to verify any edge cases, it added more error catching messages.","lastModifiedDate":"2026-01-30T22:12:56","isFullCredit":false}],"authorContributionMap":{"Manya Gupta":4}},{"path":"src/main/java/Mercury.java","fileType":"java","lines":[{"lineNumber":1,"author":{"gitId":"Manya Gupta"},"content":"import java.util.ArrayList;","lastModifiedDate":"2026-01-30T20:57:08","isFullCredit":false},{"lineNumber":2,"author":{"gitId":"Manya Gupta"},"content":"import java.util.Scanner;","lastModifiedDate":"2026-01-30T20:51:48","isFullCredit":false},{"lineNumber":3,"author":{"gitId":"Manya Gupta"},"content":"","lastModifiedDate":"2026-01-30T20:51:48","isFullCredit":false},{"lineNumber":4,"author":{"gitId":"Manya Gupta"},"content":"public class Mercury {","lastModifiedDate":"2026-01-30T16:58:51","isFullCredit":false},{"lineNumber":5,"author":{"gitId":"Manya Gupta"},"content":"    public static void main(String[] args) {","lastModifiedDate":"2026-01-30T16:58:51","isFullCredit":false},{"lineNumber":6,"author":{"gitId":"Manya Gupta"},"content":"        String name \u003d \"Mercury\";","lastModifiedDate":"2026-01-30T16:58:51","isFullCredit":false},{"lineNumber":7,"author":{"gitId":"Manya Gupta"},"content":"        System.out.println(\"Hello! I\u0027m \" + name + \"\\n\" + \"What can I do for you?\");","lastModifiedDate":"2026-01-30T16:58:51","isFullCredit":false},{"lineNumber":8,"author":{"gitId":"Manya Gupta"},"content":"        System.out.println(\"_________________________________________________\");","lastModifiedDate":"2026-01-30T16:58:51","isFullCredit":false},{"lineNumber":9,"author":{"gitId":"Manya Gupta"},"content":"        Scanner myObj \u003d new Scanner(System.in);  // Create a Scanner object","lastModifiedDate":"2026-01-30T20:51:48","isFullCredit":false},{"lineNumber":10,"author":{"gitId":"Manya Gupta"},"content":"        String userinput \u003d myObj.nextLine();  // Read user input","lastModifiedDate":"2026-01-30T20:51:48","isFullCredit":false},{"lineNumber":11,"author":{"gitId":"Manya Gupta"},"content":"        ArrayList\u003cString[]\u003e userlist \u003d new ArrayList\u003c\u003e();","lastModifiedDate":"2026-01-30T21:10:53","isFullCredit":false},{"lineNumber":12,"author":{"gitId":"Manya Gupta"},"content":"","lastModifiedDate":"2026-01-30T21:10:53","isFullCredit":false},{"lineNumber":13,"author":{"gitId":"Manya Gupta"},"content":"        while (!userinput.equals(\"bye\")) {","lastModifiedDate":"2026-01-30T20:51:48","isFullCredit":false},{"lineNumber":14,"author":{"gitId":"Manya Gupta"},"content":"            System.out.println(\"_________________________________________________\");","lastModifiedDate":"2026-01-30T20:51:48","isFullCredit":false},{"lineNumber":15,"author":{"gitId":"Manya Gupta"},"content":"","lastModifiedDate":"2026-01-30T21:10:53","isFullCredit":false},{"lineNumber":16,"author":{"gitId":"Manya Gupta"},"content":"            if (userinput.equals(\"list\")) {","lastModifiedDate":"2026-01-30T20:57:08","isFullCredit":false},{"lineNumber":17,"author":{"gitId":"Manya Gupta"},"content":"                System.out.println(userinput);","lastModifiedDate":"2026-01-30T20:51:48","isFullCredit":false},{"lineNumber":18,"author":{"gitId":"Manya Gupta"},"content":"                for (int i \u003d 0; i \u003c userlist.size(); i++) {","lastModifiedDate":"2026-01-30T20:57:08","isFullCredit":false},{"lineNumber":19,"author":{"gitId":"Manya Gupta"},"content":"                    String[] task \u003d userlist.get(i);","lastModifiedDate":"2026-01-30T21:10:53","isFullCredit":false},{"lineNumber":20,"author":{"gitId":"Manya Gupta"},"content":"                    System.out.print((i + 1) + \". [\" + task[0] + \"][\" + task[1] + \"] \" + task[2]);","lastModifiedDate":"2026-01-30T21:37:50","isFullCredit":false},{"lineNumber":21,"author":{"gitId":"Manya Gupta"},"content":"                    if (!task[3].isEmpty()) {","lastModifiedDate":"2026-01-30T21:37:50","isFullCredit":false},{"lineNumber":22,"author":{"gitId":"Manya Gupta"},"content":"                        System.out.print(\" \" + task[3]);","lastModifiedDate":"2026-01-30T21:37:50","isFullCredit":false},{"lineNumber":23,"author":{"gitId":"Manya Gupta"},"content":"                    }","lastModifiedDate":"2026-01-30T21:37:50","isFullCredit":false},{"lineNumber":24,"author":{"gitId":"Manya Gupta"},"content":"                    System.out.println();","lastModifiedDate":"2026-01-30T21:37:50","isFullCredit":false},{"lineNumber":25,"author":{"gitId":"Manya Gupta"},"content":"                }","lastModifiedDate":"2026-01-30T21:10:53","isFullCredit":false},{"lineNumber":26,"author":{"gitId":"Manya Gupta"},"content":"            }","lastModifiedDate":"2026-01-30T21:10:53","isFullCredit":false},{"lineNumber":27,"author":{"gitId":"Manya Gupta"},"content":"            else if (userinput.startsWith(\"mark\")) {","lastModifiedDate":"2026-01-30T21:10:53","isFullCredit":false},{"lineNumber":28,"author":{"gitId":"Manya Gupta"},"content":"                int taskIndex \u003d Integer.parseInt(userinput.substring(5)) - 1;","lastModifiedDate":"2026-01-30T21:10:53","isFullCredit":false},{"lineNumber":29,"author":{"gitId":"Manya Gupta"},"content":"                if (taskIndex \u003e\u003d 0 \u0026\u0026 taskIndex \u003c userlist.size()) {","lastModifiedDate":"2026-01-30T21:10:53","isFullCredit":false},{"lineNumber":30,"author":{"gitId":"Manya Gupta"},"content":"                    userlist.get(taskIndex)[1] \u003d \"X\";","lastModifiedDate":"2026-01-30T21:10:53","isFullCredit":false},{"lineNumber":31,"author":{"gitId":"Manya Gupta"},"content":"                    String[] task \u003d userlist.get(taskIndex);","lastModifiedDate":"2026-01-30T21:37:50","isFullCredit":false},{"lineNumber":32,"author":{"gitId":"Manya Gupta"},"content":"                    System.out.print(\"I\u0027ve marked this task as done:\\n  [\" + task[0] + \"][X] \" + task[2]);","lastModifiedDate":"2026-01-30T21:37:50","isFullCredit":false},{"lineNumber":33,"author":{"gitId":"Manya Gupta"},"content":"                    if (!task[3].isEmpty()) {","lastModifiedDate":"2026-01-30T21:37:50","isFullCredit":false},{"lineNumber":34,"author":{"gitId":"Manya Gupta"},"content":"                        System.out.print(\" \" + task[3]);","lastModifiedDate":"2026-01-30T21:37:50","isFullCredit":false},{"lineNumber":35,"author":{"gitId":"Manya Gupta"},"content":"                    }","lastModifiedDate":"2026-01-30T21:37:50","isFullCredit":false},{"lineNumber":36,"author":{"gitId":"Manya Gupta"},"content":"                    System.out.println();","lastModifiedDate":"2026-01-30T21:37:50","isFullCredit":false},{"lineNumber":37,"author":{"gitId":"Manya Gupta"},"content":"                }","lastModifiedDate":"2026-01-30T21:10:53","isFullCredit":false},{"lineNumber":38,"author":{"gitId":"Manya Gupta"},"content":"                else {System.out.print(\"oops plz specify what to mark done\");}","lastModifiedDate":"2026-01-30T22:03:14","isFullCredit":false},{"lineNumber":39,"author":{"gitId":"Manya Gupta"},"content":"            }","lastModifiedDate":"2026-01-30T21:10:53","isFullCredit":false},{"lineNumber":40,"author":{"gitId":"Manya Gupta"},"content":"            else if (userinput.startsWith(\"unmark\")) {","lastModifiedDate":"2026-01-30T21:10:53","isFullCredit":false},{"lineNumber":41,"author":{"gitId":"Manya Gupta"},"content":"                int taskIndex \u003d Integer.parseInt(userinput.substring(7)) - 1;","lastModifiedDate":"2026-01-30T21:10:53","isFullCredit":false},{"lineNumber":42,"author":{"gitId":"Manya Gupta"},"content":"                if (taskIndex \u003e\u003d 0 \u0026\u0026 taskIndex \u003c userlist.size()) {","lastModifiedDate":"2026-01-30T21:10:53","isFullCredit":false},{"lineNumber":43,"author":{"gitId":"Manya Gupta"},"content":"                    userlist.get(taskIndex)[1] \u003d \" \";","lastModifiedDate":"2026-01-30T21:10:53","isFullCredit":false},{"lineNumber":44,"author":{"gitId":"Manya Gupta"},"content":"                    String[] task \u003d userlist.get(taskIndex);","lastModifiedDate":"2026-01-30T21:37:50","isFullCredit":false},{"lineNumber":45,"author":{"gitId":"Manya Gupta"},"content":"                    System.out.print(\"OK, I\u0027ve marked this task as not done yet:\\n  [\" + task[0] + \"][ ] \" + task[2]);","lastModifiedDate":"2026-01-30T21:37:50","isFullCredit":false},{"lineNumber":46,"author":{"gitId":"Manya Gupta"},"content":"                    if (!task[3].isEmpty()) {","lastModifiedDate":"2026-01-30T21:37:50","isFullCredit":false},{"lineNumber":47,"author":{"gitId":"Manya Gupta"},"content":"                        System.out.print(\" \" + task[3]);","lastModifiedDate":"2026-01-30T21:37:50","isFullCredit":false},{"lineNumber":48,"author":{"gitId":"Manya Gupta"},"content":"                    }","lastModifiedDate":"2026-01-30T20:57:08","isFullCredit":false},{"lineNumber":49,"author":{"gitId":"Manya Gupta"},"content":"                    System.out.println();","lastModifiedDate":"2026-01-30T21:37:50","isFullCredit":false},{"lineNumber":50,"author":{"gitId":"Manya Gupta"},"content":"                }","lastModifiedDate":"2026-01-30T20:57:08","isFullCredit":false},{"lineNumber":51,"author":{"gitId":"Manya Gupta"},"content":"                else {System.out.print(\"oops plz specify what to mark undone\");}","lastModifiedDate":"2026-01-30T22:03:14","isFullCredit":false},{"lineNumber":52,"author":{"gitId":"Manya Gupta"},"content":"            }","lastModifiedDate":"2026-01-30T21:37:50","isFullCredit":false},{"lineNumber":53,"author":{"gitId":"Manya Gupta"},"content":"            else if (userinput.startsWith(\"todo \")) {","lastModifiedDate":"2026-01-30T21:37:50","isFullCredit":false},{"lineNumber":54,"author":{"gitId":"Manya Gupta"},"content":"                String description \u003d userinput.substring(5);","lastModifiedDate":"2026-01-30T21:37:50","isFullCredit":false},{"lineNumber":55,"author":{"gitId":"Manya Gupta"},"content":"                if (description.isEmpty()){","lastModifiedDate":"2026-01-30T22:03:14","isFullCredit":false},{"lineNumber":56,"author":{"gitId":"Manya Gupta"},"content":"                    System.out.print(\"oops todo must be followed by the action item\");","lastModifiedDate":"2026-01-30T22:03:14","isFullCredit":false},{"lineNumber":57,"author":{"gitId":"Manya Gupta"},"content":"                }","lastModifiedDate":"2026-01-30T22:03:14","isFullCredit":false},{"lineNumber":58,"author":{"gitId":"Manya Gupta"},"content":"                else {","lastModifiedDate":"2026-01-30T22:12:56","isFullCredit":false},{"lineNumber":59,"author":{"gitId":"Manya Gupta"},"content":"                    String[] newTask \u003d {\"T\", \" \", description, \"\"};","lastModifiedDate":"2026-01-30T21:37:50","isFullCredit":false},{"lineNumber":60,"author":{"gitId":"Manya Gupta"},"content":"                    userlist.add(newTask);","lastModifiedDate":"2026-01-30T21:37:50","isFullCredit":false},{"lineNumber":61,"author":{"gitId":"Manya Gupta"},"content":"                    System.out.println(\"Got it. I\u0027ve added this task:\");","lastModifiedDate":"2026-01-30T21:37:50","isFullCredit":false},{"lineNumber":62,"author":{"gitId":"Manya Gupta"},"content":"                    System.out.println(\"[T][ ] \" + description);","lastModifiedDate":"2026-01-30T21:37:50","isFullCredit":false},{"lineNumber":63,"author":{"gitId":"Manya Gupta"},"content":"                    System.out.println(\"Now you have \" + userlist.size() + \" tasks in the list.\");","lastModifiedDate":"2026-01-30T21:37:50","isFullCredit":false},{"lineNumber":64,"author":{"gitId":"Manya Gupta"},"content":"                }","lastModifiedDate":"2026-01-30T21:37:50","isFullCredit":false},{"lineNumber":65,"author":{"gitId":"Manya Gupta"},"content":"            }","lastModifiedDate":"2026-01-30T22:12:56","isFullCredit":false},{"lineNumber":66,"author":{"gitId":"Manya Gupta"},"content":"            else if (userinput.startsWith(\"deadline \")) {","lastModifiedDate":"2026-01-30T21:37:50","isFullCredit":false},{"lineNumber":67,"author":{"gitId":"Manya Gupta"},"content":"                String rest \u003d userinput.substring(9);","lastModifiedDate":"2026-01-30T21:37:50","isFullCredit":false},{"lineNumber":68,"author":{"gitId":"Manya Gupta"},"content":"                if (rest.isEmpty()){","lastModifiedDate":"2026-01-30T22:03:14","isFullCredit":false},{"lineNumber":69,"author":{"gitId":"Manya Gupta"},"content":"                    System.out.print(\"oops deadline must be followed by the action item\");","lastModifiedDate":"2026-01-30T22:03:14","isFullCredit":false},{"lineNumber":70,"author":{"gitId":"Manya Gupta"},"content":"                }","lastModifiedDate":"2026-01-30T22:03:14","isFullCredit":false},{"lineNumber":71,"author":{"gitId":"Manya Gupta"},"content":"                else {","lastModifiedDate":"2026-01-30T22:12:56","isFullCredit":false},{"lineNumber":72,"author":{"gitId":"Manya Gupta"},"content":"                    int byIndex \u003d rest.indexOf(\"/by\");","lastModifiedDate":"2026-01-30T21:37:50","isFullCredit":false},{"lineNumber":73,"author":{"gitId":"Manya Gupta"},"content":"                    if (byIndex !\u003d -1) {","lastModifiedDate":"2026-01-30T21:37:50","isFullCredit":false},{"lineNumber":74,"author":{"gitId":"Manya Gupta"},"content":"                        String description \u003d rest.substring(0, byIndex).trim();","lastModifiedDate":"2026-01-30T21:37:50","isFullCredit":false},{"lineNumber":75,"author":{"gitId":"Manya Gupta"},"content":"                        String datetime \u003d \"(by:\" + rest.substring(byIndex + 3).trim() + \")\";","lastModifiedDate":"2026-01-30T21:37:50","isFullCredit":false},{"lineNumber":76,"author":{"gitId":"Manya Gupta"},"content":"                        String[] newTask \u003d {\"D\", \" \", description, datetime};","lastModifiedDate":"2026-01-30T21:37:50","isFullCredit":false},{"lineNumber":77,"author":{"gitId":"Manya Gupta"},"content":"                        userlist.add(newTask);","lastModifiedDate":"2026-01-30T21:10:53","isFullCredit":false},{"lineNumber":78,"author":{"gitId":"Manya Gupta"},"content":"                        System.out.println(\"Got it. I\u0027ve added this task:\");","lastModifiedDate":"2026-01-30T21:37:50","isFullCredit":false},{"lineNumber":79,"author":{"gitId":"Manya Gupta"},"content":"                        System.out.println(\"[D][ ] \" + description + \" \" + datetime);","lastModifiedDate":"2026-01-30T21:37:50","isFullCredit":false},{"lineNumber":80,"author":{"gitId":"Manya Gupta"},"content":"                        System.out.println(\"Now you have \" + userlist.size() + \" tasks in the list.\");","lastModifiedDate":"2026-01-30T21:37:50","isFullCredit":false},{"lineNumber":81,"author":{"gitId":"Manya Gupta"},"content":"                    }","lastModifiedDate":"2026-01-30T21:37:50","isFullCredit":false},{"lineNumber":82,"author":{"gitId":"Manya Gupta"},"content":"                }","lastModifiedDate":"2026-01-30T21:37:50","isFullCredit":false},{"lineNumber":83,"author":{"gitId":"Manya Gupta"},"content":"            }","lastModifiedDate":"2026-01-30T22:12:56","isFullCredit":false},{"lineNumber":84,"author":{"gitId":"Manya Gupta"},"content":"            else if (userinput.startsWith(\"event \")) {","lastModifiedDate":"2026-01-30T21:37:50","isFullCredit":false},{"lineNumber":85,"author":{"gitId":"Manya Gupta"},"content":"                String rest \u003d userinput.substring(6);","lastModifiedDate":"2026-01-30T21:37:50","isFullCredit":false},{"lineNumber":86,"author":{"gitId":"Manya Gupta"},"content":"                if (rest.isEmpty()) {","lastModifiedDate":"2026-01-30T22:03:14","isFullCredit":false},{"lineNumber":87,"author":{"gitId":"Manya Gupta"},"content":"                    System.out.print(\"oops event must be followed by the action item\");","lastModifiedDate":"2026-01-30T22:03:14","isFullCredit":false},{"lineNumber":88,"author":{"gitId":"Manya Gupta"},"content":"                }","lastModifiedDate":"2026-01-30T22:03:14","isFullCredit":false},{"lineNumber":89,"author":{"gitId":"Manya Gupta"},"content":"                else {","lastModifiedDate":"2026-01-30T22:12:56","isFullCredit":false},{"lineNumber":90,"author":{"gitId":"Manya Gupta"},"content":"                    int fromIndex \u003d rest.indexOf(\"/from\");","lastModifiedDate":"2026-01-30T21:37:50","isFullCredit":false},{"lineNumber":91,"author":{"gitId":"Manya Gupta"},"content":"                    int toIndex \u003d rest.indexOf(\"/to\");","lastModifiedDate":"2026-01-30T21:37:50","isFullCredit":false},{"lineNumber":92,"author":{"gitId":"Manya Gupta"},"content":"                    if (fromIndex !\u003d -1 \u0026\u0026 toIndex !\u003d -1) {","lastModifiedDate":"2026-01-30T21:37:50","isFullCredit":false},{"lineNumber":93,"author":{"gitId":"Manya Gupta"},"content":"                        String description \u003d rest.substring(0, fromIndex).trim();","lastModifiedDate":"2026-01-30T21:37:50","isFullCredit":false},{"lineNumber":94,"author":{"gitId":"Manya Gupta"},"content":"                        String fromTime \u003d rest.substring(fromIndex + 5, toIndex).trim();","lastModifiedDate":"2026-01-30T21:37:50","isFullCredit":false},{"lineNumber":95,"author":{"gitId":"Manya Gupta"},"content":"                        String toTime \u003d rest.substring(toIndex + 3).trim();","lastModifiedDate":"2026-01-30T21:37:50","isFullCredit":false},{"lineNumber":96,"author":{"gitId":"Manya Gupta"},"content":"                        String datetime \u003d \"(from:\" + fromTime + \" to:\" + toTime + \")\";","lastModifiedDate":"2026-01-30T21:37:50","isFullCredit":false},{"lineNumber":97,"author":{"gitId":"Manya Gupta"},"content":"                        String[] newTask \u003d {\"E\", \" \", description, datetime};","lastModifiedDate":"2026-01-30T21:37:50","isFullCredit":false},{"lineNumber":98,"author":{"gitId":"Manya Gupta"},"content":"                        userlist.add(newTask);","lastModifiedDate":"2026-01-30T21:37:50","isFullCredit":false},{"lineNumber":99,"author":{"gitId":"Manya Gupta"},"content":"                        System.out.println(\"Got it. I\u0027ve added this task:\");","lastModifiedDate":"2026-01-30T21:37:50","isFullCredit":false},{"lineNumber":100,"author":{"gitId":"Manya Gupta"},"content":"                        System.out.println(\"[E][ ] \" + description + \" \" + datetime);","lastModifiedDate":"2026-01-30T21:37:50","isFullCredit":false},{"lineNumber":101,"author":{"gitId":"Manya Gupta"},"content":"                        System.out.println(\"Now you have \" + userlist.size() + \" tasks in the list.\");","lastModifiedDate":"2026-01-30T21:37:50","isFullCredit":false},{"lineNumber":102,"author":{"gitId":"Manya Gupta"},"content":"                    }","lastModifiedDate":"2026-01-30T21:37:50","isFullCredit":false},{"lineNumber":103,"author":{"gitId":"Manya Gupta"},"content":"                }","lastModifiedDate":"2026-01-30T21:37:50","isFullCredit":false},{"lineNumber":104,"author":{"gitId":"Manya Gupta"},"content":"            }","lastModifiedDate":"2026-01-30T22:12:56","isFullCredit":false},{"lineNumber":105,"author":{"gitId":"Manya Gupta"},"content":"            else if (userinput.startsWith(\"delete \")) {","lastModifiedDate":"2026-01-30T22:12:56","isFullCredit":false},{"lineNumber":106,"author":{"gitId":"Manya Gupta"},"content":"                String indexStr \u003d userinput.substring(7).trim();","lastModifiedDate":"2026-01-30T22:12:56","isFullCredit":false},{"lineNumber":107,"author":{"gitId":"Manya Gupta"},"content":"                if (indexStr.isEmpty()) {","lastModifiedDate":"2026-01-30T22:12:56","isFullCredit":false},{"lineNumber":108,"author":{"gitId":"Manya Gupta"},"content":"                    System.out.println(\"oops delete must be followed by a task number\");","lastModifiedDate":"2026-01-30T22:12:56","isFullCredit":false},{"lineNumber":109,"author":{"gitId":"Manya Gupta"},"content":"                }","lastModifiedDate":"2026-01-30T22:12:56","isFullCredit":false},{"lineNumber":110,"author":{"gitId":"Manya Gupta"},"content":"                else {","lastModifiedDate":"2026-01-30T22:12:56","isFullCredit":false},{"lineNumber":111,"author":{"gitId":"Manya Gupta"},"content":"                    try {","lastModifiedDate":"2026-01-30T22:12:56","isFullCredit":false},{"lineNumber":112,"author":{"gitId":"Manya Gupta"},"content":"                        int taskIndex \u003d Integer.parseInt(indexStr) - 1;","lastModifiedDate":"2026-01-30T22:12:56","isFullCredit":false},{"lineNumber":113,"author":{"gitId":"Manya Gupta"},"content":"                        if (taskIndex \u003e\u003d 0 \u0026\u0026 taskIndex \u003c userlist.size()) {","lastModifiedDate":"2026-01-30T22:12:56","isFullCredit":false},{"lineNumber":114,"author":{"gitId":"Manya Gupta"},"content":"                            String[] removedTask \u003d userlist.get(taskIndex);","lastModifiedDate":"2026-01-30T22:12:56","isFullCredit":false},{"lineNumber":115,"author":{"gitId":"Manya Gupta"},"content":"                            userlist.remove(taskIndex);","lastModifiedDate":"2026-01-30T22:12:56","isFullCredit":false},{"lineNumber":116,"author":{"gitId":"Manya Gupta"},"content":"                            System.out.println(\"Noted. I\u0027ve removed this task:\");","lastModifiedDate":"2026-01-30T22:12:56","isFullCredit":false},{"lineNumber":117,"author":{"gitId":"Manya Gupta"},"content":"                            System.out.print(\"  [\" + removedTask[0] + \"][\" + removedTask[1] + \"] \" + removedTask[2]);","lastModifiedDate":"2026-01-30T22:12:56","isFullCredit":false},{"lineNumber":118,"author":{"gitId":"Manya Gupta"},"content":"                            if (!removedTask[3].isEmpty()) {","lastModifiedDate":"2026-01-30T22:12:56","isFullCredit":false},{"lineNumber":119,"author":{"gitId":"Manya Gupta"},"content":"                                System.out.print(\" \" + removedTask[3]);","lastModifiedDate":"2026-01-30T22:12:56","isFullCredit":false},{"lineNumber":120,"author":{"gitId":"Manya Gupta"},"content":"                            }","lastModifiedDate":"2026-01-30T22:12:56","isFullCredit":false},{"lineNumber":121,"author":{"gitId":"Manya Gupta"},"content":"                            System.out.println();","lastModifiedDate":"2026-01-30T22:12:56","isFullCredit":false},{"lineNumber":122,"author":{"gitId":"Manya Gupta"},"content":"                            System.out.println(\"Now you have \" + userlist.size() + \" tasks in the list.\");","lastModifiedDate":"2026-01-30T22:12:56","isFullCredit":false},{"lineNumber":123,"author":{"gitId":"Manya Gupta"},"content":"                        } else {","lastModifiedDate":"2026-01-30T22:12:56","isFullCredit":false},{"lineNumber":124,"author":{"gitId":"Manya Gupta"},"content":"                            System.out.println(\"oops that task number doesn\u0027t exist\");","lastModifiedDate":"2026-01-30T22:12:56","isFullCredit":false},{"lineNumber":125,"author":{"gitId":"Manya Gupta"},"content":"                        }","lastModifiedDate":"2026-01-30T22:12:56","isFullCredit":false},{"lineNumber":126,"author":{"gitId":"Manya Gupta"},"content":"                    } catch (NumberFormatException e) {","lastModifiedDate":"2026-01-30T22:12:56","isFullCredit":false},{"lineNumber":127,"author":{"gitId":"Manya Gupta"},"content":"                        System.out.println(\"oops please provide a valid task number\");","lastModifiedDate":"2026-01-30T22:12:56","isFullCredit":false},{"lineNumber":128,"author":{"gitId":"Manya Gupta"},"content":"                    }","lastModifiedDate":"2026-01-30T22:12:56","isFullCredit":false},{"lineNumber":129,"author":{"gitId":"Manya Gupta"},"content":"                }","lastModifiedDate":"2026-01-30T22:12:56","isFullCredit":false},{"lineNumber":130,"author":{"gitId":"Manya Gupta"},"content":"            }","lastModifiedDate":"2026-01-30T22:12:56","isFullCredit":false},{"lineNumber":131,"author":{"gitId":"Manya Gupta"},"content":"            else {","lastModifiedDate":"2026-01-30T21:37:50","isFullCredit":false},{"lineNumber":132,"author":{"gitId":"Manya Gupta"},"content":"                System.out.println(\"I don\u0027t understand that command.\");","lastModifiedDate":"2026-01-30T21:37:50","isFullCredit":false},{"lineNumber":133,"author":{"gitId":"Manya Gupta"},"content":"            }","lastModifiedDate":"2026-01-30T21:10:53","isFullCredit":false},{"lineNumber":134,"author":{"gitId":"Manya Gupta"},"content":"","lastModifiedDate":"2026-01-30T21:10:53","isFullCredit":false},{"lineNumber":135,"author":{"gitId":"Manya Gupta"},"content":"            System.out.println(\"_________________________________________________\");","lastModifiedDate":"2026-01-30T20:51:48","isFullCredit":false},{"lineNumber":136,"author":{"gitId":"Manya Gupta"},"content":"            userinput \u003d myObj.nextLine();","lastModifiedDate":"2026-01-30T20:51:48","isFullCredit":false},{"lineNumber":137,"author":{"gitId":"Manya Gupta"},"content":"        }","lastModifiedDate":"2026-01-30T20:51:48","isFullCredit":false},{"lineNumber":138,"author":{"gitId":"Manya Gupta"},"content":"","lastModifiedDate":"2026-01-30T21:10:53","isFullCredit":false},{"lineNumber":139,"author":{"gitId":"Manya Gupta"},"content":"        System.out.println(\"Bye. Hope to see you again soon!\");","lastModifiedDate":"2026-01-30T16:58:51","isFullCredit":false},{"lineNumber":140,"author":{"gitId":"Manya Gupta"},"content":"        myObj.close();","lastModifiedDate":"2026-01-30T21:10:53","isFullCredit":false},{"lineNumber":141,"author":{"gitId":"Manya Gupta"},"content":"        System.exit(0);","lastModifiedDate":"2026-01-30T20:51:48","isFullCredit":false},{"lineNumber":142,"author":{"gitId":"Manya Gupta"},"content":"    }","lastModifiedDate":"2026-01-30T16:58:51","isFullCredit":false},{"lineNumber":143,"author":{"gitId":"Manya Gupta"},"content":"}","lastModifiedDate":"2026-01-30T16:58:51","isFullCredit":false}],"authorContributionMap":{"Manya Gupta":143}}]
