{"authorDailyContributionsMap":{"Manya Gupta":[{"date":"2026-01-30T00:00:00","commitResults":[{"hash":"8e65a4aa9e212e237b96d0ffff4266e175101b95","isMergeCommit":false,"messageTitle":"Level-0: Rename, Greet, Exit","messageBody":"","tags":["Level-0"],"fileTypesAndContributionMap":{"java":{"insertions":8,"deletions":10}}},{"hash":"0031534e253a8fc140a34eece0820e28772e4cf6","isMergeCommit":false,"messageTitle":"Level-2: Add, List","messageBody":"","fileTypesAndContributionMap":{"java":{"insertions":11,"deletions":0}}},{"hash":"a26477a1abb7a51ecc22fcabf46cc9211173d6cf","isMergeCommit":false,"messageTitle":"Revert \"Level-2: Add, List\"","messageBody":"This reverts commit 0031534e253a8fc140a34eece0820e28772e4cf6.\n","fileTypesAndContributionMap":{"java":{"insertions":0,"deletions":11}}},{"hash":"de84c63b45363115a2af84777b10e9222fe13de8","isMergeCommit":false,"messageTitle":"Level-1: Echo","messageBody":"","tags":["Level-1"],"fileTypesAndContributionMap":{"java":{"insertions":12,"deletions":1}}},{"hash":"5bee01504bce812994447ebc427f16aa388ae018","isMergeCommit":false,"messageTitle":"Level-2: Add, List","messageBody":"","tags":["Level-2"],"fileTypesAndContributionMap":{"java":{"insertions":11,"deletions":1}}},{"hash":"8243daee5b9ca151f3c0c0fa379c73ee5d065214","isMergeCommit":false,"messageTitle":"Level-3: Mark as Done","messageBody":"","tags":["Level-3"],"fileTypesAndContributionMap":{"java":{"insertions":27,"deletions":3},"md":{"insertions":2,"deletions":0}}},{"hash":"d33be3ae3d0fae4026199322a166f09fb61548a2","isMergeCommit":false,"messageTitle":"Level-4: ToDo, Event, Deadline","messageBody":"","tags":["Level-4"],"fileTypesAndContributionMap":{"java":{"insertions":55,"deletions":8},"md":{"insertions":1,"deletions":0}}},{"hash":"31d0a620974c2bd858ac5dd8183feabf181f767b","isMergeCommit":false,"messageTitle":"Level-5: Handle Errors","messageBody":"","tags":["Level-5"],"fileTypesAndContributionMap":{"java":{"insertions":11,"deletions":0}}},{"hash":"0b6013865d4e50491d530682330b4de98920d55d","isMergeCommit":false,"messageTitle":"Level-6: Delete","messageBody":"","tags":["Level-6"],"fileTypesAndContributionMap":{"java":{"insertions":59,"deletions":27},"md":{"insertions":1,"deletions":0}}}]}]},"authorFileTypeContributionMap":{"Manya Gupta":{"java":143,"md":4,"txt":0}},"authorContributionVariance":{"Manya Gupta":2161.499},"authorDisplayNameMap":{"Manya Gupta":"Manya Gupta"}}
