{"authorDailyContributionsMap":{"Pranav-Pudi":[{"date":"2026-01-31T00:00:00","commitResults":[{"hash":"71d6bf598d68e59d43b176b8715166f5ced26f59","isMergeCommit":false,"messageTitle":"refactor: rename Duke to PranavBot","messageBody":"","fileTypesAndContributionMap":{"java":{"insertions":0,"deletions":0}}},{"hash":"12df4becdb1f0d8dc8dee368a8f4a444e9bb39ec","isMergeCommit":false,"messageTitle":"refactor: rename main class from Duke to PranavBot","messageBody":"","tags":["Level-0"],"fileTypesAndContributionMap":{"java":{"insertions":1,"deletions":1},"md":{"insertions":3,"deletions":3}}},{"hash":"ba0659b636266673de20e6c081760df926f305a8","isMergeCommit":false,"messageTitle":"feat: add greeting message and bye command exit for Level-0","messageBody":"","fileTypesAndContributionMap":{"java":{"insertions":11,"deletions":6}}}]}]},"authorFileTypeContributionMap":{"Pranav-Pudi":{"java":12,"md":3,"txt":0}},"authorContributionVariance":{"Pranav-Pudi":19.510925},"authorDisplayNameMap":{"Pranav-Pudi":"Pranav-Pudi"}}
