{"authorDailyContributionsMap":{"Ianos828":[{"date":"2026-01-23T00:00:00","commitResults":[{"hash":"20c37f564a3e3665882f2c7a89860a3aebf7a47f","isMergeCommit":false,"messageTitle":"Implement initial skeletal version","messageBody":"","tags":["Level-0"],"fileTypesAndContributionMap":{"java":{"insertions":3,"deletions":6}}},{"hash":"b9300ae94f843fe4db1806a83b76a4efa3d76569","isMergeCommit":false,"messageTitle":"Improved skeletal version","messageBody":"","fileTypesAndContributionMap":{"java":{"insertions":11,"deletions":0}}},{"hash":"9d9c5811e1e56ad434f80084d1b6d7f353133054","isMergeCommit":false,"messageTitle":"Revert \"Improved skeletal version\"","messageBody":"This reverts commit b9300ae94f843fe4db1806a83b76a4efa3d76569.\n","fileTypesAndContributionMap":{"java":{"insertions":0,"deletions":11}}},{"hash":"ca35a5b397044184ecc086c882e5efa0ec86b7d8","isMergeCommit":false,"messageTitle":"Improve skeletal version","messageBody":"","tags":["Level-1"],"fileTypesAndContributionMap":{"java":{"insertions":11,"deletions":0}}},{"hash":"5083ea9803d5b4ee21921f035b80b2b4d6b6c458","isMergeCommit":false,"messageTitle":"Add ability to store and display user text","messageBody":"","tags":["Level-2"],"fileTypesAndContributionMap":{"java":{"insertions":21,"deletions":1}}},{"hash":"4e3999431b9a859908b8caead2917b5a78fcda77","isMergeCommit":false,"messageTitle":"Add ability to mark tasks as done or revert to not done","messageBody":"","tags":["Level-3"],"fileTypesAndContributionMap":{"java":{"insertions":108,"deletions":14}}}]},{"date":"2026-01-24T00:00:00","commitResults":[{"hash":"50a933a72e566c42fcbe52ab5bd68c9f5c7c6521","isMergeCommit":false,"messageTitle":"Add support for ToDo, Deadline and Event Tasks","messageBody":"","tags":["Level-4"],"fileTypesAndContributionMap":{"java":{"insertions":146,"deletions":40}}},{"hash":"4cba75a1e579f39f4afdf3f3c86504ce3d3cd846","isMergeCommit":false,"messageTitle":"Teach chatbot to deal with incorrect inputs entered by user","messageBody":"","tags":["Level-5"],"fileTypesAndContributionMap":{"java":{"insertions":133,"deletions":99}}},{"hash":"c3b40cb921cf2b7187990aed0065753ef132b4d1","isMergeCommit":false,"messageTitle":"Use Java Enums for command parsing","messageBody":"","tags":["A-Enums"],"fileTypesAndContributionMap":{"java":{"insertions":5,"deletions":5}}},{"hash":"31f86ebef656de9f67d774e310bcb8beb9b23c5c","isMergeCommit":false,"messageTitle":"Add input/output redirection technique to semi-automate testing of Duchess","messageBody":"","tags":["A-TextUiTesting"],"fileTypesAndContributionMap":{"txt":{"insertions":15,"deletions":0},"java":{"insertions":9,"deletions":3}}},{"hash":"ed8d50872867f9ce0770eb324caf1be2bdaf3d62","isMergeCommit":false,"messageTitle":"Add support for deleting tasks from the list","messageBody":"","tags":["Level-6"],"fileTypesAndContributionMap":{"txt":{"insertions":3,"deletions":0},"java":{"insertions":43,"deletions":6}}}]},{"date":"2026-01-29T00:00:00","commitResults":[{"hash":"70143d6f6b9d3695728546790e97ef05faf682ab","isMergeCommit":false,"messageTitle":"Add javadoc comments to most classes and methods. Group classes into respective packages","messageBody":"","fileTypesAndContributionMap":{"java":{"insertions":320,"deletions":177}}}]},{"date":"2026-01-31T00:00:00","commitResults":[{"hash":"abe2117511662a133d6f62d4b3a19ff929e9afa1","isMergeCommit":false,"messageTitle":"Add Parser and Command classes to handle user commands in a more dynamic way. Add support for unordered delimiters to parse command arguments for Deadlines and Events. Overhaul error handling to be more specific. Complete javadoc commenting on everything.","messageBody":"","fileTypesAndContributionMap":{"java":{"insertions":629,"deletions":152}}}]}]},"authorFileTypeContributionMap":{"Ianos828":{"java":935,"md":0,"txt":18}},"authorContributionVariance":{"Ianos828":33009.598},"authorDisplayNameMap":{"Ianos828":"Ianos828"}}
