[{"path":"README.md","fileType":"md","lines":[{"lineNumber":1,"author":{"gitId":"pinkcar203"},"content":"# Mickey project template","lastModifiedDate":"2026-01-31T01:10:06","isFullCredit":false},{"lineNumber":2,"author":{"gitId":"-"},"content":"","lastModifiedDate":"2020-05-25T00:03:55","isFullCredit":false},{"lineNumber":3,"author":{"gitId":"pinkcar203"},"content":"This is a project template for a greenfield Java project. It\u0027s named after the Java mascot _Mickey_. Given below are instructions on how to use it.","lastModifiedDate":"2026-01-31T01:10:06","isFullCredit":false},{"lineNumber":4,"author":{"gitId":"-"},"content":"","lastModifiedDate":"2020-05-25T00:03:55","isFullCredit":false},{"lineNumber":5,"author":{"gitId":"-"},"content":"## Setting up in IntelliJ","lastModifiedDate":"2025-01-09T20:59:01","isFullCredit":false},{"lineNumber":6,"author":{"gitId":"-"},"content":"","lastModifiedDate":"2020-05-25T00:03:55","isFullCredit":false},{"lineNumber":7,"author":{"gitId":"-"},"content":"Prerequisites: JDK 21.","lastModifiedDate":"2025-01-09T21:11:29","isFullCredit":false},{"lineNumber":8,"author":{"gitId":"-"},"content":"","lastModifiedDate":"2020-05-25T00:03:55","isFullCredit":false},{"lineNumber":9,"author":{"gitId":"-"},"content":"1. Open IntelliJ (if you are not in the welcome screen, click `File` \u003e `Close Project` to close the existing project first)","lastModifiedDate":"2025-01-09T20:59:01","isFullCredit":false},{"lineNumber":10,"author":{"gitId":"-"},"content":"1. Open the project into IntelliJ as follows:","lastModifiedDate":"2025-01-09T20:59:01","isFullCredit":false},{"lineNumber":11,"author":{"gitId":"-"},"content":"   1. Click `Open`.","lastModifiedDate":"2021-01-17T12:25:53","isFullCredit":false},{"lineNumber":12,"author":{"gitId":"-"},"content":"   1. Select the project directory, and click `OK`.","lastModifiedDate":"2021-01-17T12:25:53","isFullCredit":false},{"lineNumber":13,"author":{"gitId":"-"},"content":"   1. If there are any further prompts, accept the defaults.","lastModifiedDate":"2020-05-25T00:03:55","isFullCredit":false},{"lineNumber":14,"author":{"gitId":"-"},"content":"1. Configure the project to use **JDK 21** (not other versions) as explained in [here](https://www.jetbrains.com/help/idea/sdk.html#set-up-jdk).\u003cbr\u003e","lastModifiedDate":"2025-01-09T20:49:06","isFullCredit":false},{"lineNumber":15,"author":{"gitId":"-"},"content":"   In the same dialog, set the **Project language level** field to the `SDK default` option.","lastModifiedDate":"2021-07-29T20:29:39","isFullCredit":false},{"lineNumber":16,"author":{"gitId":"pinkcar203"},"content":"1. After that, locate the `src/main/java/Mickey.java` file, right-click it, and choose `Run Mickey.main()` (if the code editor is showing compile errors, try restarting the IDE). If the setup is correct, you should see something like the below as the output:","lastModifiedDate":"2026-01-31T01:10:06","isFullCredit":false},{"lineNumber":17,"author":{"gitId":"-"},"content":"   ```","lastModifiedDate":"2020-05-25T00:03:55","isFullCredit":false},{"lineNumber":18,"author":{"gitId":"-"},"content":"   Hello from","lastModifiedDate":"2020-05-25T00:03:55","isFullCredit":false},{"lineNumber":19,"author":{"gitId":"-"},"content":"    ____        _        ","lastModifiedDate":"2020-05-25T00:03:55","isFullCredit":false},{"lineNumber":20,"author":{"gitId":"-"},"content":"   |  _ \\ _   _| | _____ ","lastModifiedDate":"2020-05-25T00:03:55","isFullCredit":false},{"lineNumber":21,"author":{"gitId":"-"},"content":"   | | | | | | | |/ / _ \\","lastModifiedDate":"2020-05-25T00:03:55","isFullCredit":false},{"lineNumber":22,"author":{"gitId":"-"},"content":"   | |_| | |_| |   \u003c  __/","lastModifiedDate":"2020-05-25T00:03:55","isFullCredit":false},{"lineNumber":23,"author":{"gitId":"-"},"content":"   |____/ \\__,_|_|\\_\\___|","lastModifiedDate":"2020-05-25T00:03:55","isFullCredit":false},{"lineNumber":24,"author":{"gitId":"-"},"content":"   ```","lastModifiedDate":"2020-05-25T00:03:55","isFullCredit":false},{"lineNumber":25,"author":{"gitId":"-"},"content":"","lastModifiedDate":"2025-01-04T21:44:28","isFullCredit":false},{"lineNumber":26,"author":{"gitId":"-"},"content":"**Warning:** Keep the `src\\main\\java` folder as the root folder for Java files (i.e., don\u0027t rename those folders or move Java files to another folder outside of this folder path), as this is the default location some tools (e.g., Gradle) expect to find Java files.","lastModifiedDate":"2025-01-04T21:44:28","isFullCredit":false},{"lineNumber":27,"author":{"gitId":"-"},"content":"","lastModifiedDate":"2025-01-09T21:09:47","isFullCredit":false},{"lineNumber":28,"author":{"gitId":"-"},"content":"## Running Tests","lastModifiedDate":"2025-01-09T21:09:47","isFullCredit":false},{"lineNumber":29,"author":{"gitId":"-"},"content":"","lastModifiedDate":"2025-01-09T21:09:47","isFullCredit":false},{"lineNumber":30,"author":{"gitId":"-"},"content":"The project comes with a set of test scripts for different operating systems:","lastModifiedDate":"2025-01-09T21:09:47","isFullCredit":false},{"lineNumber":31,"author":{"gitId":"-"},"content":"","lastModifiedDate":"2025-01-09T21:09:47","isFullCredit":false},{"lineNumber":32,"author":{"gitId":"-"},"content":"- **MacOS/Linux**: Run the shell script","lastModifiedDate":"2025-01-09T21:09:47","isFullCredit":false},{"lineNumber":33,"author":{"gitId":"-"},"content":"  ```bash","lastModifiedDate":"2025-01-09T21:09:47","isFullCredit":false},{"lineNumber":34,"author":{"gitId":"-"},"content":"  cd text-ui-test","lastModifiedDate":"2025-01-09T21:09:47","isFullCredit":false},{"lineNumber":35,"author":{"gitId":"-"},"content":"  ./runtest.sh","lastModifiedDate":"2025-01-09T21:09:47","isFullCredit":false},{"lineNumber":36,"author":{"gitId":"-"},"content":"  ```","lastModifiedDate":"2025-01-09T21:09:47","isFullCredit":false},{"lineNumber":37,"author":{"gitId":"-"},"content":"","lastModifiedDate":"2025-01-09T21:09:47","isFullCredit":false},{"lineNumber":38,"author":{"gitId":"-"},"content":"- **Windows**: Run the batch script","lastModifiedDate":"2025-01-09T21:09:47","isFullCredit":false},{"lineNumber":39,"author":{"gitId":"-"},"content":"  ```batch","lastModifiedDate":"2025-01-09T21:09:47","isFullCredit":false},{"lineNumber":40,"author":{"gitId":"-"},"content":"  cd text-ui-test","lastModifiedDate":"2025-01-09T21:09:47","isFullCredit":false},{"lineNumber":41,"author":{"gitId":"-"},"content":"  runtest.bat","lastModifiedDate":"2025-01-09T21:09:47","isFullCredit":false},{"lineNumber":42,"author":{"gitId":"-"},"content":"  ```","lastModifiedDate":"2025-01-09T21:09:47","isFullCredit":false},{"lineNumber":43,"author":{"gitId":"-"},"content":"","lastModifiedDate":"2025-01-09T21:09:47","isFullCredit":false},{"lineNumber":44,"author":{"gitId":"-"},"content":"These scripts will compile the source files, run the tests, and compare the output against the expected output.","lastModifiedDate":"2025-01-09T21:09:47","isFullCredit":false}],"authorContributionMap":{"pinkcar203":3,"-":41}},{"path":"docs/README.md","fileType":"md","lines":[{"lineNumber":1,"author":{"gitId":"pinkcar203"},"content":"# Mickey User Guide","lastModifiedDate":"2026-01-27T21:39:37","isFullCredit":false},{"lineNumber":2,"author":{"gitId":"-"},"content":"","lastModifiedDate":"2019-07-29T17:14:46","isFullCredit":false},{"lineNumber":3,"author":{"gitId":"-"},"content":"// Update the title above to match the actual product name","lastModifiedDate":"2024-01-07T18:33:52","isFullCredit":false},{"lineNumber":4,"author":{"gitId":"-"},"content":"","lastModifiedDate":"2019-07-29T17:14:46","isFullCredit":false},{"lineNumber":5,"author":{"gitId":"-"},"content":"// Product screenshot goes here","lastModifiedDate":"2024-01-07T18:33:52","isFullCredit":false},{"lineNumber":6,"author":{"gitId":"-"},"content":"","lastModifiedDate":"2021-07-17T16:49:07","isFullCredit":false},{"lineNumber":7,"author":{"gitId":"-"},"content":"// Product intro goes here","lastModifiedDate":"2024-01-07T18:33:52","isFullCredit":false},{"lineNumber":8,"author":{"gitId":"-"},"content":"","lastModifiedDate":"2021-07-17T16:49:07","isFullCredit":false},{"lineNumber":9,"author":{"gitId":"-"},"content":"## Adding deadlines","lastModifiedDate":"2024-01-07T18:33:52","isFullCredit":false},{"lineNumber":10,"author":{"gitId":"-"},"content":"","lastModifiedDate":"2021-07-17T16:49:07","isFullCredit":false},{"lineNumber":11,"author":{"gitId":"-"},"content":"// Describe the action and its outcome.","lastModifiedDate":"2024-01-07T18:33:52","isFullCredit":false},{"lineNumber":12,"author":{"gitId":"-"},"content":"","lastModifiedDate":"2019-07-29T17:14:46","isFullCredit":false},{"lineNumber":13,"author":{"gitId":"-"},"content":"// Give examples of usage","lastModifiedDate":"2024-01-07T18:33:52","isFullCredit":false},{"lineNumber":14,"author":{"gitId":"-"},"content":"","lastModifiedDate":"2019-07-29T17:14:46","isFullCredit":false},{"lineNumber":15,"author":{"gitId":"-"},"content":"Example: `keyword (optional arguments)`","lastModifiedDate":"2024-01-07T18:33:52","isFullCredit":false},{"lineNumber":16,"author":{"gitId":"-"},"content":"","lastModifiedDate":"2019-07-29T17:14:46","isFullCredit":false},{"lineNumber":17,"author":{"gitId":"-"},"content":"// A description of the expected outcome goes here","lastModifiedDate":"2024-01-07T18:33:52","isFullCredit":false},{"lineNumber":18,"author":{"gitId":"-"},"content":"","lastModifiedDate":"2019-07-29T17:14:46","isFullCredit":false},{"lineNumber":19,"author":{"gitId":"-"},"content":"```","lastModifiedDate":"2024-01-07T18:33:52","isFullCredit":false},{"lineNumber":20,"author":{"gitId":"-"},"content":"expected output","lastModifiedDate":"2024-01-07T18:33:52","isFullCredit":false},{"lineNumber":21,"author":{"gitId":"-"},"content":"```","lastModifiedDate":"2024-01-07T18:33:52","isFullCredit":false},{"lineNumber":22,"author":{"gitId":"-"},"content":"","lastModifiedDate":"2019-07-29T17:14:46","isFullCredit":false},{"lineNumber":23,"author":{"gitId":"-"},"content":"## Feature ABC","lastModifiedDate":"2024-01-07T18:33:52","isFullCredit":false},{"lineNumber":24,"author":{"gitId":"-"},"content":"","lastModifiedDate":"2019-07-29T17:14:46","isFullCredit":false},{"lineNumber":25,"author":{"gitId":"-"},"content":"// Feature details","lastModifiedDate":"2024-01-07T18:33:52","isFullCredit":false},{"lineNumber":26,"author":{"gitId":"-"},"content":"","lastModifiedDate":"2019-07-29T17:14:46","isFullCredit":false},{"lineNumber":27,"author":{"gitId":"-"},"content":"","lastModifiedDate":"2021-07-17T16:49:07","isFullCredit":false},{"lineNumber":28,"author":{"gitId":"-"},"content":"## Feature XYZ","lastModifiedDate":"2024-01-07T18:33:52","isFullCredit":false},{"lineNumber":29,"author":{"gitId":"-"},"content":"","lastModifiedDate":"2024-01-07T18:33:52","isFullCredit":false},{"lineNumber":30,"author":{"gitId":"-"},"content":"// Feature details","lastModifiedDate":"2024-01-07T18:33:52","isFullCredit":false}],"authorContributionMap":{"pinkcar203":1,"-":29}},{"path":"src/main/java/Deadline.java","fileType":"java","lines":[{"lineNumber":1,"author":{"gitId":"pinkcar203"},"content":"public class Deadline extends Task {","lastModifiedDate":"2026-02-01T00:36:46","isFullCredit":false},{"lineNumber":2,"author":{"gitId":"pinkcar203"},"content":"    private String dateBy;","lastModifiedDate":"2026-02-01T00:36:46","isFullCredit":false},{"lineNumber":3,"author":{"gitId":"pinkcar203"},"content":"    public Deadline (String description, String dateBy) {","lastModifiedDate":"2026-02-01T00:36:46","isFullCredit":false},{"lineNumber":4,"author":{"gitId":"pinkcar203"},"content":"        super(description);","lastModifiedDate":"2026-02-01T00:36:46","isFullCredit":false},{"lineNumber":5,"author":{"gitId":"pinkcar203"},"content":"        this.dateBy \u003d dateBy;","lastModifiedDate":"2026-02-01T00:36:46","isFullCredit":false},{"lineNumber":6,"author":{"gitId":"pinkcar203"},"content":"        this.type \u003d TaskTypes.DEADLINE;","lastModifiedDate":"2026-02-01T00:59:25","isFullCredit":false},{"lineNumber":7,"author":{"gitId":"pinkcar203"},"content":"    }","lastModifiedDate":"2026-02-01T00:36:46","isFullCredit":false},{"lineNumber":8,"author":{"gitId":"pinkcar203"},"content":"","lastModifiedDate":"2026-02-01T00:36:46","isFullCredit":false},{"lineNumber":9,"author":{"gitId":"pinkcar203"},"content":"    @Override","lastModifiedDate":"2026-02-01T00:36:46","isFullCredit":false},{"lineNumber":10,"author":{"gitId":"pinkcar203"},"content":"    public String toString() {","lastModifiedDate":"2026-02-01T00:36:46","isFullCredit":false},{"lineNumber":11,"author":{"gitId":"pinkcar203"},"content":"        return getTypeLetter() + \" \" + getStatus() + \" \" + description + \" (by \" + dateBy + \")\";","lastModifiedDate":"2026-02-01T00:59:25","isFullCredit":false},{"lineNumber":12,"author":{"gitId":"pinkcar203"},"content":"    }","lastModifiedDate":"2026-02-01T00:36:46","isFullCredit":false},{"lineNumber":13,"author":{"gitId":"pinkcar203"},"content":"","lastModifiedDate":"2026-02-01T00:36:46","isFullCredit":false},{"lineNumber":14,"author":{"gitId":"pinkcar203"},"content":"    public String getDateBy() {","lastModifiedDate":"2026-02-01T00:36:46","isFullCredit":false},{"lineNumber":15,"author":{"gitId":"pinkcar203"},"content":"        return dateBy;","lastModifiedDate":"2026-02-01T00:36:46","isFullCredit":false},{"lineNumber":16,"author":{"gitId":"pinkcar203"},"content":"    }","lastModifiedDate":"2026-02-01T00:36:46","isFullCredit":false},{"lineNumber":17,"author":{"gitId":"pinkcar203"},"content":"}","lastModifiedDate":"2026-02-01T00:36:46","isFullCredit":false}],"authorContributionMap":{"pinkcar203":17}},{"path":"src/main/java/Event.java","fileType":"java","lines":[{"lineNumber":1,"author":{"gitId":"pinkcar203"},"content":"public class Event extends Task {","lastModifiedDate":"2026-02-01T00:36:46","isFullCredit":false},{"lineNumber":2,"author":{"gitId":"pinkcar203"},"content":"    private String dateFrom; ","lastModifiedDate":"2026-02-01T00:36:46","isFullCredit":false},{"lineNumber":3,"author":{"gitId":"pinkcar203"},"content":"    private String dateTo;   ","lastModifiedDate":"2026-02-01T00:36:46","isFullCredit":false},{"lineNumber":4,"author":{"gitId":"pinkcar203"},"content":"    ","lastModifiedDate":"2026-02-01T00:36:46","isFullCredit":false},{"lineNumber":5,"author":{"gitId":"pinkcar203"},"content":"    public Event(String description, String from, String to) {","lastModifiedDate":"2026-02-01T00:36:46","isFullCredit":false},{"lineNumber":6,"author":{"gitId":"pinkcar203"},"content":"        super(description);","lastModifiedDate":"2026-02-01T00:36:46","isFullCredit":false},{"lineNumber":7,"author":{"gitId":"pinkcar203"},"content":"        this.dateFrom \u003d from;","lastModifiedDate":"2026-02-01T00:36:46","isFullCredit":false},{"lineNumber":8,"author":{"gitId":"pinkcar203"},"content":"        this.dateTo \u003d to;","lastModifiedDate":"2026-02-01T00:36:46","isFullCredit":false},{"lineNumber":9,"author":{"gitId":"pinkcar203"},"content":"        this.type \u003d TaskTypes.EVENT;","lastModifiedDate":"2026-02-01T00:59:25","isFullCredit":false},{"lineNumber":10,"author":{"gitId":"pinkcar203"},"content":"    }","lastModifiedDate":"2026-02-01T00:36:46","isFullCredit":false},{"lineNumber":11,"author":{"gitId":"pinkcar203"},"content":"    ","lastModifiedDate":"2026-02-01T00:36:46","isFullCredit":false},{"lineNumber":12,"author":{"gitId":"pinkcar203"},"content":"    @Override","lastModifiedDate":"2026-02-01T00:36:46","isFullCredit":false},{"lineNumber":13,"author":{"gitId":"pinkcar203"},"content":"    public String toString() {","lastModifiedDate":"2026-02-01T00:36:46","isFullCredit":false},{"lineNumber":14,"author":{"gitId":"pinkcar203"},"content":"        ","lastModifiedDate":"2026-02-01T00:36:46","isFullCredit":false},{"lineNumber":15,"author":{"gitId":"pinkcar203"},"content":"        return getTypeLetter()+ \" \" + getStatus() + \" \" + description + \" (from \" + dateFrom + \"to \" + dateTo + \")\";","lastModifiedDate":"2026-02-01T00:59:25","isFullCredit":false},{"lineNumber":16,"author":{"gitId":"pinkcar203"},"content":"    }","lastModifiedDate":"2026-02-01T00:36:46","isFullCredit":false},{"lineNumber":17,"author":{"gitId":"pinkcar203"},"content":"    ","lastModifiedDate":"2026-02-01T00:36:46","isFullCredit":false},{"lineNumber":18,"author":{"gitId":"pinkcar203"},"content":"    public String getDateFrom() {","lastModifiedDate":"2026-02-01T00:36:46","isFullCredit":false},{"lineNumber":19,"author":{"gitId":"pinkcar203"},"content":"        return dateFrom;","lastModifiedDate":"2026-02-01T00:36:46","isFullCredit":false},{"lineNumber":20,"author":{"gitId":"pinkcar203"},"content":"    }","lastModifiedDate":"2026-02-01T00:36:46","isFullCredit":false},{"lineNumber":21,"author":{"gitId":"pinkcar203"},"content":"    ","lastModifiedDate":"2026-02-01T00:36:46","isFullCredit":false},{"lineNumber":22,"author":{"gitId":"pinkcar203"},"content":"    public String getDateTo() {","lastModifiedDate":"2026-02-01T00:36:46","isFullCredit":false},{"lineNumber":23,"author":{"gitId":"pinkcar203"},"content":"        return dateTo;","lastModifiedDate":"2026-02-01T00:36:46","isFullCredit":false},{"lineNumber":24,"author":{"gitId":"pinkcar203"},"content":"    }","lastModifiedDate":"2026-02-01T00:36:46","isFullCredit":false},{"lineNumber":25,"author":{"gitId":"pinkcar203"},"content":"}","lastModifiedDate":"2026-02-01T00:36:46","isFullCredit":false}],"authorContributionMap":{"pinkcar203":25}},{"path":"src/main/java/Mickey.java","fileType":"java","lines":[{"lineNumber":1,"author":{"gitId":"pinkcar203"},"content":"import java.util.ArrayList;","lastModifiedDate":"2026-02-01T00:36:46","isFullCredit":false},{"lineNumber":2,"author":{"gitId":"pinkcar203"},"content":"","lastModifiedDate":"2026-01-27T22:09:14","isFullCredit":false},{"lineNumber":3,"author":{"gitId":"pinkcar203"},"content":"public class Mickey {","lastModifiedDate":"2026-01-27T21:39:37","isFullCredit":false},{"lineNumber":4,"author":{"gitId":"pinkcar203"},"content":"    private ArrayList\u003cTask\u003e tasks;","lastModifiedDate":"2026-02-01T00:36:46","isFullCredit":false},{"lineNumber":5,"author":{"gitId":"pinkcar203"},"content":"    private UI ui;","lastModifiedDate":"2026-02-01T00:36:46","isFullCredit":false},{"lineNumber":6,"author":{"gitId":"pinkcar203"},"content":"    private int taskCount;","lastModifiedDate":"2026-02-01T00:36:46","isFullCredit":false},{"lineNumber":7,"author":{"gitId":"pinkcar203"},"content":"    ","lastModifiedDate":"2026-02-01T00:36:46","isFullCredit":false},{"lineNumber":8,"author":{"gitId":"pinkcar203"},"content":"    public Mickey() {","lastModifiedDate":"2026-02-01T00:36:46","isFullCredit":false},{"lineNumber":9,"author":{"gitId":"pinkcar203"},"content":"        this.tasks \u003d new ArrayList\u003c\u003e();","lastModifiedDate":"2026-02-01T00:36:46","isFullCredit":false},{"lineNumber":10,"author":{"gitId":"pinkcar203"},"content":"        this.ui \u003d new UI();","lastModifiedDate":"2026-02-01T00:36:46","isFullCredit":false},{"lineNumber":11,"author":{"gitId":"pinkcar203"},"content":"        this.taskCount \u003d 0;","lastModifiedDate":"2026-02-01T00:36:46","isFullCredit":false},{"lineNumber":12,"author":{"gitId":"pinkcar203"},"content":"    }","lastModifiedDate":"2026-02-01T00:36:46","isFullCredit":false},{"lineNumber":13,"author":{"gitId":"pinkcar203"},"content":"","lastModifiedDate":"2026-02-01T00:36:46","isFullCredit":false},{"lineNumber":14,"author":{"gitId":"pinkcar203"},"content":"    public static void main(String[] args) {","lastModifiedDate":"2026-01-27T21:39:37","isFullCredit":false},{"lineNumber":15,"author":{"gitId":"pinkcar203"},"content":"        new Mickey().run();","lastModifiedDate":"2026-02-01T00:36:46","isFullCredit":false},{"lineNumber":16,"author":{"gitId":"pinkcar203"},"content":"    }","lastModifiedDate":"2026-02-01T00:36:46","isFullCredit":false},{"lineNumber":17,"author":{"gitId":"pinkcar203"},"content":"    ","lastModifiedDate":"2026-02-01T00:36:46","isFullCredit":false},{"lineNumber":18,"author":{"gitId":"pinkcar203"},"content":"    public void run() {","lastModifiedDate":"2026-02-01T00:36:46","isFullCredit":false},{"lineNumber":19,"author":{"gitId":"pinkcar203"},"content":"        ui.welcomeLogo();","lastModifiedDate":"2026-02-01T00:36:46","isFullCredit":false},{"lineNumber":20,"author":{"gitId":"pinkcar203"},"content":"        String userInput \u003d ui.userInput();","lastModifiedDate":"2026-02-01T00:36:46","isFullCredit":false},{"lineNumber":21,"author":{"gitId":"pinkcar203"},"content":"        ","lastModifiedDate":"2026-02-01T00:36:46","isFullCredit":false},{"lineNumber":22,"author":{"gitId":"pinkcar203"},"content":"        while (!userInput.equals(\"bye\")) {","lastModifiedDate":"2026-02-01T00:36:46","isFullCredit":false},{"lineNumber":23,"author":{"gitId":"pinkcar203"},"content":"            String command \u003d Parser.getCommand(userInput);","lastModifiedDate":"2026-02-01T00:36:46","isFullCredit":false},{"lineNumber":24,"author":{"gitId":"pinkcar203"},"content":"            ui.nextLine();","lastModifiedDate":"2026-02-01T00:36:46","isFullCredit":false},{"lineNumber":25,"author":{"gitId":"pinkcar203"},"content":"            ","lastModifiedDate":"2026-02-01T00:36:46","isFullCredit":false},{"lineNumber":26,"author":{"gitId":"pinkcar203"},"content":"            if (userInput.equals(\"list\") || userInput.equals(\"to-do\")) {","lastModifiedDate":"2026-02-01T00:36:46","isFullCredit":false},{"lineNumber":27,"author":{"gitId":"pinkcar203"},"content":"                handleListCommand();","lastModifiedDate":"2026-02-01T00:36:46","isFullCredit":false},{"lineNumber":28,"author":{"gitId":"pinkcar203"},"content":"            } else if (command.equals(\"mark\")) {","lastModifiedDate":"2026-02-01T00:36:46","isFullCredit":false},{"lineNumber":29,"author":{"gitId":"pinkcar203"},"content":"                handleMarkCommand(userInput);","lastModifiedDate":"2026-02-01T00:36:46","isFullCredit":false},{"lineNumber":30,"author":{"gitId":"pinkcar203"},"content":"            } else if (command.equals(\"unmark\")) {","lastModifiedDate":"2026-02-01T00:36:46","isFullCredit":false},{"lineNumber":31,"author":{"gitId":"pinkcar203"},"content":"                handleUnmarkCommand(userInput);","lastModifiedDate":"2026-02-01T00:36:46","isFullCredit":false},{"lineNumber":32,"author":{"gitId":"pinkcar203"},"content":"            } else if (command.equals(\"todo\")) {","lastModifiedDate":"2026-02-01T00:36:46","isFullCredit":false},{"lineNumber":33,"author":{"gitId":"pinkcar203"},"content":"                handleTodoCommand(userInput);","lastModifiedDate":"2026-02-01T00:36:46","isFullCredit":false},{"lineNumber":34,"author":{"gitId":"pinkcar203"},"content":"            } else if (command.equals(\"deadline\")) {","lastModifiedDate":"2026-02-01T00:36:46","isFullCredit":false},{"lineNumber":35,"author":{"gitId":"pinkcar203"},"content":"                handleDeadlineCommand(userInput);","lastModifiedDate":"2026-02-01T00:36:46","isFullCredit":false},{"lineNumber":36,"author":{"gitId":"pinkcar203"},"content":"            } else if (command.equals(\"event\")) {","lastModifiedDate":"2026-02-01T00:36:46","isFullCredit":false},{"lineNumber":37,"author":{"gitId":"pinkcar203"},"content":"                handleEventCommand(userInput);","lastModifiedDate":"2026-02-01T00:36:46","isFullCredit":false},{"lineNumber":38,"author":{"gitId":"pinkcar203"},"content":"            } else if (command.equals(\"delete\")) {","lastModifiedDate":"2026-02-01T00:36:46","isFullCredit":false},{"lineNumber":39,"author":{"gitId":"pinkcar203"},"content":"                handleDeleteCommand(userInput);","lastModifiedDate":"2026-02-01T00:36:46","isFullCredit":false},{"lineNumber":40,"author":{"gitId":"pinkcar203"},"content":"            } else {","lastModifiedDate":"2026-01-27T22:32:26","isFullCredit":false},{"lineNumber":41,"author":{"gitId":"pinkcar203"},"content":"                handleEchoCommand(userInput);","lastModifiedDate":"2026-02-01T00:36:46","isFullCredit":false},{"lineNumber":42,"author":{"gitId":"pinkcar203"},"content":"            }","lastModifiedDate":"2026-02-01T00:36:46","isFullCredit":false},{"lineNumber":43,"author":{"gitId":"pinkcar203"},"content":"            ","lastModifiedDate":"2026-02-01T00:36:46","isFullCredit":false},{"lineNumber":44,"author":{"gitId":"pinkcar203"},"content":"            ui.nextLine();","lastModifiedDate":"2026-02-01T00:36:46","isFullCredit":false},{"lineNumber":45,"author":{"gitId":"pinkcar203"},"content":"            userInput \u003d ui.userInput();","lastModifiedDate":"2026-02-01T00:36:46","isFullCredit":false},{"lineNumber":46,"author":{"gitId":"pinkcar203"},"content":"        }","lastModifiedDate":"2026-01-30T23:57:25","isFullCredit":false},{"lineNumber":47,"author":{"gitId":"pinkcar203"},"content":"        ","lastModifiedDate":"2026-02-01T00:36:46","isFullCredit":false},{"lineNumber":48,"author":{"gitId":"pinkcar203"},"content":"        ui.sayBye();","lastModifiedDate":"2026-02-01T00:36:46","isFullCredit":false},{"lineNumber":49,"author":{"gitId":"pinkcar203"},"content":"        ui.close();","lastModifiedDate":"2026-02-01T00:36:46","isFullCredit":false},{"lineNumber":50,"author":{"gitId":"pinkcar203"},"content":"    }","lastModifiedDate":"2026-01-31T00:55:55","isFullCredit":false},{"lineNumber":51,"author":{"gitId":"pinkcar203"},"content":"    ","lastModifiedDate":"2026-01-31T00:55:55","isFullCredit":false},{"lineNumber":52,"author":{"gitId":"pinkcar203"},"content":"    private void handleListCommand() {","lastModifiedDate":"2026-02-01T00:36:46","isFullCredit":false},{"lineNumber":53,"author":{"gitId":"pinkcar203"},"content":"        if (taskCount \u003d\u003d 0) {","lastModifiedDate":"2026-02-01T00:36:46","isFullCredit":false},{"lineNumber":54,"author":{"gitId":"pinkcar203"},"content":"            ui.showNoTask();","lastModifiedDate":"2026-02-01T00:36:46","isFullCredit":false},{"lineNumber":55,"author":{"gitId":"pinkcar203"},"content":"        } else {","lastModifiedDate":"2026-02-01T00:36:46","isFullCredit":false},{"lineNumber":56,"author":{"gitId":"pinkcar203"},"content":"            ui.allTaskList();","lastModifiedDate":"2026-02-01T00:36:46","isFullCredit":false},{"lineNumber":57,"author":{"gitId":"pinkcar203"},"content":"            for (int i \u003d 0; i \u003c taskCount; i++) {","lastModifiedDate":"2026-02-01T00:36:46","isFullCredit":false},{"lineNumber":58,"author":{"gitId":"pinkcar203"},"content":"                Task currentTask \u003d tasks.get(i);","lastModifiedDate":"2026-02-01T00:36:46","isFullCredit":false},{"lineNumber":59,"author":{"gitId":"pinkcar203"},"content":"                int displayIndex \u003d i + 1;","lastModifiedDate":"2026-02-01T00:36:46","isFullCredit":false},{"lineNumber":60,"author":{"gitId":"pinkcar203"},"content":"                ui.showTask(displayIndex, currentTask.toString());","lastModifiedDate":"2026-02-01T00:36:46","isFullCredit":false},{"lineNumber":61,"author":{"gitId":"pinkcar203"},"content":"            }","lastModifiedDate":"2026-02-01T00:36:46","isFullCredit":false},{"lineNumber":62,"author":{"gitId":"pinkcar203"},"content":"        }","lastModifiedDate":"2026-01-30T23:57:25","isFullCredit":false},{"lineNumber":63,"author":{"gitId":"pinkcar203"},"content":"    }","lastModifiedDate":"2026-01-30T23:57:25","isFullCredit":false},{"lineNumber":64,"author":{"gitId":"pinkcar203"},"content":"    ","lastModifiedDate":"2026-02-01T00:36:46","isFullCredit":false},{"lineNumber":65,"author":{"gitId":"pinkcar203"},"content":"    private void handleDeleteCommand(String userInput) {","lastModifiedDate":"2026-02-01T00:36:46","isFullCredit":false},{"lineNumber":66,"author":{"gitId":"pinkcar203"},"content":"        try {","lastModifiedDate":"2026-01-30T23:57:25","isFullCredit":false},{"lineNumber":67,"author":{"gitId":"pinkcar203"},"content":"            int taskNumber \u003d Parser.getDeletedTask(userInput);","lastModifiedDate":"2026-02-01T00:36:46","isFullCredit":false},{"lineNumber":68,"author":{"gitId":"pinkcar203"},"content":"            int taskIndex \u003d taskNumber - 1;","lastModifiedDate":"2026-02-01T00:36:46","isFullCredit":false},{"lineNumber":69,"author":{"gitId":"pinkcar203"},"content":"            ","lastModifiedDate":"2026-02-01T00:36:46","isFullCredit":false},{"lineNumber":70,"author":{"gitId":"pinkcar203"},"content":"            if (taskIndex \u003c 0 || taskIndex \u003e\u003d taskCount) {","lastModifiedDate":"2026-02-01T00:36:46","isFullCredit":false},{"lineNumber":71,"author":{"gitId":"pinkcar203"},"content":"                ui.showInvalidTaskNumber();","lastModifiedDate":"2026-02-01T00:36:46","isFullCredit":false},{"lineNumber":72,"author":{"gitId":"pinkcar203"},"content":"            } else {","lastModifiedDate":"2026-01-31T00:55:55","isFullCredit":false},{"lineNumber":73,"author":{"gitId":"pinkcar203"},"content":"                Task selectedTask \u003d tasks.get(taskIndex);","lastModifiedDate":"2026-02-01T00:36:46","isFullCredit":false},{"lineNumber":74,"author":{"gitId":"pinkcar203"},"content":"                tasks.remove(taskIndex);","lastModifiedDate":"2026-02-01T00:36:46","isFullCredit":false},{"lineNumber":75,"author":{"gitId":"pinkcar203"},"content":"                taskCount--;","lastModifiedDate":"2026-02-01T00:36:46","isFullCredit":false},{"lineNumber":76,"author":{"gitId":"pinkcar203"},"content":"                ui.showDeleted(selectedTask.toString(), taskCount);","lastModifiedDate":"2026-02-01T00:36:46","isFullCredit":false},{"lineNumber":77,"author":{"gitId":"pinkcar203"},"content":"            }","lastModifiedDate":"2026-01-30T23:57:25","isFullCredit":false},{"lineNumber":78,"author":{"gitId":"pinkcar203"},"content":"        } catch (NumberFormatException e) {","lastModifiedDate":"2026-02-01T00:36:46","isFullCredit":false},{"lineNumber":79,"author":{"gitId":"pinkcar203"},"content":"            ui.showNumberFormatError();","lastModifiedDate":"2026-02-01T00:36:46","isFullCredit":false},{"lineNumber":80,"author":{"gitId":"pinkcar203"},"content":"        }","lastModifiedDate":"2026-01-30T23:57:25","isFullCredit":false},{"lineNumber":81,"author":{"gitId":"pinkcar203"},"content":"    }","lastModifiedDate":"2026-01-31T00:55:55","isFullCredit":false},{"lineNumber":82,"author":{"gitId":"pinkcar203"},"content":"    ","lastModifiedDate":"2026-02-01T00:36:46","isFullCredit":false},{"lineNumber":83,"author":{"gitId":"pinkcar203"},"content":"    private void handleMarkCommand(String userInput) {","lastModifiedDate":"2026-02-01T00:36:46","isFullCredit":false},{"lineNumber":84,"author":{"gitId":"pinkcar203"},"content":"        try {","lastModifiedDate":"2026-02-01T00:36:46","isFullCredit":false},{"lineNumber":85,"author":{"gitId":"pinkcar203"},"content":"            int taskNumber \u003d Parser.getCompletedTask(userInput);","lastModifiedDate":"2026-02-01T00:36:46","isFullCredit":false},{"lineNumber":86,"author":{"gitId":"pinkcar203"},"content":"            int taskIndex \u003d taskNumber - 1;","lastModifiedDate":"2026-02-01T00:36:46","isFullCredit":false},{"lineNumber":87,"author":{"gitId":"pinkcar203"},"content":"            ","lastModifiedDate":"2026-02-01T00:36:46","isFullCredit":false},{"lineNumber":88,"author":{"gitId":"pinkcar203"},"content":"            if (taskIndex \u003c 0 || taskIndex \u003e\u003d taskCount) {","lastModifiedDate":"2026-02-01T00:36:46","isFullCredit":false},{"lineNumber":89,"author":{"gitId":"pinkcar203"},"content":"                ui.showInvalidTaskNumber();","lastModifiedDate":"2026-02-01T00:36:46","isFullCredit":false},{"lineNumber":90,"author":{"gitId":"pinkcar203"},"content":"            } else {","lastModifiedDate":"2026-02-01T00:36:46","isFullCredit":false},{"lineNumber":91,"author":{"gitId":"pinkcar203"},"content":"                Task selectedTask \u003d tasks.get(taskIndex);","lastModifiedDate":"2026-02-01T00:36:46","isFullCredit":false},{"lineNumber":92,"author":{"gitId":"pinkcar203"},"content":"                selectedTask.markDone();","lastModifiedDate":"2026-02-01T00:36:46","isFullCredit":false},{"lineNumber":93,"author":{"gitId":"pinkcar203"},"content":"                ui.showMarked();","lastModifiedDate":"2026-02-01T00:36:46","isFullCredit":false},{"lineNumber":94,"author":{"gitId":"pinkcar203"},"content":"                System.out.println(\" \" + selectedTask.toString());","lastModifiedDate":"2026-02-01T00:36:46","isFullCredit":false},{"lineNumber":95,"author":{"gitId":"pinkcar203"},"content":"            }","lastModifiedDate":"2026-02-01T00:36:46","isFullCredit":false},{"lineNumber":96,"author":{"gitId":"pinkcar203"},"content":"        } catch (NumberFormatException e) {","lastModifiedDate":"2026-02-01T00:36:46","isFullCredit":false},{"lineNumber":97,"author":{"gitId":"pinkcar203"},"content":"            ui.showNumberFormatError();","lastModifiedDate":"2026-02-01T00:36:46","isFullCredit":false},{"lineNumber":98,"author":{"gitId":"pinkcar203"},"content":"        }","lastModifiedDate":"2026-01-30T23:57:25","isFullCredit":false},{"lineNumber":99,"author":{"gitId":"pinkcar203"},"content":"    }","lastModifiedDate":"2026-01-30T23:57:25","isFullCredit":false},{"lineNumber":100,"author":{"gitId":"pinkcar203"},"content":"    ","lastModifiedDate":"2026-02-01T00:36:46","isFullCredit":false},{"lineNumber":101,"author":{"gitId":"pinkcar203"},"content":"    private void handleUnmarkCommand(String userInput) {","lastModifiedDate":"2026-02-01T00:36:46","isFullCredit":false},{"lineNumber":102,"author":{"gitId":"pinkcar203"},"content":"        try {","lastModifiedDate":"2026-01-30T23:57:25","isFullCredit":false},{"lineNumber":103,"author":{"gitId":"pinkcar203"},"content":"            int taskNumber \u003d Parser.getCompletedTask(userInput);","lastModifiedDate":"2026-02-01T00:36:46","isFullCredit":false},{"lineNumber":104,"author":{"gitId":"pinkcar203"},"content":"            int taskIndex \u003d taskNumber - 1;","lastModifiedDate":"2026-02-01T00:36:46","isFullCredit":false},{"lineNumber":105,"author":{"gitId":"pinkcar203"},"content":"            ","lastModifiedDate":"2026-02-01T00:36:46","isFullCredit":false},{"lineNumber":106,"author":{"gitId":"pinkcar203"},"content":"            if (taskIndex \u003c 0 || taskIndex \u003e\u003d taskCount) {","lastModifiedDate":"2026-02-01T00:36:46","isFullCredit":false},{"lineNumber":107,"author":{"gitId":"pinkcar203"},"content":"                ui.showInvalidTaskNumber();","lastModifiedDate":"2026-02-01T00:36:46","isFullCredit":false},{"lineNumber":108,"author":{"gitId":"pinkcar203"},"content":"            } else {","lastModifiedDate":"2026-02-01T00:36:46","isFullCredit":false},{"lineNumber":109,"author":{"gitId":"pinkcar203"},"content":"                Task selectedTask \u003d tasks.get(taskIndex);","lastModifiedDate":"2026-02-01T00:36:46","isFullCredit":false},{"lineNumber":110,"author":{"gitId":"pinkcar203"},"content":"                selectedTask.markUndone();","lastModifiedDate":"2026-02-01T00:36:46","isFullCredit":false},{"lineNumber":111,"author":{"gitId":"pinkcar203"},"content":"                ui.showUnmarked();","lastModifiedDate":"2026-02-01T00:36:46","isFullCredit":false},{"lineNumber":112,"author":{"gitId":"pinkcar203"},"content":"                System.out.println(\" \" + selectedTask.toString());","lastModifiedDate":"2026-02-01T00:36:46","isFullCredit":false},{"lineNumber":113,"author":{"gitId":"pinkcar203"},"content":"            }","lastModifiedDate":"2026-01-30T23:57:25","isFullCredit":false},{"lineNumber":114,"author":{"gitId":"pinkcar203"},"content":"        } catch (NumberFormatException e) {","lastModifiedDate":"2026-02-01T00:36:46","isFullCredit":false},{"lineNumber":115,"author":{"gitId":"pinkcar203"},"content":"            ui.showNumberFormatError();","lastModifiedDate":"2026-02-01T00:36:46","isFullCredit":false},{"lineNumber":116,"author":{"gitId":"pinkcar203"},"content":"        }","lastModifiedDate":"2026-01-30T23:57:25","isFullCredit":false},{"lineNumber":117,"author":{"gitId":"pinkcar203"},"content":"    }","lastModifiedDate":"2026-01-30T23:57:25","isFullCredit":false},{"lineNumber":118,"author":{"gitId":"pinkcar203"},"content":"    ","lastModifiedDate":"2026-01-30T23:57:25","isFullCredit":false},{"lineNumber":119,"author":{"gitId":"pinkcar203"},"content":"    private void handleTodoCommand(String userInput) {","lastModifiedDate":"2026-02-01T00:36:46","isFullCredit":false},{"lineNumber":120,"author":{"gitId":"pinkcar203"},"content":"        if (userInput.length() \u003c\u003d 4) {","lastModifiedDate":"2026-02-01T00:36:46","isFullCredit":false},{"lineNumber":121,"author":{"gitId":"pinkcar203"},"content":"            ui.showEmptyTodoError();","lastModifiedDate":"2026-02-01T00:36:46","isFullCredit":false},{"lineNumber":122,"author":{"gitId":"pinkcar203"},"content":"        } else {","lastModifiedDate":"2026-01-31T22:12:57","isFullCredit":false},{"lineNumber":123,"author":{"gitId":"pinkcar203"},"content":"            String description \u003d Parser.getTodoDescription(userInput);","lastModifiedDate":"2026-02-01T00:36:46","isFullCredit":false},{"lineNumber":124,"author":{"gitId":"pinkcar203"},"content":"            Todo newTodo \u003d new Todo(description);","lastModifiedDate":"2026-02-01T00:36:46","isFullCredit":false},{"lineNumber":125,"author":{"gitId":"pinkcar203"},"content":"            tasks.add(newTodo);","lastModifiedDate":"2026-02-01T00:36:46","isFullCredit":false},{"lineNumber":126,"author":{"gitId":"pinkcar203"},"content":"            taskCount++;","lastModifiedDate":"2026-01-31T00:55:55","isFullCredit":false},{"lineNumber":127,"author":{"gitId":"pinkcar203"},"content":"            ui.showTaskAdded(newTodo.toString(), taskCount);","lastModifiedDate":"2026-02-01T00:36:46","isFullCredit":false},{"lineNumber":128,"author":{"gitId":"pinkcar203"},"content":"        }","lastModifiedDate":"2026-01-31T00:55:55","isFullCredit":false},{"lineNumber":129,"author":{"gitId":"pinkcar203"},"content":"    }","lastModifiedDate":"2026-01-31T22:12:57","isFullCredit":false},{"lineNumber":130,"author":{"gitId":"pinkcar203"},"content":"    ","lastModifiedDate":"2026-01-31T22:12:57","isFullCredit":false},{"lineNumber":131,"author":{"gitId":"pinkcar203"},"content":"    private void handleDeadlineCommand(String userInput) {","lastModifiedDate":"2026-02-01T00:36:46","isFullCredit":false},{"lineNumber":132,"author":{"gitId":"pinkcar203"},"content":"        int byIndex \u003d Parser.getByIndex(userInput);","lastModifiedDate":"2026-02-01T00:36:46","isFullCredit":false},{"lineNumber":133,"author":{"gitId":"pinkcar203"},"content":"        ","lastModifiedDate":"2026-01-30T23:57:25","isFullCredit":false},{"lineNumber":134,"author":{"gitId":"pinkcar203"},"content":"        if (userInput.length() \u003c\u003d 8) {","lastModifiedDate":"2026-02-01T00:36:46","isFullCredit":false},{"lineNumber":135,"author":{"gitId":"pinkcar203"},"content":"            ui.showDeadlineEmptyError();","lastModifiedDate":"2026-02-01T00:36:46","isFullCredit":false},{"lineNumber":136,"author":{"gitId":"pinkcar203"},"content":"        } else if (byIndex \u003d\u003d -1) {","lastModifiedDate":"2026-02-01T00:36:46","isFullCredit":false},{"lineNumber":137,"author":{"gitId":"pinkcar203"},"content":"            ui.showDeadlineMissingDateError();","lastModifiedDate":"2026-02-01T00:36:46","isFullCredit":false},{"lineNumber":138,"author":{"gitId":"pinkcar203"},"content":"        } else if (byIndex \u003c\u003d 10) {","lastModifiedDate":"2026-02-01T00:36:46","isFullCredit":false},{"lineNumber":139,"author":{"gitId":"pinkcar203"},"content":"            ui.showDeadlineNoDescriptionError();","lastModifiedDate":"2026-02-01T00:36:46","isFullCredit":false},{"lineNumber":140,"author":{"gitId":"pinkcar203"},"content":"        } else {","lastModifiedDate":"2026-02-01T00:36:46","isFullCredit":false},{"lineNumber":141,"author":{"gitId":"pinkcar203"},"content":"            String[] deadlineDetails \u003d Parser.getDeadline(userInput);","lastModifiedDate":"2026-02-01T00:36:46","isFullCredit":false},{"lineNumber":142,"author":{"gitId":"pinkcar203"},"content":"            String description \u003d deadlineDetails[0];","lastModifiedDate":"2026-02-01T00:36:46","isFullCredit":false},{"lineNumber":143,"author":{"gitId":"pinkcar203"},"content":"            String dateBy \u003d deadlineDetails[1];","lastModifiedDate":"2026-02-01T00:36:46","isFullCredit":false},{"lineNumber":144,"author":{"gitId":"pinkcar203"},"content":"            Deadline newDeadline \u003d new Deadline(description, dateBy);","lastModifiedDate":"2026-02-01T00:36:46","isFullCredit":false},{"lineNumber":145,"author":{"gitId":"pinkcar203"},"content":"            tasks.add(newDeadline);","lastModifiedDate":"2026-02-01T00:36:46","isFullCredit":false},{"lineNumber":146,"author":{"gitId":"pinkcar203"},"content":"            taskCount++;","lastModifiedDate":"2026-01-31T00:55:55","isFullCredit":false},{"lineNumber":147,"author":{"gitId":"pinkcar203"},"content":"            ui.showTaskAdded(newDeadline.toString(), taskCount);","lastModifiedDate":"2026-02-01T00:36:46","isFullCredit":false},{"lineNumber":148,"author":{"gitId":"pinkcar203"},"content":"        }","lastModifiedDate":"2026-01-31T00:55:55","isFullCredit":false},{"lineNumber":149,"author":{"gitId":"pinkcar203"},"content":"    }","lastModifiedDate":"2026-01-31T22:12:57","isFullCredit":false},{"lineNumber":150,"author":{"gitId":"pinkcar203"},"content":"    ","lastModifiedDate":"2026-02-01T00:36:46","isFullCredit":false},{"lineNumber":151,"author":{"gitId":"pinkcar203"},"content":"    private void handleEventCommand(String userInput) {","lastModifiedDate":"2026-02-01T00:36:46","isFullCredit":false},{"lineNumber":152,"author":{"gitId":"pinkcar203"},"content":"        int fromIndex \u003d Parser.getFromIndex(userInput);","lastModifiedDate":"2026-02-01T00:36:46","isFullCredit":false},{"lineNumber":153,"author":{"gitId":"pinkcar203"},"content":"        int toIndex \u003d Parser.getToIndex(userInput);","lastModifiedDate":"2026-02-01T00:36:46","isFullCredit":false},{"lineNumber":154,"author":{"gitId":"pinkcar203"},"content":"        ","lastModifiedDate":"2026-02-01T00:36:46","isFullCredit":false},{"lineNumber":155,"author":{"gitId":"pinkcar203"},"content":"        if (userInput.length() \u003c\u003d 5) {","lastModifiedDate":"2026-02-01T00:36:46","isFullCredit":false},{"lineNumber":156,"author":{"gitId":"pinkcar203"},"content":"            ui.showEventEmptyError();","lastModifiedDate":"2026-02-01T00:36:46","isFullCredit":false},{"lineNumber":157,"author":{"gitId":"pinkcar203"},"content":"        } else if (fromIndex \u003d\u003d -1 || toIndex \u003d\u003d -1) {","lastModifiedDate":"2026-02-01T00:36:46","isFullCredit":false},{"lineNumber":158,"author":{"gitId":"pinkcar203"},"content":"            ui.showEventMissingDatesError();","lastModifiedDate":"2026-02-01T00:36:46","isFullCredit":false},{"lineNumber":159,"author":{"gitId":"pinkcar203"},"content":"        } else {","lastModifiedDate":"2026-02-01T00:36:46","isFullCredit":false},{"lineNumber":160,"author":{"gitId":"pinkcar203"},"content":"            String[] eventDetails \u003d Parser.getEvent(userInput);","lastModifiedDate":"2026-02-01T00:36:46","isFullCredit":false},{"lineNumber":161,"author":{"gitId":"pinkcar203"},"content":"            String description \u003d eventDetails[0];","lastModifiedDate":"2026-02-01T00:36:46","isFullCredit":false},{"lineNumber":162,"author":{"gitId":"pinkcar203"},"content":"            String dateFrom \u003d eventDetails[1];","lastModifiedDate":"2026-02-01T00:36:46","isFullCredit":false},{"lineNumber":163,"author":{"gitId":"pinkcar203"},"content":"            String dateTo \u003d eventDetails[2];","lastModifiedDate":"2026-02-01T00:36:46","isFullCredit":false},{"lineNumber":164,"author":{"gitId":"pinkcar203"},"content":"            Event newEvent \u003d new Event(description, dateFrom, dateTo);","lastModifiedDate":"2026-02-01T00:36:46","isFullCredit":false},{"lineNumber":165,"author":{"gitId":"pinkcar203"},"content":"            tasks.add(newEvent);","lastModifiedDate":"2026-02-01T00:36:46","isFullCredit":false},{"lineNumber":166,"author":{"gitId":"pinkcar203"},"content":"            taskCount++;","lastModifiedDate":"2026-01-27T22:32:26","isFullCredit":false},{"lineNumber":167,"author":{"gitId":"pinkcar203"},"content":"            ui.showTaskAdded(newEvent.toString(), taskCount);","lastModifiedDate":"2026-02-01T00:36:46","isFullCredit":false},{"lineNumber":168,"author":{"gitId":"pinkcar203"},"content":"        }","lastModifiedDate":"2026-02-01T00:36:46","isFullCredit":false},{"lineNumber":169,"author":{"gitId":"pinkcar203"},"content":"    }","lastModifiedDate":"2026-01-27T22:32:26","isFullCredit":false},{"lineNumber":170,"author":{"gitId":"pinkcar203"},"content":"    ","lastModifiedDate":"2026-01-27T22:32:26","isFullCredit":false},{"lineNumber":171,"author":{"gitId":"pinkcar203"},"content":"    private void handleEchoCommand(String userInput) {","lastModifiedDate":"2026-02-01T00:36:46","isFullCredit":false},{"lineNumber":172,"author":{"gitId":"pinkcar203"},"content":"        Todo echoTask \u003d new Todo(userInput);","lastModifiedDate":"2026-02-01T00:36:46","isFullCredit":false},{"lineNumber":173,"author":{"gitId":"pinkcar203"},"content":"        tasks.add(echoTask);","lastModifiedDate":"2026-02-01T00:36:46","isFullCredit":false},{"lineNumber":174,"author":{"gitId":"pinkcar203"},"content":"        taskCount++;","lastModifiedDate":"2026-02-01T00:36:46","isFullCredit":false},{"lineNumber":175,"author":{"gitId":"pinkcar203"},"content":"        ui.showTaskAdded(echoTask.toString(), taskCount);","lastModifiedDate":"2026-02-01T00:36:46","isFullCredit":false},{"lineNumber":176,"author":{"gitId":"pinkcar203"},"content":"    }","lastModifiedDate":"2026-01-27T22:09:14","isFullCredit":false},{"lineNumber":177,"author":{"gitId":"pinkcar203"},"content":"    ","lastModifiedDate":"2026-01-27T22:09:14","isFullCredit":false},{"lineNumber":178,"author":{"gitId":"pinkcar203"},"content":"    ","lastModifiedDate":"2026-01-27T22:32:26","isFullCredit":false},{"lineNumber":179,"author":{"gitId":"pinkcar203"},"content":"}","lastModifiedDate":"2026-01-27T21:39:37","isFullCredit":false}],"authorContributionMap":{"pinkcar203":179}},{"path":"src/main/java/Parser.java","fileType":"java","lines":[{"lineNumber":1,"author":{"gitId":"pinkcar203"},"content":"public class Parser {","lastModifiedDate":"2026-02-01T00:36:46","isFullCredit":false},{"lineNumber":2,"author":{"gitId":"pinkcar203"},"content":"    ","lastModifiedDate":"2026-02-01T00:36:46","isFullCredit":false},{"lineNumber":3,"author":{"gitId":"pinkcar203"},"content":"    ","lastModifiedDate":"2026-02-01T00:36:46","isFullCredit":false},{"lineNumber":4,"author":{"gitId":"pinkcar203"},"content":"    public static String getCommand(String chatEntry) {","lastModifiedDate":"2026-02-01T00:36:46","isFullCredit":false},{"lineNumber":5,"author":{"gitId":"pinkcar203"},"content":"        String[] firstWord \u003d chatEntry.trim().split(\"\\\\s+\");","lastModifiedDate":"2026-02-01T00:36:46","isFullCredit":false},{"lineNumber":6,"author":{"gitId":"pinkcar203"},"content":"        return firstWord[0];","lastModifiedDate":"2026-02-01T00:36:46","isFullCredit":false},{"lineNumber":7,"author":{"gitId":"pinkcar203"},"content":"    }","lastModifiedDate":"2026-02-01T00:36:46","isFullCredit":false},{"lineNumber":8,"author":{"gitId":"pinkcar203"},"content":"    ","lastModifiedDate":"2026-02-01T00:36:46","isFullCredit":false},{"lineNumber":9,"author":{"gitId":"pinkcar203"},"content":"    public static int getByIndex(String chatEntry) {","lastModifiedDate":"2026-02-01T00:36:46","isFullCredit":false},{"lineNumber":10,"author":{"gitId":"pinkcar203"},"content":"        int byIndex \u003d chatEntry.indexOf(\"/by\");","lastModifiedDate":"2026-02-01T00:36:46","isFullCredit":false},{"lineNumber":11,"author":{"gitId":"pinkcar203"},"content":"        return byIndex;","lastModifiedDate":"2026-02-01T00:36:46","isFullCredit":false},{"lineNumber":12,"author":{"gitId":"pinkcar203"},"content":"    }","lastModifiedDate":"2026-02-01T00:36:46","isFullCredit":false},{"lineNumber":13,"author":{"gitId":"pinkcar203"},"content":"    ","lastModifiedDate":"2026-02-01T00:36:46","isFullCredit":false},{"lineNumber":14,"author":{"gitId":"pinkcar203"},"content":"    ","lastModifiedDate":"2026-02-01T00:36:46","isFullCredit":false},{"lineNumber":15,"author":{"gitId":"pinkcar203"},"content":"    public static int getFromIndex(String chatEntry) {","lastModifiedDate":"2026-02-01T00:36:46","isFullCredit":false},{"lineNumber":16,"author":{"gitId":"pinkcar203"},"content":"        int fromIndex \u003d chatEntry.indexOf(\"/from\");","lastModifiedDate":"2026-02-01T00:36:46","isFullCredit":false},{"lineNumber":17,"author":{"gitId":"pinkcar203"},"content":"        return fromIndex;","lastModifiedDate":"2026-02-01T00:36:46","isFullCredit":false},{"lineNumber":18,"author":{"gitId":"pinkcar203"},"content":"    }","lastModifiedDate":"2026-02-01T00:36:46","isFullCredit":false},{"lineNumber":19,"author":{"gitId":"pinkcar203"},"content":"    ","lastModifiedDate":"2026-02-01T00:36:46","isFullCredit":false},{"lineNumber":20,"author":{"gitId":"pinkcar203"},"content":"    public static int getToIndex(String chatEntry) {","lastModifiedDate":"2026-02-01T00:36:46","isFullCredit":false},{"lineNumber":21,"author":{"gitId":"pinkcar203"},"content":"        int toIndex \u003d chatEntry.indexOf(\"/to\");","lastModifiedDate":"2026-02-01T00:36:46","isFullCredit":false},{"lineNumber":22,"author":{"gitId":"pinkcar203"},"content":"        return toIndex;","lastModifiedDate":"2026-02-01T00:36:46","isFullCredit":false},{"lineNumber":23,"author":{"gitId":"pinkcar203"},"content":"    }","lastModifiedDate":"2026-02-01T00:36:46","isFullCredit":false},{"lineNumber":24,"author":{"gitId":"pinkcar203"},"content":"","lastModifiedDate":"2026-02-01T00:36:46","isFullCredit":false},{"lineNumber":25,"author":{"gitId":"pinkcar203"},"content":"    public static int getCompletedTask(String chatEntry) {","lastModifiedDate":"2026-02-01T00:36:46","isFullCredit":false},{"lineNumber":26,"author":{"gitId":"pinkcar203"},"content":"        String[] parts \u003d chatEntry.trim().split(\"\\\\s+\");","lastModifiedDate":"2026-02-01T00:36:46","isFullCredit":false},{"lineNumber":27,"author":{"gitId":"pinkcar203"},"content":"        int completedTask \u003d Integer.parseInt(parts[1]);","lastModifiedDate":"2026-02-01T00:36:46","isFullCredit":false},{"lineNumber":28,"author":{"gitId":"pinkcar203"},"content":"        return completedTask;","lastModifiedDate":"2026-02-01T00:36:46","isFullCredit":false},{"lineNumber":29,"author":{"gitId":"pinkcar203"},"content":"    }","lastModifiedDate":"2026-02-01T00:36:46","isFullCredit":false},{"lineNumber":30,"author":{"gitId":"pinkcar203"},"content":"    public static int getDeletedTask(String chatEntry){","lastModifiedDate":"2026-02-01T00:36:46","isFullCredit":false},{"lineNumber":31,"author":{"gitId":"pinkcar203"},"content":"        String[] parts \u003d chatEntry.trim().split(\"\\\\s+\");","lastModifiedDate":"2026-02-01T00:36:46","isFullCredit":false},{"lineNumber":32,"author":{"gitId":"pinkcar203"},"content":"        int deletedTask \u003d Integer.parseInt(parts[1]);","lastModifiedDate":"2026-02-01T00:36:46","isFullCredit":false},{"lineNumber":33,"author":{"gitId":"pinkcar203"},"content":"        return deletedTask;","lastModifiedDate":"2026-02-01T00:36:46","isFullCredit":false},{"lineNumber":34,"author":{"gitId":"pinkcar203"},"content":"    }","lastModifiedDate":"2026-02-01T00:36:46","isFullCredit":false},{"lineNumber":35,"author":{"gitId":"pinkcar203"},"content":"   ","lastModifiedDate":"2026-02-01T00:36:46","isFullCredit":false},{"lineNumber":36,"author":{"gitId":"pinkcar203"},"content":"    public static String getTodoDescription(String chatEntry) {","lastModifiedDate":"2026-02-01T00:36:46","isFullCredit":false},{"lineNumber":37,"author":{"gitId":"pinkcar203"},"content":"        String description \u003d chatEntry.substring(5);","lastModifiedDate":"2026-02-01T00:36:46","isFullCredit":false},{"lineNumber":38,"author":{"gitId":"pinkcar203"},"content":"        return description;","lastModifiedDate":"2026-02-01T00:36:46","isFullCredit":false},{"lineNumber":39,"author":{"gitId":"pinkcar203"},"content":"    }","lastModifiedDate":"2026-02-01T00:36:46","isFullCredit":false},{"lineNumber":40,"author":{"gitId":"pinkcar203"},"content":"    ","lastModifiedDate":"2026-02-01T00:36:46","isFullCredit":false},{"lineNumber":41,"author":{"gitId":"pinkcar203"},"content":"    ","lastModifiedDate":"2026-02-01T00:36:46","isFullCredit":false},{"lineNumber":42,"author":{"gitId":"pinkcar203"},"content":"    public static String[] getDeadline(String chatEntry) {","lastModifiedDate":"2026-02-01T00:36:46","isFullCredit":false},{"lineNumber":43,"author":{"gitId":"pinkcar203"},"content":"        int byIndex \u003d chatEntry.indexOf(\"/by\");","lastModifiedDate":"2026-02-01T00:36:46","isFullCredit":false},{"lineNumber":44,"author":{"gitId":"pinkcar203"},"content":"        String description \u003d chatEntry.substring(9, byIndex);","lastModifiedDate":"2026-02-01T00:36:46","isFullCredit":false},{"lineNumber":45,"author":{"gitId":"pinkcar203"},"content":"        String by \u003d chatEntry.substring(byIndex + 4);","lastModifiedDate":"2026-02-01T00:36:46","isFullCredit":false},{"lineNumber":46,"author":{"gitId":"pinkcar203"},"content":"        return new String[]{description, by};","lastModifiedDate":"2026-02-01T00:36:46","isFullCredit":false},{"lineNumber":47,"author":{"gitId":"pinkcar203"},"content":"    }","lastModifiedDate":"2026-02-01T00:36:46","isFullCredit":false},{"lineNumber":48,"author":{"gitId":"pinkcar203"},"content":"    ","lastModifiedDate":"2026-02-01T00:36:46","isFullCredit":false},{"lineNumber":49,"author":{"gitId":"pinkcar203"},"content":"    ","lastModifiedDate":"2026-02-01T00:36:46","isFullCredit":false},{"lineNumber":50,"author":{"gitId":"pinkcar203"},"content":"    public static String[] getEvent(String chatEntry) {","lastModifiedDate":"2026-02-01T00:36:46","isFullCredit":false},{"lineNumber":51,"author":{"gitId":"pinkcar203"},"content":"        int fromIndex \u003d chatEntry.indexOf(\"/from\");","lastModifiedDate":"2026-02-01T00:36:46","isFullCredit":false},{"lineNumber":52,"author":{"gitId":"pinkcar203"},"content":"        int toIndex \u003d chatEntry.indexOf(\"/to\");","lastModifiedDate":"2026-02-01T00:36:46","isFullCredit":false},{"lineNumber":53,"author":{"gitId":"pinkcar203"},"content":"        String description \u003d chatEntry.substring(6, fromIndex);","lastModifiedDate":"2026-02-01T00:36:46","isFullCredit":false},{"lineNumber":54,"author":{"gitId":"pinkcar203"},"content":"        String dateFrom \u003d chatEntry.substring(fromIndex + 6, toIndex);","lastModifiedDate":"2026-02-01T00:36:46","isFullCredit":false},{"lineNumber":55,"author":{"gitId":"pinkcar203"},"content":"        String dateTo \u003d chatEntry.substring(toIndex + 4);","lastModifiedDate":"2026-02-01T00:36:46","isFullCredit":false},{"lineNumber":56,"author":{"gitId":"pinkcar203"},"content":"        return new String[]{description, dateFrom, dateTo};","lastModifiedDate":"2026-02-01T00:36:46","isFullCredit":false},{"lineNumber":57,"author":{"gitId":"pinkcar203"},"content":"    }","lastModifiedDate":"2026-02-01T00:36:46","isFullCredit":false},{"lineNumber":58,"author":{"gitId":"pinkcar203"},"content":"    ","lastModifiedDate":"2026-02-01T00:36:46","isFullCredit":false},{"lineNumber":59,"author":{"gitId":"pinkcar203"},"content":"    ","lastModifiedDate":"2026-02-01T00:36:46","isFullCredit":false},{"lineNumber":60,"author":{"gitId":"pinkcar203"},"content":"    ","lastModifiedDate":"2026-02-01T00:36:46","isFullCredit":false},{"lineNumber":61,"author":{"gitId":"pinkcar203"},"content":"}","lastModifiedDate":"2026-02-01T00:36:46","isFullCredit":false}],"authorContributionMap":{"pinkcar203":61}},{"path":"src/main/java/Task.java","fileType":"java","lines":[{"lineNumber":1,"author":{"gitId":"pinkcar203"},"content":"public abstract class Task {","lastModifiedDate":"2026-02-01T00:36:46","isFullCredit":false},{"lineNumber":2,"author":{"gitId":"pinkcar203"},"content":"    protected String description;","lastModifiedDate":"2026-02-01T00:36:46","isFullCredit":false},{"lineNumber":3,"author":{"gitId":"pinkcar203"},"content":"    protected boolean isComplete;","lastModifiedDate":"2026-02-01T00:36:46","isFullCredit":false},{"lineNumber":4,"author":{"gitId":"pinkcar203"},"content":"    public abstract String toString();","lastModifiedDate":"2026-02-01T00:36:46","isFullCredit":false},{"lineNumber":5,"author":{"gitId":"pinkcar203"},"content":"    protected TaskTypes type;","lastModifiedDate":"2026-02-01T00:59:25","isFullCredit":false},{"lineNumber":6,"author":{"gitId":"pinkcar203"},"content":"","lastModifiedDate":"2026-02-01T00:36:46","isFullCredit":false},{"lineNumber":7,"author":{"gitId":"pinkcar203"},"content":"    public Task(String description) {","lastModifiedDate":"2026-02-01T00:36:46","isFullCredit":false},{"lineNumber":8,"author":{"gitId":"pinkcar203"},"content":"        this.description \u003d description;","lastModifiedDate":"2026-02-01T00:36:46","isFullCredit":false},{"lineNumber":9,"author":{"gitId":"pinkcar203"},"content":"        this.isComplete \u003d false;","lastModifiedDate":"2026-02-01T00:36:46","isFullCredit":false},{"lineNumber":10,"author":{"gitId":"pinkcar203"},"content":"    }","lastModifiedDate":"2026-02-01T00:36:46","isFullCredit":false},{"lineNumber":11,"author":{"gitId":"pinkcar203"},"content":"","lastModifiedDate":"2026-02-01T00:36:46","isFullCredit":false},{"lineNumber":12,"author":{"gitId":"pinkcar203"},"content":"   public void markDone() {","lastModifiedDate":"2026-02-01T00:36:46","isFullCredit":false},{"lineNumber":13,"author":{"gitId":"pinkcar203"},"content":"        this.isComplete \u003d true;","lastModifiedDate":"2026-02-01T00:36:46","isFullCredit":false},{"lineNumber":14,"author":{"gitId":"pinkcar203"},"content":"   }","lastModifiedDate":"2026-02-01T00:36:46","isFullCredit":false},{"lineNumber":15,"author":{"gitId":"pinkcar203"},"content":"","lastModifiedDate":"2026-02-01T00:36:46","isFullCredit":false},{"lineNumber":16,"author":{"gitId":"pinkcar203"},"content":"   public TaskTypes getTypeOfTask(){","lastModifiedDate":"2026-02-01T00:59:25","isFullCredit":false},{"lineNumber":17,"author":{"gitId":"pinkcar203"},"content":"        return type;","lastModifiedDate":"2026-02-01T00:59:25","isFullCredit":false},{"lineNumber":18,"author":{"gitId":"pinkcar203"},"content":"   }","lastModifiedDate":"2026-02-01T00:59:25","isFullCredit":false},{"lineNumber":19,"author":{"gitId":"pinkcar203"},"content":"","lastModifiedDate":"2026-02-01T00:59:25","isFullCredit":false},{"lineNumber":20,"author":{"gitId":"pinkcar203"},"content":"   public String getTypeLetter() {","lastModifiedDate":"2026-02-01T00:59:25","isFullCredit":false},{"lineNumber":21,"author":{"gitId":"pinkcar203"},"content":"       switch (type) {","lastModifiedDate":"2026-02-01T00:59:25","isFullCredit":false},{"lineNumber":22,"author":{"gitId":"pinkcar203"},"content":"        case TODO:","lastModifiedDate":"2026-02-01T00:59:25","isFullCredit":false},{"lineNumber":23,"author":{"gitId":"pinkcar203"},"content":"            return \"[T]\";","lastModifiedDate":"2026-02-01T00:59:25","isFullCredit":false},{"lineNumber":24,"author":{"gitId":"pinkcar203"},"content":"        case DEADLINE:","lastModifiedDate":"2026-02-01T00:59:25","isFullCredit":false},{"lineNumber":25,"author":{"gitId":"pinkcar203"},"content":"            return \"[D]\";","lastModifiedDate":"2026-02-01T00:59:25","isFullCredit":false},{"lineNumber":26,"author":{"gitId":"pinkcar203"},"content":"        case EVENT:","lastModifiedDate":"2026-02-01T00:59:25","isFullCredit":false},{"lineNumber":27,"author":{"gitId":"pinkcar203"},"content":"            return \"[E]\";","lastModifiedDate":"2026-02-01T00:59:25","isFullCredit":false},{"lineNumber":28,"author":{"gitId":"pinkcar203"},"content":"       }","lastModifiedDate":"2026-02-01T00:59:25","isFullCredit":false},{"lineNumber":29,"author":{"gitId":"pinkcar203"},"content":"       return \"?\";","lastModifiedDate":"2026-02-01T00:59:25","isFullCredit":false},{"lineNumber":30,"author":{"gitId":"pinkcar203"},"content":"   }","lastModifiedDate":"2026-02-01T00:59:25","isFullCredit":false},{"lineNumber":31,"author":{"gitId":"pinkcar203"},"content":"","lastModifiedDate":"2026-02-01T00:59:25","isFullCredit":false},{"lineNumber":32,"author":{"gitId":"pinkcar203"},"content":"","lastModifiedDate":"2026-02-01T00:59:25","isFullCredit":false},{"lineNumber":33,"author":{"gitId":"pinkcar203"},"content":"       ","lastModifiedDate":"2026-02-01T00:59:25","isFullCredit":false},{"lineNumber":34,"author":{"gitId":"pinkcar203"},"content":"","lastModifiedDate":"2026-02-01T00:59:25","isFullCredit":false},{"lineNumber":35,"author":{"gitId":"pinkcar203"},"content":"   public void markUndone() {","lastModifiedDate":"2026-02-01T00:36:46","isFullCredit":false},{"lineNumber":36,"author":{"gitId":"pinkcar203"},"content":"        this.isComplete \u003d false;","lastModifiedDate":"2026-02-01T00:36:46","isFullCredit":false},{"lineNumber":37,"author":{"gitId":"pinkcar203"},"content":"   }","lastModifiedDate":"2026-02-01T00:36:46","isFullCredit":false},{"lineNumber":38,"author":{"gitId":"pinkcar203"},"content":"   ","lastModifiedDate":"2026-02-01T00:36:46","isFullCredit":false},{"lineNumber":39,"author":{"gitId":"pinkcar203"},"content":"   public String getStatus() {","lastModifiedDate":"2026-02-01T00:36:46","isFullCredit":false},{"lineNumber":40,"author":{"gitId":"pinkcar203"},"content":"        String check;","lastModifiedDate":"2026-02-01T00:36:46","isFullCredit":false},{"lineNumber":41,"author":{"gitId":"pinkcar203"},"content":"        if (isComplete) {","lastModifiedDate":"2026-02-01T00:36:46","isFullCredit":false},{"lineNumber":42,"author":{"gitId":"pinkcar203"},"content":"            check \u003d \"[X]\";","lastModifiedDate":"2026-02-01T00:36:46","isFullCredit":false},{"lineNumber":43,"author":{"gitId":"pinkcar203"},"content":"        } else {","lastModifiedDate":"2026-02-01T00:36:46","isFullCredit":false},{"lineNumber":44,"author":{"gitId":"pinkcar203"},"content":"            check \u003d \"[ ]\";","lastModifiedDate":"2026-02-01T00:36:46","isFullCredit":false},{"lineNumber":45,"author":{"gitId":"pinkcar203"},"content":"        }","lastModifiedDate":"2026-02-01T00:36:46","isFullCredit":false},{"lineNumber":46,"author":{"gitId":"pinkcar203"},"content":"        return check;","lastModifiedDate":"2026-02-01T00:36:46","isFullCredit":false},{"lineNumber":47,"author":{"gitId":"pinkcar203"},"content":"   }","lastModifiedDate":"2026-02-01T00:36:46","isFullCredit":false},{"lineNumber":48,"author":{"gitId":"pinkcar203"},"content":"","lastModifiedDate":"2026-02-01T00:36:46","isFullCredit":false},{"lineNumber":49,"author":{"gitId":"pinkcar203"},"content":"   public String getDescription(){","lastModifiedDate":"2026-02-01T00:36:46","isFullCredit":false},{"lineNumber":50,"author":{"gitId":"pinkcar203"},"content":"       return description;","lastModifiedDate":"2026-02-01T00:36:46","isFullCredit":false},{"lineNumber":51,"author":{"gitId":"pinkcar203"},"content":"   }","lastModifiedDate":"2026-02-01T00:36:46","isFullCredit":false},{"lineNumber":52,"author":{"gitId":"pinkcar203"},"content":"","lastModifiedDate":"2026-02-01T00:36:46","isFullCredit":false},{"lineNumber":53,"author":{"gitId":"pinkcar203"},"content":"   public boolean isComplete() {","lastModifiedDate":"2026-02-01T00:36:46","isFullCredit":false},{"lineNumber":54,"author":{"gitId":"pinkcar203"},"content":"       return isComplete;","lastModifiedDate":"2026-02-01T00:36:46","isFullCredit":false},{"lineNumber":55,"author":{"gitId":"pinkcar203"},"content":"   }","lastModifiedDate":"2026-02-01T00:36:46","isFullCredit":false},{"lineNumber":56,"author":{"gitId":"pinkcar203"},"content":"}","lastModifiedDate":"2026-02-01T00:36:46","isFullCredit":false},{"lineNumber":57,"author":{"gitId":"pinkcar203"},"content":"   ","lastModifiedDate":"2026-02-01T00:36:46","isFullCredit":false}],"authorContributionMap":{"pinkcar203":57}},{"path":"src/main/java/TaskTypes.java","fileType":"java","lines":[{"lineNumber":1,"author":{"gitId":"pinkcar203"},"content":"public enum TaskTypes{","lastModifiedDate":"2026-02-01T00:59:25","isFullCredit":false},{"lineNumber":2,"author":{"gitId":"pinkcar203"},"content":"    //constants so all caps","lastModifiedDate":"2026-02-01T00:59:25","isFullCredit":false},{"lineNumber":3,"author":{"gitId":"pinkcar203"},"content":"    TODO,","lastModifiedDate":"2026-02-01T00:59:25","isFullCredit":false},{"lineNumber":4,"author":{"gitId":"pinkcar203"},"content":"    DEADLINE,","lastModifiedDate":"2026-02-01T00:59:25","isFullCredit":false},{"lineNumber":5,"author":{"gitId":"pinkcar203"},"content":"    EVENT","lastModifiedDate":"2026-02-01T00:59:25","isFullCredit":false},{"lineNumber":6,"author":{"gitId":"pinkcar203"},"content":"}","lastModifiedDate":"2026-02-01T00:59:25","isFullCredit":false}],"authorContributionMap":{"pinkcar203":6}},{"path":"src/main/java/Todo.java","fileType":"java","lines":[{"lineNumber":1,"author":{"gitId":"pinkcar203"},"content":"public class Todo extends Task {","lastModifiedDate":"2026-02-01T00:36:46","isFullCredit":false},{"lineNumber":2,"author":{"gitId":"pinkcar203"},"content":"    ","lastModifiedDate":"2026-02-01T00:36:46","isFullCredit":false},{"lineNumber":3,"author":{"gitId":"pinkcar203"},"content":"    public Todo(String description) {","lastModifiedDate":"2026-02-01T00:36:46","isFullCredit":false},{"lineNumber":4,"author":{"gitId":"pinkcar203"},"content":"        super(description);","lastModifiedDate":"2026-02-01T00:36:46","isFullCredit":false},{"lineNumber":5,"author":{"gitId":"pinkcar203"},"content":"        this.type \u003d TaskTypes.TODO;","lastModifiedDate":"2026-02-01T00:59:25","isFullCredit":false},{"lineNumber":6,"author":{"gitId":"pinkcar203"},"content":"    }","lastModifiedDate":"2026-02-01T00:36:46","isFullCredit":false},{"lineNumber":7,"author":{"gitId":"pinkcar203"},"content":"    ","lastModifiedDate":"2026-02-01T00:36:46","isFullCredit":false},{"lineNumber":8,"author":{"gitId":"pinkcar203"},"content":"    @Override","lastModifiedDate":"2026-02-01T00:36:46","isFullCredit":false},{"lineNumber":9,"author":{"gitId":"pinkcar203"},"content":"    public String toString() {","lastModifiedDate":"2026-02-01T00:36:46","isFullCredit":false},{"lineNumber":10,"author":{"gitId":"pinkcar203"},"content":"        return getTypeLetter() + \" \" + getStatus() + \" \" + description;","lastModifiedDate":"2026-02-01T00:59:25","isFullCredit":false},{"lineNumber":11,"author":{"gitId":"pinkcar203"},"content":"    }","lastModifiedDate":"2026-02-01T00:36:46","isFullCredit":false},{"lineNumber":12,"author":{"gitId":"pinkcar203"},"content":"}","lastModifiedDate":"2026-02-01T00:36:46","isFullCredit":false}],"authorContributionMap":{"pinkcar203":12}},{"path":"src/main/java/UI.java","fileType":"java","lines":[{"lineNumber":1,"author":{"gitId":"pinkcar203"},"content":"import java.util.Scanner;","lastModifiedDate":"2026-02-01T00:36:46","isFullCredit":false},{"lineNumber":2,"author":{"gitId":"pinkcar203"},"content":"","lastModifiedDate":"2026-02-01T00:36:46","isFullCredit":false},{"lineNumber":3,"author":{"gitId":"pinkcar203"},"content":"public class UI {","lastModifiedDate":"2026-02-01T00:36:46","isFullCredit":false},{"lineNumber":4,"author":{"gitId":"pinkcar203"},"content":"    private Scanner entry;","lastModifiedDate":"2026-02-01T00:36:46","isFullCredit":false},{"lineNumber":5,"author":{"gitId":"pinkcar203"},"content":"    private static final String line \u003d \"------------------------------------------\";","lastModifiedDate":"2026-02-01T00:36:46","isFullCredit":false},{"lineNumber":6,"author":{"gitId":"pinkcar203"},"content":"","lastModifiedDate":"2026-02-01T00:36:46","isFullCredit":false},{"lineNumber":7,"author":{"gitId":"pinkcar203"},"content":"    public UI(){","lastModifiedDate":"2026-02-01T00:36:46","isFullCredit":false},{"lineNumber":8,"author":{"gitId":"pinkcar203"},"content":"        this.entry \u003d new Scanner(System.in);","lastModifiedDate":"2026-02-01T00:36:46","isFullCredit":false},{"lineNumber":9,"author":{"gitId":"pinkcar203"},"content":"    }","lastModifiedDate":"2026-02-01T00:36:46","isFullCredit":false},{"lineNumber":10,"author":{"gitId":"pinkcar203"},"content":"    ","lastModifiedDate":"2026-02-01T00:36:46","isFullCredit":false},{"lineNumber":11,"author":{"gitId":"pinkcar203"},"content":"","lastModifiedDate":"2026-02-01T00:36:46","isFullCredit":false},{"lineNumber":12,"author":{"gitId":"pinkcar203"},"content":"    public void welcomeLogo() {","lastModifiedDate":"2026-02-01T00:36:46","isFullCredit":false},{"lineNumber":13,"author":{"gitId":"pinkcar203"},"content":"        String logo \u003d \"( o.o )\\n\"  // animal face","lastModifiedDate":"2026-02-01T00:36:46","isFullCredit":false},{"lineNumber":14,"author":{"gitId":"pinkcar203"},"content":"                    + \"  \u003e^\u003c \";      ","lastModifiedDate":"2026-02-01T00:36:46","isFullCredit":false},{"lineNumber":15,"author":{"gitId":"pinkcar203"},"content":"        ","lastModifiedDate":"2026-02-01T00:36:46","isFullCredit":false},{"lineNumber":16,"author":{"gitId":"pinkcar203"},"content":"        System.out.println(line);","lastModifiedDate":"2026-02-01T00:36:46","isFullCredit":false},{"lineNumber":17,"author":{"gitId":"pinkcar203"},"content":"        System.out.println(\" Hello! I\u0027m Mickey\\n\" + logo + \"\\n\");","lastModifiedDate":"2026-02-01T00:36:46","isFullCredit":false},{"lineNumber":18,"author":{"gitId":"pinkcar203"},"content":"        System.out.println(\" What can I do for you?\");","lastModifiedDate":"2026-02-01T00:36:46","isFullCredit":false},{"lineNumber":19,"author":{"gitId":"pinkcar203"},"content":"        System.out.println(line);","lastModifiedDate":"2026-02-01T00:36:46","isFullCredit":false},{"lineNumber":20,"author":{"gitId":"pinkcar203"},"content":"    }","lastModifiedDate":"2026-02-01T00:36:46","isFullCredit":false},{"lineNumber":21,"author":{"gitId":"pinkcar203"},"content":"","lastModifiedDate":"2026-02-01T00:36:46","isFullCredit":false},{"lineNumber":22,"author":{"gitId":"pinkcar203"},"content":"    public void sayBye() {","lastModifiedDate":"2026-02-01T00:36:46","isFullCredit":false},{"lineNumber":23,"author":{"gitId":"pinkcar203"},"content":"        System.out.println(line);","lastModifiedDate":"2026-02-01T00:36:46","isFullCredit":false},{"lineNumber":24,"author":{"gitId":"pinkcar203"},"content":"        System.out.println(\" Chat says bye. Hope to see you again soon! :D \");","lastModifiedDate":"2026-02-01T00:36:46","isFullCredit":false},{"lineNumber":25,"author":{"gitId":"pinkcar203"},"content":"        System.out.println(line);","lastModifiedDate":"2026-02-01T00:36:46","isFullCredit":false},{"lineNumber":26,"author":{"gitId":"pinkcar203"},"content":"    }","lastModifiedDate":"2026-02-01T00:36:46","isFullCredit":false},{"lineNumber":27,"author":{"gitId":"pinkcar203"},"content":"","lastModifiedDate":"2026-02-01T00:36:46","isFullCredit":false},{"lineNumber":28,"author":{"gitId":"pinkcar203"},"content":"    public String userInput() {","lastModifiedDate":"2026-02-01T00:36:46","isFullCredit":false},{"lineNumber":29,"author":{"gitId":"pinkcar203"},"content":"        return entry.nextLine().trim();","lastModifiedDate":"2026-02-01T00:36:46","isFullCredit":false},{"lineNumber":30,"author":{"gitId":"pinkcar203"},"content":"    }","lastModifiedDate":"2026-02-01T00:36:46","isFullCredit":false},{"lineNumber":31,"author":{"gitId":"pinkcar203"},"content":"","lastModifiedDate":"2026-02-01T00:36:46","isFullCredit":false},{"lineNumber":32,"author":{"gitId":"pinkcar203"},"content":"    public void nextLine() {","lastModifiedDate":"2026-02-01T00:36:46","isFullCredit":false},{"lineNumber":33,"author":{"gitId":"pinkcar203"},"content":"        System.out.println(line);","lastModifiedDate":"2026-02-01T00:36:46","isFullCredit":false},{"lineNumber":34,"author":{"gitId":"pinkcar203"},"content":"    }","lastModifiedDate":"2026-02-01T00:36:46","isFullCredit":false},{"lineNumber":35,"author":{"gitId":"pinkcar203"},"content":"","lastModifiedDate":"2026-02-01T00:36:46","isFullCredit":false},{"lineNumber":36,"author":{"gitId":"pinkcar203"},"content":"    public void allTaskList () {","lastModifiedDate":"2026-02-01T00:36:46","isFullCredit":false},{"lineNumber":37,"author":{"gitId":"pinkcar203"},"content":"        System.out.println(line);","lastModifiedDate":"2026-02-01T00:36:46","isFullCredit":false},{"lineNumber":38,"author":{"gitId":"pinkcar203"},"content":"        System.out.println(\"Here are the tasks in your list:\");","lastModifiedDate":"2026-02-01T00:36:46","isFullCredit":false},{"lineNumber":39,"author":{"gitId":"pinkcar203"},"content":"    }","lastModifiedDate":"2026-02-01T00:36:46","isFullCredit":false},{"lineNumber":40,"author":{"gitId":"pinkcar203"},"content":"","lastModifiedDate":"2026-02-01T00:36:46","isFullCredit":false},{"lineNumber":41,"author":{"gitId":"pinkcar203"},"content":"    public void showInvalidTaskNumber() {","lastModifiedDate":"2026-02-01T00:36:46","isFullCredit":false},{"lineNumber":42,"author":{"gitId":"pinkcar203"},"content":"        System.out.println(\"Please choose a task number within the list.\");","lastModifiedDate":"2026-02-01T00:36:46","isFullCredit":false},{"lineNumber":43,"author":{"gitId":"pinkcar203"},"content":"    }","lastModifiedDate":"2026-02-01T00:36:46","isFullCredit":false},{"lineNumber":44,"author":{"gitId":"pinkcar203"},"content":"","lastModifiedDate":"2026-02-01T00:36:46","isFullCredit":false},{"lineNumber":45,"author":{"gitId":"pinkcar203"},"content":"    public void showMarked() {","lastModifiedDate":"2026-02-01T00:36:46","isFullCredit":false},{"lineNumber":46,"author":{"gitId":"pinkcar203"},"content":"        System.out.println(\"Niceeee! I\u0027ve marked this task as done:\");","lastModifiedDate":"2026-02-01T00:36:46","isFullCredit":false},{"lineNumber":47,"author":{"gitId":"pinkcar203"},"content":"    }","lastModifiedDate":"2026-02-01T00:36:46","isFullCredit":false},{"lineNumber":48,"author":{"gitId":"pinkcar203"},"content":"","lastModifiedDate":"2026-02-01T00:36:46","isFullCredit":false},{"lineNumber":49,"author":{"gitId":"pinkcar203"},"content":"     public void showUnmarked() {","lastModifiedDate":"2026-02-01T00:36:46","isFullCredit":false},{"lineNumber":50,"author":{"gitId":"pinkcar203"},"content":"        System.out.println(\"Okie, I\u0027ve marked this task as not done yet:\");","lastModifiedDate":"2026-02-01T00:36:46","isFullCredit":false},{"lineNumber":51,"author":{"gitId":"pinkcar203"},"content":"    }","lastModifiedDate":"2026-02-01T00:36:46","isFullCredit":false},{"lineNumber":52,"author":{"gitId":"pinkcar203"},"content":"","lastModifiedDate":"2026-02-01T00:36:46","isFullCredit":false},{"lineNumber":53,"author":{"gitId":"pinkcar203"},"content":"    public void showDeleted(String task, int taskCount) {","lastModifiedDate":"2026-02-01T00:36:46","isFullCredit":false},{"lineNumber":54,"author":{"gitId":"pinkcar203"},"content":"        System.out.println(\"Okie, I\u0027ve removed this task:\");","lastModifiedDate":"2026-02-01T00:36:46","isFullCredit":false},{"lineNumber":55,"author":{"gitId":"pinkcar203"},"content":"        System.out.println(\" \" + task);","lastModifiedDate":"2026-02-01T00:36:46","isFullCredit":false},{"lineNumber":56,"author":{"gitId":"pinkcar203"},"content":"        if (taskCount \u003d\u003d 0) {","lastModifiedDate":"2026-02-01T00:36:46","isFullCredit":false},{"lineNumber":57,"author":{"gitId":"pinkcar203"},"content":"            System.out.println(\" Now you have no tasks in the list.\");","lastModifiedDate":"2026-02-01T00:36:46","isFullCredit":false},{"lineNumber":58,"author":{"gitId":"pinkcar203"},"content":"        } else if (taskCount \u003d\u003d 1) {","lastModifiedDate":"2026-02-01T00:36:46","isFullCredit":false},{"lineNumber":59,"author":{"gitId":"pinkcar203"},"content":"            System.out.println(\" Now you have \" + taskCount + \" task in the list.\");","lastModifiedDate":"2026-02-01T00:36:46","isFullCredit":false},{"lineNumber":60,"author":{"gitId":"pinkcar203"},"content":"        }","lastModifiedDate":"2026-02-01T00:36:46","isFullCredit":false},{"lineNumber":61,"author":{"gitId":"pinkcar203"},"content":"        else {","lastModifiedDate":"2026-02-01T00:36:46","isFullCredit":false},{"lineNumber":62,"author":{"gitId":"pinkcar203"},"content":"            System.out.println(\" Now you have \" + taskCount + \" tasks in the list.\");","lastModifiedDate":"2026-02-01T00:36:46","isFullCredit":false},{"lineNumber":63,"author":{"gitId":"pinkcar203"},"content":"        }","lastModifiedDate":"2026-02-01T00:36:46","isFullCredit":false},{"lineNumber":64,"author":{"gitId":"pinkcar203"},"content":"    }","lastModifiedDate":"2026-02-01T00:36:46","isFullCredit":false},{"lineNumber":65,"author":{"gitId":"pinkcar203"},"content":"","lastModifiedDate":"2026-02-01T00:36:46","isFullCredit":false},{"lineNumber":66,"author":{"gitId":"pinkcar203"},"content":"    public void showNumberFormatError() {","lastModifiedDate":"2026-02-01T00:36:46","isFullCredit":false},{"lineNumber":67,"author":{"gitId":"pinkcar203"},"content":"        System.out.println(\"Oops, please use the task number for selection.\");","lastModifiedDate":"2026-02-01T00:36:46","isFullCredit":false},{"lineNumber":68,"author":{"gitId":"pinkcar203"},"content":"    }","lastModifiedDate":"2026-02-01T00:36:46","isFullCredit":false},{"lineNumber":69,"author":{"gitId":"pinkcar203"},"content":"","lastModifiedDate":"2026-02-01T00:36:46","isFullCredit":false},{"lineNumber":70,"author":{"gitId":"pinkcar203"},"content":"     public void showEmptyTodoError() {","lastModifiedDate":"2026-02-01T00:36:46","isFullCredit":false},{"lineNumber":71,"author":{"gitId":"pinkcar203"},"content":"        System.out.println(\"Please enter a description of your todo item\");","lastModifiedDate":"2026-02-01T00:36:46","isFullCredit":false},{"lineNumber":72,"author":{"gitId":"pinkcar203"},"content":"    }","lastModifiedDate":"2026-02-01T00:36:46","isFullCredit":false},{"lineNumber":73,"author":{"gitId":"pinkcar203"},"content":"","lastModifiedDate":"2026-02-01T00:36:46","isFullCredit":false},{"lineNumber":74,"author":{"gitId":"pinkcar203"},"content":"    public void showNoTask(){","lastModifiedDate":"2026-02-01T00:36:46","isFullCredit":false},{"lineNumber":75,"author":{"gitId":"pinkcar203"},"content":"        System.out.println(\"You are done with all your tasks! Good job!\");","lastModifiedDate":"2026-02-01T00:36:46","isFullCredit":false},{"lineNumber":76,"author":{"gitId":"pinkcar203"},"content":"    }","lastModifiedDate":"2026-02-01T00:36:46","isFullCredit":false},{"lineNumber":77,"author":{"gitId":"pinkcar203"},"content":"","lastModifiedDate":"2026-02-01T00:36:46","isFullCredit":false},{"lineNumber":78,"author":{"gitId":"pinkcar203"},"content":"     public void showTaskAdded(String taskString, int taskCount) {","lastModifiedDate":"2026-02-01T00:36:46","isFullCredit":false},{"lineNumber":79,"author":{"gitId":"pinkcar203"},"content":"        System.out.println(\" Got it. I\u0027ve added this task:\");","lastModifiedDate":"2026-02-01T00:36:46","isFullCredit":false},{"lineNumber":80,"author":{"gitId":"pinkcar203"},"content":"        System.out.println(\"  \" + taskString);","lastModifiedDate":"2026-02-01T00:36:46","isFullCredit":false},{"lineNumber":81,"author":{"gitId":"pinkcar203"},"content":"        if (taskCount \u003d\u003d 1) {","lastModifiedDate":"2026-02-01T00:36:46","isFullCredit":false},{"lineNumber":82,"author":{"gitId":"pinkcar203"},"content":"            System.out.println(\" Now you have \" + taskCount + \" task in the list.\");","lastModifiedDate":"2026-02-01T00:36:46","isFullCredit":false},{"lineNumber":83,"author":{"gitId":"pinkcar203"},"content":"        } else {","lastModifiedDate":"2026-02-01T00:36:46","isFullCredit":false},{"lineNumber":84,"author":{"gitId":"pinkcar203"},"content":"            System.out.println(\" Now you have \" + taskCount + \" tasks in the list.\");","lastModifiedDate":"2026-02-01T00:36:46","isFullCredit":false},{"lineNumber":85,"author":{"gitId":"pinkcar203"},"content":"        }","lastModifiedDate":"2026-02-01T00:36:46","isFullCredit":false},{"lineNumber":86,"author":{"gitId":"pinkcar203"},"content":"    }","lastModifiedDate":"2026-02-01T00:36:46","isFullCredit":false},{"lineNumber":87,"author":{"gitId":"pinkcar203"},"content":"","lastModifiedDate":"2026-02-01T00:36:46","isFullCredit":false},{"lineNumber":88,"author":{"gitId":"pinkcar203"},"content":"    public void showDeadlineEmptyError() {","lastModifiedDate":"2026-02-01T00:36:46","isFullCredit":false},{"lineNumber":89,"author":{"gitId":"pinkcar203"},"content":"        System.out.println(\"Oops please specify the item and deadline\");","lastModifiedDate":"2026-02-01T00:36:46","isFullCredit":false},{"lineNumber":90,"author":{"gitId":"pinkcar203"},"content":"    }","lastModifiedDate":"2026-02-01T00:36:46","isFullCredit":false},{"lineNumber":91,"author":{"gitId":"pinkcar203"},"content":"","lastModifiedDate":"2026-02-01T00:36:46","isFullCredit":false},{"lineNumber":92,"author":{"gitId":"pinkcar203"},"content":"    public void showDeadlineMissingDateError() {","lastModifiedDate":"2026-02-01T00:36:46","isFullCredit":false},{"lineNumber":93,"author":{"gitId":"pinkcar203"},"content":"        System.out.println(\"Remember to enter the deadline dateee!\");","lastModifiedDate":"2026-02-01T00:36:46","isFullCredit":false},{"lineNumber":94,"author":{"gitId":"pinkcar203"},"content":"    }","lastModifiedDate":"2026-02-01T00:36:46","isFullCredit":false},{"lineNumber":95,"author":{"gitId":"pinkcar203"},"content":"","lastModifiedDate":"2026-02-01T00:36:46","isFullCredit":false},{"lineNumber":96,"author":{"gitId":"pinkcar203"},"content":"    public void showDeadlineNoDescriptionError() {","lastModifiedDate":"2026-02-01T00:36:46","isFullCredit":false},{"lineNumber":97,"author":{"gitId":"pinkcar203"},"content":"        System.out.println(\"Hmmm there seems to be no description..\");","lastModifiedDate":"2026-02-01T00:36:46","isFullCredit":false},{"lineNumber":98,"author":{"gitId":"pinkcar203"},"content":"    }","lastModifiedDate":"2026-02-01T00:36:46","isFullCredit":false},{"lineNumber":99,"author":{"gitId":"pinkcar203"},"content":"","lastModifiedDate":"2026-02-01T00:36:46","isFullCredit":false},{"lineNumber":100,"author":{"gitId":"pinkcar203"},"content":"    public void showEventEmptyError() {","lastModifiedDate":"2026-02-01T00:36:46","isFullCredit":false},{"lineNumber":101,"author":{"gitId":"pinkcar203"},"content":"        System.out.println(\"You havent entered any event details yet!\");","lastModifiedDate":"2026-02-01T00:36:46","isFullCredit":false},{"lineNumber":102,"author":{"gitId":"pinkcar203"},"content":"    }","lastModifiedDate":"2026-02-01T00:36:46","isFullCredit":false},{"lineNumber":103,"author":{"gitId":"pinkcar203"},"content":"","lastModifiedDate":"2026-02-01T00:36:46","isFullCredit":false},{"lineNumber":104,"author":{"gitId":"pinkcar203"},"content":"    public void showEventMissingDatesError() {","lastModifiedDate":"2026-02-01T00:36:46","isFullCredit":false},{"lineNumber":105,"author":{"gitId":"pinkcar203"},"content":"        System.out.println(\"You havent entered any event dates yet...\");","lastModifiedDate":"2026-02-01T00:36:46","isFullCredit":false},{"lineNumber":106,"author":{"gitId":"pinkcar203"},"content":"    }","lastModifiedDate":"2026-02-01T00:36:46","isFullCredit":false},{"lineNumber":107,"author":{"gitId":"pinkcar203"},"content":"","lastModifiedDate":"2026-02-01T00:36:46","isFullCredit":false},{"lineNumber":108,"author":{"gitId":"pinkcar203"},"content":"    ","lastModifiedDate":"2026-02-01T00:36:46","isFullCredit":false},{"lineNumber":109,"author":{"gitId":"pinkcar203"},"content":"    public void showTask(int index, String task) {","lastModifiedDate":"2026-02-01T00:36:46","isFullCredit":false},{"lineNumber":110,"author":{"gitId":"pinkcar203"},"content":"        System.out.println(index + \".\" + task);","lastModifiedDate":"2026-02-01T00:36:46","isFullCredit":false},{"lineNumber":111,"author":{"gitId":"pinkcar203"},"content":"    }","lastModifiedDate":"2026-02-01T00:36:46","isFullCredit":false},{"lineNumber":112,"author":{"gitId":"pinkcar203"},"content":"","lastModifiedDate":"2026-02-01T00:36:46","isFullCredit":false},{"lineNumber":113,"author":{"gitId":"pinkcar203"},"content":"    public void showMarkedTask(String description, String details) {","lastModifiedDate":"2026-02-01T00:36:46","isFullCredit":false},{"lineNumber":114,"author":{"gitId":"pinkcar203"},"content":"        if (details !\u003d null) {","lastModifiedDate":"2026-02-01T00:36:46","isFullCredit":false},{"lineNumber":115,"author":{"gitId":"pinkcar203"},"content":"            System.out.println(\"[X] \" + description + \" \" + details);","lastModifiedDate":"2026-02-01T00:36:46","isFullCredit":false},{"lineNumber":116,"author":{"gitId":"pinkcar203"},"content":"        } else {","lastModifiedDate":"2026-02-01T00:36:46","isFullCredit":false},{"lineNumber":117,"author":{"gitId":"pinkcar203"},"content":"            System.out.println(\" [X] \" + description);","lastModifiedDate":"2026-02-01T00:36:46","isFullCredit":false},{"lineNumber":118,"author":{"gitId":"pinkcar203"},"content":"        }","lastModifiedDate":"2026-02-01T00:36:46","isFullCredit":false},{"lineNumber":119,"author":{"gitId":"pinkcar203"},"content":"    }","lastModifiedDate":"2026-02-01T00:36:46","isFullCredit":false},{"lineNumber":120,"author":{"gitId":"pinkcar203"},"content":"","lastModifiedDate":"2026-02-01T00:36:46","isFullCredit":false},{"lineNumber":121,"author":{"gitId":"pinkcar203"},"content":"     public void showUnmarkedTask(String description) {","lastModifiedDate":"2026-02-01T00:36:46","isFullCredit":false},{"lineNumber":122,"author":{"gitId":"pinkcar203"},"content":"        System.out.println(\" [ ] \" + description);","lastModifiedDate":"2026-02-01T00:36:46","isFullCredit":false},{"lineNumber":123,"author":{"gitId":"pinkcar203"},"content":"    }","lastModifiedDate":"2026-02-01T00:36:46","isFullCredit":false},{"lineNumber":124,"author":{"gitId":"pinkcar203"},"content":"    ","lastModifiedDate":"2026-02-01T00:36:46","isFullCredit":false},{"lineNumber":125,"author":{"gitId":"pinkcar203"},"content":"    ","lastModifiedDate":"2026-02-01T00:36:46","isFullCredit":false},{"lineNumber":126,"author":{"gitId":"pinkcar203"},"content":"    public void close() {","lastModifiedDate":"2026-02-01T00:36:46","isFullCredit":false},{"lineNumber":127,"author":{"gitId":"pinkcar203"},"content":"        entry.close();","lastModifiedDate":"2026-02-01T00:36:46","isFullCredit":false},{"lineNumber":128,"author":{"gitId":"pinkcar203"},"content":"    }","lastModifiedDate":"2026-02-01T00:36:46","isFullCredit":false},{"lineNumber":129,"author":{"gitId":"pinkcar203"},"content":"}","lastModifiedDate":"2026-02-01T00:36:46","isFullCredit":false}],"authorContributionMap":{"pinkcar203":129}},{"path":"text-ui-test/input.txt","fileType":"txt","lines":[{"lineNumber":1,"author":{"gitId":"pinkcar203"},"content":"todo book","lastModifiedDate":"2026-01-31T01:10:06","isFullCredit":false},{"lineNumber":2,"author":{"gitId":"pinkcar203"},"content":"deadline meeting /by fri","lastModifiedDate":"2026-01-31T01:10:06","isFullCredit":false},{"lineNumber":3,"author":{"gitId":"pinkcar203"},"content":"mark 1","lastModifiedDate":"2026-01-31T01:10:06","isFullCredit":false},{"lineNumber":4,"author":{"gitId":"pinkcar203"},"content":"unmark 1","lastModifiedDate":"2026-01-31T01:10:06","isFullCredit":false},{"lineNumber":5,"author":{"gitId":"pinkcar203"},"content":"list ","lastModifiedDate":"2026-01-31T01:10:06","isFullCredit":false},{"lineNumber":6,"author":{"gitId":"pinkcar203"},"content":"todo","lastModifiedDate":"2026-01-31T22:12:57","isFullCredit":false},{"lineNumber":7,"author":{"gitId":"pinkcar203"},"content":"deadline","lastModifiedDate":"2026-01-31T22:12:57","isFullCredit":false},{"lineNumber":8,"author":{"gitId":"pinkcar203"},"content":"event","lastModifiedDate":"2026-01-31T22:12:57","isFullCredit":false},{"lineNumber":9,"author":{"gitId":"pinkcar203"},"content":"event test","lastModifiedDate":"2026-01-31T22:12:57","isFullCredit":false},{"lineNumber":10,"author":{"gitId":"pinkcar203"},"content":"delete 1","lastModifiedDate":"2026-02-01T00:36:46","isFullCredit":false},{"lineNumber":11,"author":{"gitId":"pinkcar203"},"content":"bye","lastModifiedDate":"2026-01-31T01:10:06","isFullCredit":false}],"authorContributionMap":{"pinkcar203":11}}]
