{"authorDailyContributionsMap":{"pinkcar203":[{"date":"2026-01-27T00:00:00","commitResults":[{"hash":"d588ccdbf4b7acd5d46fc2eba19c8edc64c8a74a","isMergeCommit":false,"messageTitle":"Rename chatbot. Implement skeletal version","messageBody":"","tags":["Level-0"],"fileTypesAndContributionMap":{"java":{"insertions":13,"deletions":10},"md":{"insertions":1,"deletions":1}}},{"hash":"ff70e2d1d71837e4ac8fd6b6d8373c5e88cf2ba6","isMergeCommit":false,"messageTitle":"Add user command  echo","messageBody":"","tags":["Level-1"],"fileTypesAndContributionMap":{"java":{"insertions":23,"deletions":6}}},{"hash":"9c3c988f24279b738ce208e37d27432621f34915","isMergeCommit":false,"messageTitle":"Add ability to store entered text and display upon request","messageBody":"","tags":["Level-2"],"fileTypesAndContributionMap":{"java":{"insertions":16,"deletions":5}}}]},{"date":"2026-01-30T00:00:00","commitResults":[{"hash":"a692227f2f245bb8c3e29796f2a655fd2f9fa60e","isMergeCommit":false,"messageTitle":"Add feature to mark and unmark tasks","messageBody":"","tags":["Level-3"],"fileTypesAndContributionMap":{"java":{"insertions":58,"deletions":6}}}]},{"date":"2026-01-31T00:00:00","commitResults":[{"hash":"b7308dfe37f7b8b9ed100efa169910028a31df6d","isMergeCommit":false,"messageTitle":"Add todo, event and deadline functionality","messageBody":"","tags":["Level-4"],"fileTypesAndContributionMap":{"java":{"insertions":62,"deletions":6}}},{"hash":"8c80a92549cb04d9d5209788cb23afbb29d31f50","isMergeCommit":false,"messageTitle":"Add Automated Text UI Testing","messageBody":"","tags":["A-TextUiTesting"],"fileTypesAndContributionMap":{"txt":{"insertions":6,"deletions":0},"md":{"insertions":3,"deletions":3}}},{"hash":"5bd037b25cad8d25c8fc65cb90a55602553cda58","isMergeCommit":false,"messageTitle":"Add error handling","messageBody":"","tags":["Level-5"],"fileTypesAndContributionMap":{"txt":{"insertions":5,"deletions":1},"java":{"insertions":45,"deletions":19},"md":{"insertions":0,"deletions":0}}}]},{"date":"2026-02-01T00:00:00","commitResults":[{"hash":"3d35a41a36fda611eb884735faa3d78ccf3355f5","isMergeCommit":false,"messageTitle":"Add delete feature. Add classes for each","messageBody":"","tags":["Level-6"],"fileTypesAndContributionMap":{"txt":{"insertions":1,"deletions":0},"java":{"insertions":443,"deletions":161}}},{"hash":"bdce61e3e1328272d2e109d6156084692b2add25","isMergeCommit":false,"messageTitle":"Add enums for task type","messageBody":"","tags":["A-Enums"],"fileTypesAndContributionMap":{"java":{"insertions":32,"deletions":3}}},{"hash":"9b61a444e7badc423a67b234d210851e486e9c27","isMergeCommit":false,"messageTitle":"Remove AI.md file","messageBody":"","fileTypesAndContributionMap":{"md":{"insertions":0,"deletions":0}}}]}]},"authorFileTypeContributionMap":{"pinkcar203":{"java":486,"md":4,"txt":11}},"authorContributionVariance":{"pinkcar203":12964.093},"authorDisplayNameMap":{"pinkcar203":"pinkcar203"}}
