{"authorDailyContributionsMap":{"LingWL02":[{"date":"2026-01-26T00:00:00","commitResults":[{"hash":"b835d117c68c0f60300bb96d21c507a5dc1314f8","isMergeCommit":false,"messageTitle":"Completed level-0.","messageBody":"","tags":["Level-0,Rename-Greet-Exit"],"fileTypesAndContributionMap":{"java":{"insertions":11,"deletions":0}}},{"hash":"c197fbce14a3f49e2c5cddb3fbdd3d20390ce16c","isMergeCommit":false,"messageTitle":"Level-1 Echo","messageBody":"","tags":["Level-1,Echo"],"fileTypesAndContributionMap":{"java":{"insertions":17,"deletions":8}}}]},{"date":"2026-01-27T00:00:00","commitResults":[{"hash":"2d08cb4ee5af90edb87b59e169224a0b8e780c3b","isMergeCommit":false,"messageTitle":"Created an Application class.","messageBody":"","fileTypesAndContributionMap":{"java":{"insertions":34,"deletions":25}}},{"hash":"64eb7712b637fae21efaaf0ef8416b6ae1903ab4","isMergeCommit":false,"messageTitle":"Added pattern matching skeleton.","messageBody":"","fileTypesAndContributionMap":{"java":{"insertions":61,"deletions":4}}},{"hash":"5d3fcc00fc398370faa9ee1c4167ca1b29a8427b","isMergeCommit":false,"messageTitle":"Reformated file structure.","messageBody":"","fileTypesAndContributionMap":{"java":{"insertions":50,"deletions":73}}},{"hash":"94681cc8b3df433a90cb7b3e6f36f473b36e8701","isMergeCommit":false,"messageTitle":"Completed base skeleton for next task.","messageBody":"","fileTypesAndContributionMap":{"java":{"insertions":122,"deletions":22}}},{"hash":"7664fd8591d46f929fe74e9da7dcf37ae0c174e6","isMergeCommit":false,"messageTitle":"Completed level 2.","messageBody":"","tags":["Level-2,Add,List"],"fileTypesAndContributionMap":{"java":{"insertions":39,"deletions":7}}}]},{"date":"2026-01-28T00:00:00","commitResults":[{"hash":"6f07d1fa0b1b60aefd133b4d49b6c8ac897b5ffc","isMergeCommit":false,"messageTitle":"Level 3 done.","messageBody":"","tags":["Level-3,Mark-As-Done"],"fileTypesAndContributionMap":{"java":{"insertions":146,"deletions":40}}}]},{"date":"2026-01-29T00:00:00","commitResults":[{"hash":"c07e1dc0f0f02434648deb5c2c97b151db40ae97","isMergeCommit":false,"messageTitle":"Completed level 4.","messageBody":"","tags":["Level-4,Todo,Event,Deadline"],"fileTypesAndContributionMap":{"java":{"insertions":111,"deletions":10}}},{"hash":"61a5536d99cf6206c9e7de91422fd65a0b664bc3","isMergeCommit":true,"messageTitle":"Merge branch \u0027master\u0027 of github.com:nus-cs2103de-ay2526s2/duke into week-3","messageBody":"","fileTypesAndContributionMap":{}},{"hash":"79b9fb3eafbbe8e1aba1f6bc4cb2ff597a245aff","isMergeCommit":false,"messageTitle":"Completed Level 5","messageBody":"","tags":["Level-5,A-TextUiTesting"],"fileTypesAndContributionMap":{"txt":{"insertions":15,"deletions":0}}}]},{"date":"2026-01-30T00:00:00","commitResults":[{"hash":"a3a592d03e8ab988c8ffb8684d5a7c22377bd91b","isMergeCommit":false,"messageTitle":"Added invalid argument checks for bye.","messageBody":"","fileTypesAndContributionMap":{"java":{"insertions":35,"deletions":10}}},{"hash":"f35359942a1d7d964b3e5c7714070d39b21cebe8","isMergeCommit":false,"messageTitle":"Added mark unmark better error messages.","messageBody":"","fileTypesAndContributionMap":{"java":{"insertions":71,"deletions":42}}}]},{"date":"2026-01-31T00:00:00","commitResults":[{"hash":"a1b9d8760cb3c69fb8d0ade626395cb428a2a4bc","isMergeCommit":false,"messageTitle":"added some helpers for errror messages.","messageBody":"","fileTypesAndContributionMap":{"java":{"insertions":116,"deletions":69}}},{"hash":"4fed3c064216b5b89c4d379c2e1176a292521fef","isMergeCommit":false,"messageTitle":"Added more descriptive error messages.","messageBody":"","fileTypesAndContributionMap":{"java":{"insertions":43,"deletions":39}}},{"hash":"a8a19b0154e7e98a54fe805f6ae812552fb33982","isMergeCommit":false,"messageTitle":"Completed level 5!","messageBody":"","tags":["Level-5,Handle-Errors"],"fileTypesAndContributionMap":{"java":{"insertions":118,"deletions":27}}},{"hash":"2f99d607d08f66d2fa4a0833dcaa12d7e6a9aa68","isMergeCommit":false,"messageTitle":"Completed level 6.","messageBody":"","tags":["Level-6,Delete"],"fileTypesAndContributionMap":{"java":{"insertions":91,"deletions":39}}},{"hash":"9ac36c491a8630e88cd4245d5a5a06eee3997576","isMergeCommit":false,"messageTitle":"Updated testing files.","messageBody":"","tags":["A-Enums,Use-Enums"],"fileTypesAndContributionMap":{"txt":{"insertions":20,"deletions":11}}}]}],"Ling Wan Loong":[{"date":"2026-01-30T00:00:00","commitResults":[{"hash":"ecac6e678a0cba0981e812a29f6e97895a0c1bd0","isMergeCommit":true,"messageTitle":"Merge pull request #1 from LingWL02/week-3","messageBody":"Week 3 checkpoint","fileTypesAndContributionMap":{}}]},{"date":"2026-01-31T00:00:00","commitResults":[{"hash":"78c8d5f6fcb1950214a7a3290e9cbed03693c5c6","isMergeCommit":true,"messageTitle":"Merge pull request #2 from LingWL02/week-3","messageBody":"Week 3","fileTypesAndContributionMap":{}}]}]},"authorFileTypeContributionMap":{"LingWL02":{"java":656,"md":0,"txt":24},"Ling Wan Loong":{"java":0,"md":0,"txt":0}},"authorContributionVariance":{"LingWL02":16888.11,"Ling Wan Loong":0.0},"authorDisplayNameMap":{"LingWL02":"LingWL02","Ling Wan Loong":"Ling Wan Loong"}}
