[{"path":"README.md","fileType":"md","lines":[{"lineNumber":1,"author":{"gitId":"jimmy-neu"},"content":"# ZhengjunChatbox project template","lastModifiedDate":"2026-01-29T15:45:10","isFullCredit":false},{"lineNumber":2,"author":{"gitId":"-"},"content":"","lastModifiedDate":"2020-05-25T00:03:55","isFullCredit":false},{"lineNumber":3,"author":{"gitId":"-"},"content":"This is a project template for a greenfield Java project. It\u0027s named after the Java mascot _Duke_. Given below are instructions on how to use it.","lastModifiedDate":"2020-05-25T00:03:55","isFullCredit":false},{"lineNumber":4,"author":{"gitId":"-"},"content":"","lastModifiedDate":"2020-05-25T00:03:55","isFullCredit":false},{"lineNumber":5,"author":{"gitId":"-"},"content":"## Setting up in IntelliJ","lastModifiedDate":"2025-01-09T20:59:01","isFullCredit":false},{"lineNumber":6,"author":{"gitId":"-"},"content":"","lastModifiedDate":"2020-05-25T00:03:55","isFullCredit":false},{"lineNumber":7,"author":{"gitId":"-"},"content":"Prerequisites: JDK 21.","lastModifiedDate":"2025-01-09T21:11:29","isFullCredit":false},{"lineNumber":8,"author":{"gitId":"-"},"content":"","lastModifiedDate":"2020-05-25T00:03:55","isFullCredit":false},{"lineNumber":9,"author":{"gitId":"-"},"content":"1. Open IntelliJ (if you are not in the welcome screen, click `File` \u003e `Close Project` to close the existing project first)","lastModifiedDate":"2025-01-09T20:59:01","isFullCredit":false},{"lineNumber":10,"author":{"gitId":"-"},"content":"1. Open the project into IntelliJ as follows:","lastModifiedDate":"2025-01-09T20:59:01","isFullCredit":false},{"lineNumber":11,"author":{"gitId":"-"},"content":"   1. Click `Open`.","lastModifiedDate":"2021-01-17T12:25:53","isFullCredit":false},{"lineNumber":12,"author":{"gitId":"-"},"content":"   1. Select the project directory, and click `OK`.","lastModifiedDate":"2021-01-17T12:25:53","isFullCredit":false},{"lineNumber":13,"author":{"gitId":"-"},"content":"   1. If there are any further prompts, accept the defaults.","lastModifiedDate":"2020-05-25T00:03:55","isFullCredit":false},{"lineNumber":14,"author":{"gitId":"-"},"content":"1. Configure the project to use **JDK 21** (not other versions) as explained in [here](https://www.jetbrains.com/help/idea/sdk.html#set-up-jdk).\u003cbr\u003e","lastModifiedDate":"2025-01-09T20:49:06","isFullCredit":false},{"lineNumber":15,"author":{"gitId":"-"},"content":"   In the same dialog, set the **Project language level** field to the `SDK default` option.","lastModifiedDate":"2021-07-29T20:29:39","isFullCredit":false},{"lineNumber":16,"author":{"gitId":"jimmy-neu"},"content":"1. After that, locate the `src/main/java/ZhengjunChatbox.java` file, right-click it, and choose `Run ZhengjunChatbox.main()` (if the code editor is showing compile errors, try restarting the IDE). If the setup is correct, you should see something like the below as the output:","lastModifiedDate":"2026-01-29T15:45:10","isFullCredit":false},{"lineNumber":17,"author":{"gitId":"-"},"content":"   ```","lastModifiedDate":"2020-05-25T00:03:55","isFullCredit":false},{"lineNumber":18,"author":{"gitId":"-"},"content":"   Hello from","lastModifiedDate":"2020-05-25T00:03:55","isFullCredit":false},{"lineNumber":19,"author":{"gitId":"-"},"content":"    ____        _        ","lastModifiedDate":"2020-05-25T00:03:55","isFullCredit":false},{"lineNumber":20,"author":{"gitId":"-"},"content":"   |  _ \\ _   _| | _____ ","lastModifiedDate":"2020-05-25T00:03:55","isFullCredit":false},{"lineNumber":21,"author":{"gitId":"-"},"content":"   | | | | | | | |/ / _ \\","lastModifiedDate":"2020-05-25T00:03:55","isFullCredit":false},{"lineNumber":22,"author":{"gitId":"-"},"content":"   | |_| | |_| |   \u003c  __/","lastModifiedDate":"2020-05-25T00:03:55","isFullCredit":false},{"lineNumber":23,"author":{"gitId":"-"},"content":"   |____/ \\__,_|_|\\_\\___|","lastModifiedDate":"2020-05-25T00:03:55","isFullCredit":false},{"lineNumber":24,"author":{"gitId":"-"},"content":"   ```","lastModifiedDate":"2020-05-25T00:03:55","isFullCredit":false},{"lineNumber":25,"author":{"gitId":"-"},"content":"","lastModifiedDate":"2025-01-04T21:44:28","isFullCredit":false},{"lineNumber":26,"author":{"gitId":"-"},"content":"**Warning:** Keep the `src\\main\\java` folder as the root folder for Java files (i.e., don\u0027t rename those folders or move Java files to another folder outside of this folder path), as this is the default location some tools (e.g., Gradle) expect to find Java files.","lastModifiedDate":"2025-01-04T21:44:28","isFullCredit":false},{"lineNumber":27,"author":{"gitId":"-"},"content":"","lastModifiedDate":"2025-01-09T21:09:47","isFullCredit":false},{"lineNumber":28,"author":{"gitId":"-"},"content":"## Running Tests","lastModifiedDate":"2025-01-09T21:09:47","isFullCredit":false},{"lineNumber":29,"author":{"gitId":"-"},"content":"","lastModifiedDate":"2025-01-09T21:09:47","isFullCredit":false},{"lineNumber":30,"author":{"gitId":"-"},"content":"The project comes with a set of test scripts for different operating systems:","lastModifiedDate":"2025-01-09T21:09:47","isFullCredit":false},{"lineNumber":31,"author":{"gitId":"-"},"content":"","lastModifiedDate":"2025-01-09T21:09:47","isFullCredit":false},{"lineNumber":32,"author":{"gitId":"-"},"content":"- **MacOS/Linux**: Run the shell script","lastModifiedDate":"2025-01-09T21:09:47","isFullCredit":false},{"lineNumber":33,"author":{"gitId":"-"},"content":"  ```bash","lastModifiedDate":"2025-01-09T21:09:47","isFullCredit":false},{"lineNumber":34,"author":{"gitId":"-"},"content":"  cd text-ui-test","lastModifiedDate":"2025-01-09T21:09:47","isFullCredit":false},{"lineNumber":35,"author":{"gitId":"-"},"content":"  ./runtest.sh","lastModifiedDate":"2025-01-09T21:09:47","isFullCredit":false},{"lineNumber":36,"author":{"gitId":"-"},"content":"  ```","lastModifiedDate":"2025-01-09T21:09:47","isFullCredit":false},{"lineNumber":37,"author":{"gitId":"-"},"content":"","lastModifiedDate":"2025-01-09T21:09:47","isFullCredit":false},{"lineNumber":38,"author":{"gitId":"-"},"content":"- **Windows**: Run the batch script","lastModifiedDate":"2025-01-09T21:09:47","isFullCredit":false},{"lineNumber":39,"author":{"gitId":"-"},"content":"  ```batch","lastModifiedDate":"2025-01-09T21:09:47","isFullCredit":false},{"lineNumber":40,"author":{"gitId":"-"},"content":"  cd text-ui-test","lastModifiedDate":"2025-01-09T21:09:47","isFullCredit":false},{"lineNumber":41,"author":{"gitId":"-"},"content":"  runtest.bat","lastModifiedDate":"2025-01-09T21:09:47","isFullCredit":false},{"lineNumber":42,"author":{"gitId":"-"},"content":"  ```","lastModifiedDate":"2025-01-09T21:09:47","isFullCredit":false},{"lineNumber":43,"author":{"gitId":"-"},"content":"","lastModifiedDate":"2025-01-09T21:09:47","isFullCredit":false},{"lineNumber":44,"author":{"gitId":"-"},"content":"These scripts will compile the source files, run the tests, and compare the output against the expected output.","lastModifiedDate":"2025-01-09T21:09:47","isFullCredit":false}],"authorContributionMap":{"jimmy-neu":2,"-":42}},{"path":"docs/README.md","fileType":"md","lines":[{"lineNumber":1,"author":{"gitId":"jimmy-neu"},"content":"# ZhengjunChatbox User Guide","lastModifiedDate":"2026-01-29T15:45:10","isFullCredit":false},{"lineNumber":2,"author":{"gitId":"-"},"content":"","lastModifiedDate":"2019-07-29T17:14:46","isFullCredit":false},{"lineNumber":3,"author":{"gitId":"-"},"content":"// Update the title above to match the actual product name","lastModifiedDate":"2024-01-07T18:33:52","isFullCredit":false},{"lineNumber":4,"author":{"gitId":"-"},"content":"","lastModifiedDate":"2019-07-29T17:14:46","isFullCredit":false},{"lineNumber":5,"author":{"gitId":"-"},"content":"// Product screenshot goes here","lastModifiedDate":"2024-01-07T18:33:52","isFullCredit":false},{"lineNumber":6,"author":{"gitId":"-"},"content":"","lastModifiedDate":"2021-07-17T16:49:07","isFullCredit":false},{"lineNumber":7,"author":{"gitId":"-"},"content":"// Product intro goes here","lastModifiedDate":"2024-01-07T18:33:52","isFullCredit":false},{"lineNumber":8,"author":{"gitId":"-"},"content":"","lastModifiedDate":"2021-07-17T16:49:07","isFullCredit":false},{"lineNumber":9,"author":{"gitId":"-"},"content":"## Adding deadlines","lastModifiedDate":"2024-01-07T18:33:52","isFullCredit":false},{"lineNumber":10,"author":{"gitId":"-"},"content":"","lastModifiedDate":"2021-07-17T16:49:07","isFullCredit":false},{"lineNumber":11,"author":{"gitId":"-"},"content":"// Describe the action and its outcome.","lastModifiedDate":"2024-01-07T18:33:52","isFullCredit":false},{"lineNumber":12,"author":{"gitId":"-"},"content":"","lastModifiedDate":"2019-07-29T17:14:46","isFullCredit":false},{"lineNumber":13,"author":{"gitId":"-"},"content":"// Give examples of usage","lastModifiedDate":"2024-01-07T18:33:52","isFullCredit":false},{"lineNumber":14,"author":{"gitId":"-"},"content":"","lastModifiedDate":"2019-07-29T17:14:46","isFullCredit":false},{"lineNumber":15,"author":{"gitId":"-"},"content":"Example: `keyword (optional arguments)`","lastModifiedDate":"2024-01-07T18:33:52","isFullCredit":false},{"lineNumber":16,"author":{"gitId":"-"},"content":"","lastModifiedDate":"2019-07-29T17:14:46","isFullCredit":false},{"lineNumber":17,"author":{"gitId":"-"},"content":"// A description of the expected outcome goes here","lastModifiedDate":"2024-01-07T18:33:52","isFullCredit":false},{"lineNumber":18,"author":{"gitId":"-"},"content":"","lastModifiedDate":"2019-07-29T17:14:46","isFullCredit":false},{"lineNumber":19,"author":{"gitId":"-"},"content":"```","lastModifiedDate":"2024-01-07T18:33:52","isFullCredit":false},{"lineNumber":20,"author":{"gitId":"-"},"content":"expected output","lastModifiedDate":"2024-01-07T18:33:52","isFullCredit":false},{"lineNumber":21,"author":{"gitId":"-"},"content":"```","lastModifiedDate":"2024-01-07T18:33:52","isFullCredit":false},{"lineNumber":22,"author":{"gitId":"-"},"content":"","lastModifiedDate":"2019-07-29T17:14:46","isFullCredit":false},{"lineNumber":23,"author":{"gitId":"-"},"content":"## Feature ABC","lastModifiedDate":"2024-01-07T18:33:52","isFullCredit":false},{"lineNumber":24,"author":{"gitId":"-"},"content":"","lastModifiedDate":"2019-07-29T17:14:46","isFullCredit":false},{"lineNumber":25,"author":{"gitId":"-"},"content":"// Feature details","lastModifiedDate":"2024-01-07T18:33:52","isFullCredit":false},{"lineNumber":26,"author":{"gitId":"-"},"content":"","lastModifiedDate":"2019-07-29T17:14:46","isFullCredit":false},{"lineNumber":27,"author":{"gitId":"-"},"content":"","lastModifiedDate":"2021-07-17T16:49:07","isFullCredit":false},{"lineNumber":28,"author":{"gitId":"-"},"content":"## Feature XYZ","lastModifiedDate":"2024-01-07T18:33:52","isFullCredit":false},{"lineNumber":29,"author":{"gitId":"-"},"content":"","lastModifiedDate":"2024-01-07T18:33:52","isFullCredit":false},{"lineNumber":30,"author":{"gitId":"-"},"content":"// Feature details","lastModifiedDate":"2024-01-07T18:33:52","isFullCredit":false}],"authorContributionMap":{"jimmy-neu":1,"-":29}},{"path":"src/main/java/ZhengjunChatbox.java","fileType":"java","lines":[{"lineNumber":1,"author":{"gitId":"jimmy-neu"},"content":"public class ZhengjunChatbox {","lastModifiedDate":"2026-01-29T15:45:10","isFullCredit":false},{"lineNumber":2,"author":{"gitId":"jimmy-neu"},"content":"// Use my chosen name","lastModifiedDate":"2026-01-29T15:45:10","isFullCredit":false},{"lineNumber":3,"author":{"gitId":"jimmy-neu"},"content":"    public static void main(String[] args) {","lastModifiedDate":"2026-01-29T15:45:10","isFullCredit":false},{"lineNumber":4,"author":{"gitId":"jimmy-neu"},"content":"        String botName \u003d \"ZhengjunChatbox\";","lastModifiedDate":"2026-01-29T15:45:10","isFullCredit":false},{"lineNumber":5,"author":{"gitId":"jimmy-neu"},"content":"        String horizontalLine \u003d \"____________________________________________________________\";","lastModifiedDate":"2026-01-29T15:45:10","isFullCredit":false},{"lineNumber":6,"author":{"gitId":"jimmy-neu"},"content":"        // Skeletal greet the user for level 0","lastModifiedDate":"2026-01-29T15:45:10","isFullCredit":false},{"lineNumber":7,"author":{"gitId":"jimmy-neu"},"content":"        System.out.println(horizontalLine);","lastModifiedDate":"2026-01-29T15:45:10","isFullCredit":false},{"lineNumber":8,"author":{"gitId":"jimmy-neu"},"content":"        System.out.println(\"Hello! I\u0027m \" + botName);","lastModifiedDate":"2026-01-29T15:45:10","isFullCredit":false},{"lineNumber":9,"author":{"gitId":"jimmy-neu"},"content":"        System.out.println(\"What can I do for you?\");","lastModifiedDate":"2026-01-29T15:45:10","isFullCredit":false},{"lineNumber":10,"author":{"gitId":"jimmy-neu"},"content":"        System.out.println(horizontalLine);","lastModifiedDate":"2026-01-29T15:45:10","isFullCredit":false},{"lineNumber":11,"author":{"gitId":"jimmy-neu"},"content":"","lastModifiedDate":"2026-01-29T15:45:10","isFullCredit":false},{"lineNumber":12,"author":{"gitId":"jimmy-neu"},"content":"        // Skeletal exit message for level 0","lastModifiedDate":"2026-01-29T15:45:10","isFullCredit":false},{"lineNumber":13,"author":{"gitId":"jimmy-neu"},"content":"        System.out.println(\"Bye. Hope to see you again soon!\");","lastModifiedDate":"2026-01-29T15:45:10","isFullCredit":false},{"lineNumber":14,"author":{"gitId":"jimmy-neu"},"content":"        System.out.println(horizontalLine);","lastModifiedDate":"2026-01-29T15:45:10","isFullCredit":false},{"lineNumber":15,"author":{"gitId":"jimmy-neu"},"content":"    }","lastModifiedDate":"2026-01-29T15:45:10","isFullCredit":false},{"lineNumber":16,"author":{"gitId":"jimmy-neu"},"content":"}","lastModifiedDate":"2026-01-29T15:45:10","isFullCredit":false}],"authorContributionMap":{"jimmy-neu":16}}]
