{"authorDailyContributionsMap":{"jimmy-neu":[{"date":"2026-01-29T00:00:00","commitResults":[{"hash":"a0e3b9d1c3854f183ebb664ef4f122297128bd75","isMergeCommit":false,"messageTitle":"Implement Level-0: Rename, Greet, Exit","messageBody":"","tags":["Level-0"],"fileTypesAndContributionMap":{"java":{"insertions":16,"deletions":10},"md":{"insertions":3,"deletions":3}}}]}]},"authorFileTypeContributionMap":{"jimmy-neu":{"java":16,"md":3,"txt":0}},"authorContributionVariance":{"jimmy-neu":34.092747},"authorDisplayNameMap":{"jimmy-neu":"jimmy-neu"}}
