[{"path":"src/main/java/Spot.java","fileType":"java","lines":[{"lineNumber":1,"author":{"gitId":"Gogeta2792"},"content":"import java.util.ArrayList;","lastModifiedDate":"2026-01-29T11:30:06","isFullCredit":false},{"lineNumber":2,"author":{"gitId":"Gogeta2792"},"content":"import java.util.List;","lastModifiedDate":"2026-01-29T11:30:06","isFullCredit":false},{"lineNumber":3,"author":{"gitId":"Gogeta2792"},"content":"import java.util.Scanner;","lastModifiedDate":"2026-01-28T16:38:43","isFullCredit":false},{"lineNumber":4,"author":{"gitId":"Gogeta2792"},"content":"","lastModifiedDate":"2026-01-28T16:38:43","isFullCredit":false},{"lineNumber":5,"author":{"gitId":"Gogeta2792"},"content":"public class Spot {","lastModifiedDate":"2026-01-28T15:59:30","isFullCredit":false},{"lineNumber":6,"author":{"gitId":"Gogeta2792"},"content":"","lastModifiedDate":"2026-01-29T11:30:06","isFullCredit":false},{"lineNumber":7,"author":{"gitId":"Gogeta2792"},"content":"    // UI consts","lastModifiedDate":"2026-01-29T11:30:06","isFullCredit":false},{"lineNumber":8,"author":{"gitId":"Gogeta2792"},"content":"    private static final String HORIZONTAL_LINE \u003d \"____________________________________________________________\";","lastModifiedDate":"2026-01-29T11:30:06","isFullCredit":false},{"lineNumber":9,"author":{"gitId":"Gogeta2792"},"content":"    private static final String STATUS_DONE_ICON \u003d \"[X]\";","lastModifiedDate":"2026-01-29T11:30:06","isFullCredit":false},{"lineNumber":10,"author":{"gitId":"Gogeta2792"},"content":"    private static final String STATUS_NOT_DONE_ICON \u003d \"[ ]\";","lastModifiedDate":"2026-01-29T11:30:06","isFullCredit":false},{"lineNumber":11,"author":{"gitId":"Gogeta2792"},"content":"","lastModifiedDate":"2026-01-29T11:30:06","isFullCredit":false},{"lineNumber":12,"author":{"gitId":"Gogeta2792"},"content":"    // Command keywords","lastModifiedDate":"2026-01-29T11:30:06","isFullCredit":false},{"lineNumber":13,"author":{"gitId":"Gogeta2792"},"content":"    private static final String CMD_LIST \u003d \"list\";","lastModifiedDate":"2026-01-29T11:30:06","isFullCredit":false},{"lineNumber":14,"author":{"gitId":"Gogeta2792"},"content":"    private static final String CMD_BYE \u003d \"bye\";","lastModifiedDate":"2026-01-29T11:30:06","isFullCredit":false},{"lineNumber":15,"author":{"gitId":"Gogeta2792"},"content":"    private static final String CMD_MARK \u003d \"mark\";","lastModifiedDate":"2026-01-29T11:30:06","isFullCredit":false},{"lineNumber":16,"author":{"gitId":"Gogeta2792"},"content":"    private static final String CMD_UNMARK \u003d \"unmark\";","lastModifiedDate":"2026-01-29T11:30:06","isFullCredit":false},{"lineNumber":17,"author":{"gitId":"Gogeta2792"},"content":"    private static final String CMD_TODO \u003d \"todo\";","lastModifiedDate":"2026-01-29T11:50:09","isFullCredit":false},{"lineNumber":18,"author":{"gitId":"Gogeta2792"},"content":"    private static final String CMD_DEADLINE \u003d \"deadline\";","lastModifiedDate":"2026-01-29T11:50:09","isFullCredit":false},{"lineNumber":19,"author":{"gitId":"Gogeta2792"},"content":"    private static final String CMD_EVENT \u003d \"event\";","lastModifiedDate":"2026-01-29T11:50:09","isFullCredit":false},{"lineNumber":20,"author":{"gitId":"Gogeta2792"},"content":"    private static final String CMD_DELETE \u003d \"delete\";","lastModifiedDate":"2026-01-29T13:53:11","isFullCredit":false},{"lineNumber":21,"author":{"gitId":"Gogeta2792"},"content":"    private static final String CMD_HELP \u003d \"help\";","lastModifiedDate":"2026-01-29T13:10:28","isFullCredit":false},{"lineNumber":22,"author":{"gitId":"Gogeta2792"},"content":"","lastModifiedDate":"2026-01-29T11:30:06","isFullCredit":false},{"lineNumber":23,"author":{"gitId":"Gogeta2792"},"content":"    // Fixed logo displayed on startup","lastModifiedDate":"2026-01-29T11:30:06","isFullCredit":false},{"lineNumber":24,"author":{"gitId":"Gogeta2792"},"content":"    private static final String LOGO \u003d","lastModifiedDate":"2026-01-29T11:30:06","isFullCredit":false},{"lineNumber":25,"author":{"gitId":"Gogeta2792"},"content":"              \"  ____    ____    ____   _____ \\n\"","lastModifiedDate":"2026-01-28T15:59:30","isFullCredit":false},{"lineNumber":26,"author":{"gitId":"Gogeta2792"},"content":"            + \" / ___|  |  _ \\\\  / _  \\\\ |_   _|\\n\"","lastModifiedDate":"2026-01-28T15:59:30","isFullCredit":false},{"lineNumber":27,"author":{"gitId":"Gogeta2792"},"content":"            + \" \\\\___ \\\\  | |_) || | | |   | |  \\n\"","lastModifiedDate":"2026-01-28T15:59:30","isFullCredit":false},{"lineNumber":28,"author":{"gitId":"Gogeta2792"},"content":"            + \"  ___) | |  __/ | |_| |   | |  \\n\"","lastModifiedDate":"2026-01-28T15:59:30","isFullCredit":false},{"lineNumber":29,"author":{"gitId":"Gogeta2792"},"content":"            + \" |____/  |_|     \\\\___/    |_|  \\n\";","lastModifiedDate":"2026-01-28T15:59:30","isFullCredit":false},{"lineNumber":30,"author":{"gitId":"Gogeta2792"},"content":"","lastModifiedDate":"2026-01-28T15:59:30","isFullCredit":false},{"lineNumber":31,"author":{"gitId":"Gogeta2792"},"content":"    public static void main(String[] args) {","lastModifiedDate":"2026-01-29T11:30:06","isFullCredit":false},{"lineNumber":32,"author":{"gitId":"Gogeta2792"},"content":"        String borderLine \u003d HORIZONTAL_LINE;","lastModifiedDate":"2026-01-29T11:30:06","isFullCredit":false},{"lineNumber":33,"author":{"gitId":"Gogeta2792"},"content":"        int lineWidth \u003d borderLine.length();","lastModifiedDate":"2026-01-29T11:30:06","isFullCredit":false},{"lineNumber":34,"author":{"gitId":"Gogeta2792"},"content":"        String rightAlignFormat \u003d \"%\" + lineWidth + \"s\";","lastModifiedDate":"2026-01-29T11:30:06","isFullCredit":false},{"lineNumber":35,"author":{"gitId":"Gogeta2792"},"content":"","lastModifiedDate":"2026-01-29T11:30:06","isFullCredit":false},{"lineNumber":36,"author":{"gitId":"Gogeta2792"},"content":"        printWelcomeMessage(borderLine, rightAlignFormat);","lastModifiedDate":"2026-01-29T11:30:06","isFullCredit":false},{"lineNumber":37,"author":{"gitId":"Gogeta2792"},"content":"","lastModifiedDate":"2026-01-28T16:38:43","isFullCredit":false},{"lineNumber":38,"author":{"gitId":"Gogeta2792"},"content":"        Scanner scanner \u003d new Scanner(System.in);","lastModifiedDate":"2026-01-28T16:38:43","isFullCredit":false},{"lineNumber":39,"author":{"gitId":"Gogeta2792"},"content":"        try {","lastModifiedDate":"2026-01-29T11:30:06","isFullCredit":false},{"lineNumber":40,"author":{"gitId":"Gogeta2792"},"content":"            runCommandLoop(scanner, borderLine, rightAlignFormat);","lastModifiedDate":"2026-01-29T11:30:06","isFullCredit":false},{"lineNumber":41,"author":{"gitId":"Gogeta2792"},"content":"        } finally {","lastModifiedDate":"2026-01-29T11:30:06","isFullCredit":false},{"lineNumber":42,"author":{"gitId":"Gogeta2792"},"content":"            scanner.close();","lastModifiedDate":"2026-01-29T11:30:06","isFullCredit":false},{"lineNumber":43,"author":{"gitId":"Gogeta2792"},"content":"        }","lastModifiedDate":"2026-01-29T11:30:06","isFullCredit":false},{"lineNumber":44,"author":{"gitId":"Gogeta2792"},"content":"","lastModifiedDate":"2026-01-29T11:30:06","isFullCredit":false},{"lineNumber":45,"author":{"gitId":"Gogeta2792"},"content":"        printFarewell(borderLine, rightAlignFormat);","lastModifiedDate":"2026-01-29T11:30:06","isFullCredit":false},{"lineNumber":46,"author":{"gitId":"Gogeta2792"},"content":"    }","lastModifiedDate":"2026-01-29T11:30:06","isFullCredit":false},{"lineNumber":47,"author":{"gitId":"Gogeta2792"},"content":"","lastModifiedDate":"2026-01-28T16:38:43","isFullCredit":false},{"lineNumber":48,"author":{"gitId":"Gogeta2792"},"content":"    //Continuously reads user input, parses parsed commands","lastModifiedDate":"2026-01-29T11:30:06","isFullCredit":false},{"lineNumber":49,"author":{"gitId":"Gogeta2792"},"content":"    private static void runCommandLoop(Scanner scanner, String borderLine, String rightAlignFormat) {","lastModifiedDate":"2026-01-29T11:30:06","isFullCredit":false},{"lineNumber":50,"author":{"gitId":"Gogeta2792"},"content":"        List\u003cTask\u003e tasks \u003d new ArrayList\u003c\u003e();","lastModifiedDate":"2026-01-29T11:30:06","isFullCredit":false},{"lineNumber":51,"author":{"gitId":"Gogeta2792"},"content":"","lastModifiedDate":"2026-01-28T16:55:17","isFullCredit":false},{"lineNumber":52,"author":{"gitId":"Gogeta2792"},"content":"        while (scanner.hasNextLine()) {","lastModifiedDate":"2026-01-28T16:55:17","isFullCredit":false},{"lineNumber":53,"author":{"gitId":"Gogeta2792"},"content":"            String userInput \u003d scanner.nextLine();","lastModifiedDate":"2026-01-29T11:30:06","isFullCredit":false},{"lineNumber":54,"author":{"gitId":"Gogeta2792"},"content":"            String trimmedInput \u003d userInput.trim();","lastModifiedDate":"2026-01-29T11:30:06","isFullCredit":false},{"lineNumber":55,"author":{"gitId":"Gogeta2792"},"content":"","lastModifiedDate":"2026-01-29T11:30:06","isFullCredit":false},{"lineNumber":56,"author":{"gitId":"Gogeta2792"},"content":"            if (trimmedInput.isEmpty()) {","lastModifiedDate":"2026-01-29T11:30:06","isFullCredit":false},{"lineNumber":57,"author":{"gitId":"Gogeta2792"},"content":"                continue;","lastModifiedDate":"2026-01-29T11:30:06","isFullCredit":false},{"lineNumber":58,"author":{"gitId":"Gogeta2792"},"content":"            }","lastModifiedDate":"2026-01-29T11:30:06","isFullCredit":false},{"lineNumber":59,"author":{"gitId":"Gogeta2792"},"content":"","lastModifiedDate":"2026-01-29T11:30:06","isFullCredit":false},{"lineNumber":60,"author":{"gitId":"Gogeta2792"},"content":"            ParsedCommand parsedCommand \u003d parseCommand(trimmedInput);","lastModifiedDate":"2026-01-29T11:30:06","isFullCredit":false},{"lineNumber":61,"author":{"gitId":"Gogeta2792"},"content":"","lastModifiedDate":"2026-01-28T16:38:43","isFullCredit":false},{"lineNumber":62,"author":{"gitId":"Gogeta2792"},"content":"            switch (parsedCommand.type) {","lastModifiedDate":"2026-01-29T11:30:06","isFullCredit":false},{"lineNumber":63,"author":{"gitId":"Gogeta2792"},"content":"                case BYE:","lastModifiedDate":"2026-01-29T11:30:06","isFullCredit":false},{"lineNumber":64,"author":{"gitId":"Gogeta2792"},"content":"                    return;","lastModifiedDate":"2026-01-29T11:30:06","isFullCredit":false},{"lineNumber":65,"author":{"gitId":"Gogeta2792"},"content":"                case LIST:","lastModifiedDate":"2026-01-29T11:30:06","isFullCredit":false},{"lineNumber":66,"author":{"gitId":"Gogeta2792"},"content":"                    handleListCommand(tasks, borderLine, rightAlignFormat);","lastModifiedDate":"2026-01-29T11:30:06","isFullCredit":false},{"lineNumber":67,"author":{"gitId":"Gogeta2792"},"content":"                    break;","lastModifiedDate":"2026-01-29T11:30:06","isFullCredit":false},{"lineNumber":68,"author":{"gitId":"Gogeta2792"},"content":"                case MARK:","lastModifiedDate":"2026-01-29T11:30:06","isFullCredit":false},{"lineNumber":69,"author":{"gitId":"Gogeta2792"},"content":"                case UNMARK:","lastModifiedDate":"2026-01-29T11:30:06","isFullCredit":false},{"lineNumber":70,"author":{"gitId":"Gogeta2792"},"content":"                    handleMarkCommand(tasks, parsedCommand, borderLine, rightAlignFormat);","lastModifiedDate":"2026-01-29T11:30:06","isFullCredit":false},{"lineNumber":71,"author":{"gitId":"Gogeta2792"},"content":"                    break;","lastModifiedDate":"2026-01-29T11:30:06","isFullCredit":false},{"lineNumber":72,"author":{"gitId":"Gogeta2792"},"content":"                case DELETE:","lastModifiedDate":"2026-01-29T13:53:11","isFullCredit":false},{"lineNumber":73,"author":{"gitId":"Gogeta2792"},"content":"                    handleDeleteCommand(tasks, parsedCommand, borderLine, rightAlignFormat);","lastModifiedDate":"2026-01-29T13:53:11","isFullCredit":false},{"lineNumber":74,"author":{"gitId":"Gogeta2792"},"content":"                    break;","lastModifiedDate":"2026-01-29T13:53:11","isFullCredit":false},{"lineNumber":75,"author":{"gitId":"Gogeta2792"},"content":"                case TODO:","lastModifiedDate":"2026-01-29T11:50:09","isFullCredit":false},{"lineNumber":76,"author":{"gitId":"Gogeta2792"},"content":"                case DEADLINE:","lastModifiedDate":"2026-01-29T11:50:09","isFullCredit":false},{"lineNumber":77,"author":{"gitId":"Gogeta2792"},"content":"                case EVENT:","lastModifiedDate":"2026-01-29T11:50:09","isFullCredit":false},{"lineNumber":78,"author":{"gitId":"Gogeta2792"},"content":"                case ADD:","lastModifiedDate":"2026-01-29T11:30:06","isFullCredit":false},{"lineNumber":79,"author":{"gitId":"Gogeta2792"},"content":"                    handleAddTaskCommand(tasks, parsedCommand, borderLine, rightAlignFormat);","lastModifiedDate":"2026-01-29T11:30:06","isFullCredit":false},{"lineNumber":80,"author":{"gitId":"Gogeta2792"},"content":"                    break;","lastModifiedDate":"2026-01-28T16:38:43","isFullCredit":false},{"lineNumber":81,"author":{"gitId":"Gogeta2792"},"content":"                case HELP:","lastModifiedDate":"2026-01-29T13:10:28","isFullCredit":false},{"lineNumber":82,"author":{"gitId":"Gogeta2792"},"content":"                    handleHelpCommand(borderLine, rightAlignFormat);","lastModifiedDate":"2026-01-29T13:10:28","isFullCredit":false},{"lineNumber":83,"author":{"gitId":"Gogeta2792"},"content":"                    break;","lastModifiedDate":"2026-01-29T13:10:28","isFullCredit":false},{"lineNumber":84,"author":{"gitId":"Gogeta2792"},"content":"                case UNKNOWN:","lastModifiedDate":"2026-01-29T13:10:28","isFullCredit":false},{"lineNumber":85,"author":{"gitId":"Gogeta2792"},"content":"                    printFramedMessage(borderLine, rightAlignFormat,","lastModifiedDate":"2026-01-29T13:10:28","isFullCredit":false},{"lineNumber":86,"author":{"gitId":"Gogeta2792"},"content":"                            \"Spot: I don\u0027t know what you mean :( Type \\\"help\\\" to view a list of functions.\");","lastModifiedDate":"2026-01-29T13:10:28","isFullCredit":false},{"lineNumber":87,"author":{"gitId":"Gogeta2792"},"content":"                    break;","lastModifiedDate":"2026-01-29T13:10:28","isFullCredit":false},{"lineNumber":88,"author":{"gitId":"Gogeta2792"},"content":"                default:","lastModifiedDate":"2026-01-29T11:30:06","isFullCredit":false},{"lineNumber":89,"author":{"gitId":"Gogeta2792"},"content":"                    break;","lastModifiedDate":"2026-01-29T11:30:06","isFullCredit":false},{"lineNumber":90,"author":{"gitId":"Gogeta2792"},"content":"            }","lastModifiedDate":"2026-01-29T11:30:06","isFullCredit":false},{"lineNumber":91,"author":{"gitId":"Gogeta2792"},"content":"        }","lastModifiedDate":"2026-01-29T11:30:06","isFullCredit":false},{"lineNumber":92,"author":{"gitId":"Gogeta2792"},"content":"    }","lastModifiedDate":"2026-01-28T16:38:43","isFullCredit":false},{"lineNumber":93,"author":{"gitId":"Gogeta2792"},"content":"","lastModifiedDate":"2026-01-28T16:55:17","isFullCredit":false},{"lineNumber":94,"author":{"gitId":"Gogeta2792"},"content":"    // Parses the command and returns a ParsedCommand object","lastModifiedDate":"2026-01-29T11:30:06","isFullCredit":false},{"lineNumber":95,"author":{"gitId":"Gogeta2792"},"content":"    private static ParsedCommand parseCommand(String trimmedInput) {","lastModifiedDate":"2026-01-29T11:30:06","isFullCredit":false},{"lineNumber":96,"author":{"gitId":"Gogeta2792"},"content":"        if (trimmedInput.equalsIgnoreCase(CMD_BYE)) {","lastModifiedDate":"2026-01-29T11:30:06","isFullCredit":false},{"lineNumber":97,"author":{"gitId":"Gogeta2792"},"content":"            return new ParsedCommand(CommandType.BYE, null);","lastModifiedDate":"2026-01-29T11:30:06","isFullCredit":false},{"lineNumber":98,"author":{"gitId":"Gogeta2792"},"content":"        }","lastModifiedDate":"2026-01-29T11:30:06","isFullCredit":false},{"lineNumber":99,"author":{"gitId":"Gogeta2792"},"content":"","lastModifiedDate":"2026-01-29T11:30:06","isFullCredit":false},{"lineNumber":100,"author":{"gitId":"Gogeta2792"},"content":"        if (trimmedInput.equalsIgnoreCase(CMD_LIST)) {","lastModifiedDate":"2026-01-29T11:30:06","isFullCredit":false},{"lineNumber":101,"author":{"gitId":"Gogeta2792"},"content":"            return new ParsedCommand(CommandType.LIST, null);","lastModifiedDate":"2026-01-29T11:30:06","isFullCredit":false},{"lineNumber":102,"author":{"gitId":"Gogeta2792"},"content":"        }","lastModifiedDate":"2026-01-28T16:55:17","isFullCredit":false},{"lineNumber":103,"author":{"gitId":"Gogeta2792"},"content":"","lastModifiedDate":"2026-01-28T16:55:17","isFullCredit":false},{"lineNumber":104,"author":{"gitId":"Gogeta2792"},"content":"        if (trimmedInput.equalsIgnoreCase(CMD_HELP)) {","lastModifiedDate":"2026-01-29T13:10:28","isFullCredit":false},{"lineNumber":105,"author":{"gitId":"Gogeta2792"},"content":"            return new ParsedCommand(CommandType.HELP, null);","lastModifiedDate":"2026-01-29T13:10:28","isFullCredit":false},{"lineNumber":106,"author":{"gitId":"Gogeta2792"},"content":"        }","lastModifiedDate":"2026-01-29T13:10:28","isFullCredit":false},{"lineNumber":107,"author":{"gitId":"Gogeta2792"},"content":"","lastModifiedDate":"2026-01-29T13:10:28","isFullCredit":false},{"lineNumber":108,"author":{"gitId":"Gogeta2792"},"content":"        String[] parts \u003d trimmedInput.split(\"\\\\s+\", 2);","lastModifiedDate":"2026-01-29T11:30:06","isFullCredit":false},{"lineNumber":109,"author":{"gitId":"Gogeta2792"},"content":"        String rawCommand \u003d parts[0];","lastModifiedDate":"2026-01-29T11:30:06","isFullCredit":false},{"lineNumber":110,"author":{"gitId":"Gogeta2792"},"content":"        String lowerCommand \u003d rawCommand.toLowerCase();","lastModifiedDate":"2026-01-29T11:30:06","isFullCredit":false},{"lineNumber":111,"author":{"gitId":"Gogeta2792"},"content":"","lastModifiedDate":"2026-01-28T16:55:17","isFullCredit":false},{"lineNumber":112,"author":{"gitId":"Gogeta2792"},"content":"        if (lowerCommand.equals(CMD_MARK) || lowerCommand.equals(CMD_UNMARK)) {","lastModifiedDate":"2026-01-29T11:30:06","isFullCredit":false},{"lineNumber":113,"author":{"gitId":"Gogeta2792"},"content":"            String argument \u003d parts.length \u003e 1 ? parts[1].trim() : \"\";","lastModifiedDate":"2026-01-29T11:30:06","isFullCredit":false},{"lineNumber":114,"author":{"gitId":"Gogeta2792"},"content":"            CommandType type \u003d lowerCommand.equals(CMD_MARK) ? CommandType.MARK : CommandType.UNMARK;","lastModifiedDate":"2026-01-29T11:30:06","isFullCredit":false},{"lineNumber":115,"author":{"gitId":"Gogeta2792"},"content":"            return new ParsedCommand(type, argument);","lastModifiedDate":"2026-01-29T11:30:06","isFullCredit":false},{"lineNumber":116,"author":{"gitId":"Gogeta2792"},"content":"        }","lastModifiedDate":"2026-01-28T16:55:17","isFullCredit":false},{"lineNumber":117,"author":{"gitId":"Gogeta2792"},"content":"","lastModifiedDate":"2026-01-28T16:55:17","isFullCredit":false},{"lineNumber":118,"author":{"gitId":"Gogeta2792"},"content":"        if (lowerCommand.equals(CMD_DELETE)) {","lastModifiedDate":"2026-01-29T13:53:11","isFullCredit":false},{"lineNumber":119,"author":{"gitId":"Gogeta2792"},"content":"            String argument \u003d parts.length \u003e 1 ? parts[1].trim() : \"\";","lastModifiedDate":"2026-01-29T13:53:11","isFullCredit":false},{"lineNumber":120,"author":{"gitId":"Gogeta2792"},"content":"            return new ParsedCommand(CommandType.DELETE, argument);","lastModifiedDate":"2026-01-29T13:53:11","isFullCredit":false},{"lineNumber":121,"author":{"gitId":"Gogeta2792"},"content":"        }","lastModifiedDate":"2026-01-29T13:53:11","isFullCredit":false},{"lineNumber":122,"author":{"gitId":"Gogeta2792"},"content":"","lastModifiedDate":"2026-01-29T13:53:11","isFullCredit":false},{"lineNumber":123,"author":{"gitId":"Gogeta2792"},"content":"        if (lowerCommand.equals(CMD_TODO)) {","lastModifiedDate":"2026-01-29T11:50:09","isFullCredit":false},{"lineNumber":124,"author":{"gitId":"Gogeta2792"},"content":"            String argument \u003d parts.length \u003e 1 ? parts[1].trim() : \"\";","lastModifiedDate":"2026-01-29T11:50:09","isFullCredit":false},{"lineNumber":125,"author":{"gitId":"Gogeta2792"},"content":"            return new ParsedCommand(CommandType.TODO, argument);","lastModifiedDate":"2026-01-29T11:50:09","isFullCredit":false},{"lineNumber":126,"author":{"gitId":"Gogeta2792"},"content":"        }","lastModifiedDate":"2026-01-29T11:50:09","isFullCredit":false},{"lineNumber":127,"author":{"gitId":"Gogeta2792"},"content":"","lastModifiedDate":"2026-01-29T11:50:09","isFullCredit":false},{"lineNumber":128,"author":{"gitId":"Gogeta2792"},"content":"        if (lowerCommand.equals(CMD_DEADLINE)) {","lastModifiedDate":"2026-01-29T11:50:09","isFullCredit":false},{"lineNumber":129,"author":{"gitId":"Gogeta2792"},"content":"            String argument \u003d parts.length \u003e 1 ? parts[1].trim() : \"\";","lastModifiedDate":"2026-01-29T11:50:09","isFullCredit":false},{"lineNumber":130,"author":{"gitId":"Gogeta2792"},"content":"            return new ParsedCommand(CommandType.DEADLINE, argument);","lastModifiedDate":"2026-01-29T11:50:09","isFullCredit":false},{"lineNumber":131,"author":{"gitId":"Gogeta2792"},"content":"        }","lastModifiedDate":"2026-01-29T11:50:09","isFullCredit":false},{"lineNumber":132,"author":{"gitId":"Gogeta2792"},"content":"","lastModifiedDate":"2026-01-29T11:50:09","isFullCredit":false},{"lineNumber":133,"author":{"gitId":"Gogeta2792"},"content":"        if (lowerCommand.equals(CMD_EVENT)) {","lastModifiedDate":"2026-01-29T11:50:09","isFullCredit":false},{"lineNumber":134,"author":{"gitId":"Gogeta2792"},"content":"            String argument \u003d parts.length \u003e 1 ? parts[1].trim() : \"\";","lastModifiedDate":"2026-01-29T11:50:09","isFullCredit":false},{"lineNumber":135,"author":{"gitId":"Gogeta2792"},"content":"            return new ParsedCommand(CommandType.EVENT, argument);","lastModifiedDate":"2026-01-29T11:50:09","isFullCredit":false},{"lineNumber":136,"author":{"gitId":"Gogeta2792"},"content":"        }","lastModifiedDate":"2026-01-29T11:50:09","isFullCredit":false},{"lineNumber":137,"author":{"gitId":"Gogeta2792"},"content":"","lastModifiedDate":"2026-01-29T11:50:09","isFullCredit":false},{"lineNumber":138,"author":{"gitId":"Gogeta2792"},"content":"        // Unknown command","lastModifiedDate":"2026-01-29T13:10:28","isFullCredit":false},{"lineNumber":139,"author":{"gitId":"Gogeta2792"},"content":"        return new ParsedCommand(CommandType.UNKNOWN, null);","lastModifiedDate":"2026-01-29T13:10:28","isFullCredit":false},{"lineNumber":140,"author":{"gitId":"Gogeta2792"},"content":"    }","lastModifiedDate":"2026-01-29T11:30:06","isFullCredit":false},{"lineNumber":141,"author":{"gitId":"Gogeta2792"},"content":"","lastModifiedDate":"2026-01-29T11:30:06","isFullCredit":false},{"lineNumber":142,"author":{"gitId":"Gogeta2792"},"content":"    //List command","lastModifiedDate":"2026-01-29T11:30:06","isFullCredit":false},{"lineNumber":143,"author":{"gitId":"Gogeta2792"},"content":"    private static void handleListCommand(List\u003cTask\u003e tasks, String borderLine, String rightAlignFormat) {","lastModifiedDate":"2026-01-29T11:30:06","isFullCredit":false},{"lineNumber":144,"author":{"gitId":"Gogeta2792"},"content":"        System.out.println(borderLine + \"\\n\");","lastModifiedDate":"2026-01-29T11:30:06","isFullCredit":false},{"lineNumber":145,"author":{"gitId":"Gogeta2792"},"content":"        System.out.println(String.format(rightAlignFormat, \"Spot: Here are your tasks, good luck!\"));","lastModifiedDate":"2026-01-29T13:10:28","isFullCredit":false},{"lineNumber":146,"author":{"gitId":"Gogeta2792"},"content":"","lastModifiedDate":"2026-01-29T11:30:06","isFullCredit":false},{"lineNumber":147,"author":{"gitId":"Gogeta2792"},"content":"        for (int i \u003d 0; i \u003c tasks.size(); i++) {","lastModifiedDate":"2026-01-29T11:30:06","isFullCredit":false},{"lineNumber":148,"author":{"gitId":"Gogeta2792"},"content":"            Task task \u003d tasks.get(i);","lastModifiedDate":"2026-01-29T11:30:06","isFullCredit":false},{"lineNumber":149,"author":{"gitId":"Gogeta2792"},"content":"            String statusIcon \u003d task.isDone() ? STATUS_DONE_ICON : STATUS_NOT_DONE_ICON;","lastModifiedDate":"2026-01-29T11:30:06","isFullCredit":false},{"lineNumber":150,"author":{"gitId":"Gogeta2792"},"content":"            String taskLine \u003d (i + 1) + \".\" + task.getTypeIcon() + statusIcon + \" \" + task.getDisplayString();","lastModifiedDate":"2026-01-29T11:50:09","isFullCredit":false},{"lineNumber":151,"author":{"gitId":"Gogeta2792"},"content":"            System.out.println(String.format(rightAlignFormat, taskLine));","lastModifiedDate":"2026-01-29T11:30:06","isFullCredit":false},{"lineNumber":152,"author":{"gitId":"Gogeta2792"},"content":"        }","lastModifiedDate":"2026-01-29T11:30:06","isFullCredit":false},{"lineNumber":153,"author":{"gitId":"Gogeta2792"},"content":"","lastModifiedDate":"2026-01-29T11:30:06","isFullCredit":false},{"lineNumber":154,"author":{"gitId":"Gogeta2792"},"content":"        System.out.println(\"\\n\" + borderLine + \"\\n\");","lastModifiedDate":"2026-01-29T11:30:06","isFullCredit":false},{"lineNumber":155,"author":{"gitId":"Gogeta2792"},"content":"    }","lastModifiedDate":"2026-01-28T16:55:17","isFullCredit":false},{"lineNumber":156,"author":{"gitId":"Gogeta2792"},"content":"","lastModifiedDate":"2026-01-28T16:55:17","isFullCredit":false},{"lineNumber":157,"author":{"gitId":"Gogeta2792"},"content":"    // Help command – shows list of available functions","lastModifiedDate":"2026-01-29T13:10:28","isFullCredit":false},{"lineNumber":158,"author":{"gitId":"Gogeta2792"},"content":"    private static void handleHelpCommand(String borderLine, String rightAlignFormat) {","lastModifiedDate":"2026-01-29T13:10:28","isFullCredit":false},{"lineNumber":159,"author":{"gitId":"Gogeta2792"},"content":"        String[] lines \u003d {","lastModifiedDate":"2026-01-29T13:10:28","isFullCredit":false},{"lineNumber":160,"author":{"gitId":"Gogeta2792"},"content":"            \"Spot: Here are the commands I understand:\",","lastModifiedDate":"2026-01-29T13:10:28","isFullCredit":false},{"lineNumber":161,"author":{"gitId":"Gogeta2792"},"content":"            \"\",","lastModifiedDate":"2026-01-29T13:10:28","isFullCredit":false},{"lineNumber":162,"author":{"gitId":"Gogeta2792"},"content":"            \"  list                    – show all tasks\",","lastModifiedDate":"2026-01-29T13:10:28","isFullCredit":false},{"lineNumber":163,"author":{"gitId":"Gogeta2792"},"content":"            \"  todo \u003cdescription\u003e      – add a todo task\",","lastModifiedDate":"2026-01-29T13:10:28","isFullCredit":false},{"lineNumber":164,"author":{"gitId":"Gogeta2792"},"content":"            \"  deadline \u003cdesc\u003e /by \u003cdate\u003e  – add a deadline\",","lastModifiedDate":"2026-01-29T13:10:28","isFullCredit":false},{"lineNumber":165,"author":{"gitId":"Gogeta2792"},"content":"            \"  event \u003cdesc\u003e /from \u003cstart\u003e /to \u003cend\u003e  – add an event\",","lastModifiedDate":"2026-01-29T13:10:28","isFullCredit":false},{"lineNumber":166,"author":{"gitId":"Gogeta2792"},"content":"            \"  mark \u003cnumber\u003e           – mark a task as done\",","lastModifiedDate":"2026-01-29T13:10:28","isFullCredit":false},{"lineNumber":167,"author":{"gitId":"Gogeta2792"},"content":"            \"  unmark \u003cnumber\u003e         – mark a task as not done\",","lastModifiedDate":"2026-01-29T13:10:28","isFullCredit":false},{"lineNumber":168,"author":{"gitId":"Gogeta2792"},"content":"            \"  delete \u003cnumber\u003e        – remove a task from the list\",","lastModifiedDate":"2026-01-29T13:53:11","isFullCredit":false},{"lineNumber":169,"author":{"gitId":"Gogeta2792"},"content":"            \"  help                    – show this list\",","lastModifiedDate":"2026-01-29T13:10:28","isFullCredit":false},{"lineNumber":170,"author":{"gitId":"Gogeta2792"},"content":"            \"  bye                     – exit (See you later!)\"","lastModifiedDate":"2026-01-29T13:10:28","isFullCredit":false},{"lineNumber":171,"author":{"gitId":"Gogeta2792"},"content":"        };","lastModifiedDate":"2026-01-29T13:10:28","isFullCredit":false},{"lineNumber":172,"author":{"gitId":"Gogeta2792"},"content":"        System.out.println(borderLine + \"\\n\");","lastModifiedDate":"2026-01-29T13:10:28","isFullCredit":false},{"lineNumber":173,"author":{"gitId":"Gogeta2792"},"content":"        for (String line : lines) {","lastModifiedDate":"2026-01-29T13:10:28","isFullCredit":false},{"lineNumber":174,"author":{"gitId":"Gogeta2792"},"content":"            System.out.println(String.format(rightAlignFormat, line));","lastModifiedDate":"2026-01-29T13:10:28","isFullCredit":false},{"lineNumber":175,"author":{"gitId":"Gogeta2792"},"content":"        }","lastModifiedDate":"2026-01-29T13:10:28","isFullCredit":false},{"lineNumber":176,"author":{"gitId":"Gogeta2792"},"content":"        System.out.println(\"\\n\" + borderLine + \"\\n\");","lastModifiedDate":"2026-01-29T13:10:28","isFullCredit":false},{"lineNumber":177,"author":{"gitId":"Gogeta2792"},"content":"    }","lastModifiedDate":"2026-01-29T13:10:28","isFullCredit":false},{"lineNumber":178,"author":{"gitId":"Gogeta2792"},"content":"","lastModifiedDate":"2026-01-29T13:10:28","isFullCredit":false},{"lineNumber":179,"author":{"gitId":"Gogeta2792"},"content":"    // Mark/unmark commands","lastModifiedDate":"2026-01-29T11:30:06","isFullCredit":false},{"lineNumber":180,"author":{"gitId":"Gogeta2792"},"content":"    private static void handleMarkCommand(List\u003cTask\u003e tasks,","lastModifiedDate":"2026-01-29T11:30:06","isFullCredit":false},{"lineNumber":181,"author":{"gitId":"Gogeta2792"},"content":"                                          ParsedCommand parsedCommand,","lastModifiedDate":"2026-01-29T11:30:06","isFullCredit":false},{"lineNumber":182,"author":{"gitId":"Gogeta2792"},"content":"                                          String borderLine,","lastModifiedDate":"2026-01-29T11:30:06","isFullCredit":false},{"lineNumber":183,"author":{"gitId":"Gogeta2792"},"content":"                                          String rightAlignFormat) {","lastModifiedDate":"2026-01-29T11:30:06","isFullCredit":false},{"lineNumber":184,"author":{"gitId":"Gogeta2792"},"content":"        boolean markAsDone \u003d parsedCommand.type \u003d\u003d CommandType.MARK;","lastModifiedDate":"2026-01-29T11:30:06","isFullCredit":false},{"lineNumber":185,"author":{"gitId":"Gogeta2792"},"content":"","lastModifiedDate":"2026-01-28T17:47:51","isFullCredit":false},{"lineNumber":186,"author":{"gitId":"Gogeta2792"},"content":"        int oneBasedIndex;","lastModifiedDate":"2026-01-28T17:47:51","isFullCredit":false},{"lineNumber":187,"author":{"gitId":"Gogeta2792"},"content":"        try {","lastModifiedDate":"2026-01-28T17:47:51","isFullCredit":false},{"lineNumber":188,"author":{"gitId":"Gogeta2792"},"content":"            oneBasedIndex \u003d Integer.parseInt(parsedCommand.argument \u003d\u003d null ? \"\" : parsedCommand.argument);","lastModifiedDate":"2026-01-29T11:30:06","isFullCredit":false},{"lineNumber":189,"author":{"gitId":"Gogeta2792"},"content":"        } catch (NumberFormatException e) {","lastModifiedDate":"2026-01-28T17:47:51","isFullCredit":false},{"lineNumber":190,"author":{"gitId":"Gogeta2792"},"content":"            printFramedMessage(borderLine, rightAlignFormat,","lastModifiedDate":"2026-01-29T11:30:06","isFullCredit":false},{"lineNumber":191,"author":{"gitId":"Gogeta2792"},"content":"                    \"Spot: You have to give me the task number!\");","lastModifiedDate":"2026-01-29T11:30:06","isFullCredit":false},{"lineNumber":192,"author":{"gitId":"Gogeta2792"},"content":"            return;","lastModifiedDate":"2026-01-29T11:30:06","isFullCredit":false},{"lineNumber":193,"author":{"gitId":"Gogeta2792"},"content":"        }","lastModifiedDate":"2026-01-28T17:47:51","isFullCredit":false},{"lineNumber":194,"author":{"gitId":"Gogeta2792"},"content":"","lastModifiedDate":"2026-01-28T17:47:51","isFullCredit":false},{"lineNumber":195,"author":{"gitId":"Gogeta2792"},"content":"        int taskIndex \u003d oneBasedIndex - 1;","lastModifiedDate":"2026-01-29T11:30:06","isFullCredit":false},{"lineNumber":196,"author":{"gitId":"Gogeta2792"},"content":"        if (taskIndex \u003c 0 || taskIndex \u003e\u003d tasks.size()) {","lastModifiedDate":"2026-01-29T11:30:06","isFullCredit":false},{"lineNumber":197,"author":{"gitId":"Gogeta2792"},"content":"            printFramedMessage(borderLine, rightAlignFormat,","lastModifiedDate":"2026-01-29T11:30:06","isFullCredit":false},{"lineNumber":198,"author":{"gitId":"Gogeta2792"},"content":"                    \"Spot: That task doesn\u0027t exist!\");","lastModifiedDate":"2026-01-29T11:30:06","isFullCredit":false},{"lineNumber":199,"author":{"gitId":"Gogeta2792"},"content":"            return;","lastModifiedDate":"2026-01-29T11:30:06","isFullCredit":false},{"lineNumber":200,"author":{"gitId":"Gogeta2792"},"content":"        }","lastModifiedDate":"2026-01-28T17:47:51","isFullCredit":false},{"lineNumber":201,"author":{"gitId":"Gogeta2792"},"content":"","lastModifiedDate":"2026-01-28T17:47:51","isFullCredit":false},{"lineNumber":202,"author":{"gitId":"Gogeta2792"},"content":"        Task task \u003d tasks.get(taskIndex);","lastModifiedDate":"2026-01-29T11:30:06","isFullCredit":false},{"lineNumber":203,"author":{"gitId":"Gogeta2792"},"content":"        task.setDone(markAsDone);","lastModifiedDate":"2026-01-29T11:30:06","isFullCredit":false},{"lineNumber":204,"author":{"gitId":"Gogeta2792"},"content":"        String statusIcon \u003d task.isDone() ? STATUS_DONE_ICON : STATUS_NOT_DONE_ICON;","lastModifiedDate":"2026-01-29T11:30:06","isFullCredit":false},{"lineNumber":205,"author":{"gitId":"Gogeta2792"},"content":"        String taskLine \u003d task.getTypeIcon() + statusIcon + \" \" + task.getDisplayString();","lastModifiedDate":"2026-01-29T11:50:09","isFullCredit":false},{"lineNumber":206,"author":{"gitId":"Gogeta2792"},"content":"","lastModifiedDate":"2026-01-28T17:47:51","isFullCredit":false},{"lineNumber":207,"author":{"gitId":"Gogeta2792"},"content":"        if (markAsDone) {","lastModifiedDate":"2026-01-28T17:47:51","isFullCredit":false},{"lineNumber":208,"author":{"gitId":"Gogeta2792"},"content":"            printFramedTwoLineMessage(","lastModifiedDate":"2026-01-29T11:30:06","isFullCredit":false},{"lineNumber":209,"author":{"gitId":"Gogeta2792"},"content":"                    borderLine,","lastModifiedDate":"2026-01-29T11:30:06","isFullCredit":false},{"lineNumber":210,"author":{"gitId":"Gogeta2792"},"content":"                    rightAlignFormat,","lastModifiedDate":"2026-01-29T11:30:06","isFullCredit":false},{"lineNumber":211,"author":{"gitId":"Gogeta2792"},"content":"                    \"Spot: Nice! I\u0027ve marked this task as done:\",","lastModifiedDate":"2026-01-29T11:30:06","isFullCredit":false},{"lineNumber":212,"author":{"gitId":"Gogeta2792"},"content":"                    taskLine","lastModifiedDate":"2026-01-29T11:30:06","isFullCredit":false},{"lineNumber":213,"author":{"gitId":"Gogeta2792"},"content":"            );","lastModifiedDate":"2026-01-29T11:30:06","isFullCredit":false},{"lineNumber":214,"author":{"gitId":"Gogeta2792"},"content":"        } else {","lastModifiedDate":"2026-01-28T17:47:51","isFullCredit":false},{"lineNumber":215,"author":{"gitId":"Gogeta2792"},"content":"            printFramedTwoLineMessage(","lastModifiedDate":"2026-01-29T11:30:06","isFullCredit":false},{"lineNumber":216,"author":{"gitId":"Gogeta2792"},"content":"                    borderLine,","lastModifiedDate":"2026-01-29T11:30:06","isFullCredit":false},{"lineNumber":217,"author":{"gitId":"Gogeta2792"},"content":"                    rightAlignFormat,","lastModifiedDate":"2026-01-29T11:30:06","isFullCredit":false},{"lineNumber":218,"author":{"gitId":"Gogeta2792"},"content":"                    \"Spot: I\u0027ve unmarked the task:\",","lastModifiedDate":"2026-01-29T11:30:06","isFullCredit":false},{"lineNumber":219,"author":{"gitId":"Gogeta2792"},"content":"                    taskLine","lastModifiedDate":"2026-01-29T11:30:06","isFullCredit":false},{"lineNumber":220,"author":{"gitId":"Gogeta2792"},"content":"            );","lastModifiedDate":"2026-01-29T11:30:06","isFullCredit":false},{"lineNumber":221,"author":{"gitId":"Gogeta2792"},"content":"        }","lastModifiedDate":"2026-01-28T17:47:51","isFullCredit":false},{"lineNumber":222,"author":{"gitId":"Gogeta2792"},"content":"    }","lastModifiedDate":"2026-01-28T17:47:51","isFullCredit":false},{"lineNumber":223,"author":{"gitId":"Gogeta2792"},"content":"","lastModifiedDate":"2026-01-28T17:47:51","isFullCredit":false},{"lineNumber":224,"author":{"gitId":"Gogeta2792"},"content":"    // Delete task","lastModifiedDate":"2026-01-29T13:53:11","isFullCredit":false},{"lineNumber":225,"author":{"gitId":"Gogeta2792"},"content":"    private static void handleDeleteCommand(List\u003cTask\u003e tasks,","lastModifiedDate":"2026-01-29T13:53:11","isFullCredit":false},{"lineNumber":226,"author":{"gitId":"Gogeta2792"},"content":"                                            ParsedCommand parsedCommand,","lastModifiedDate":"2026-01-29T13:53:11","isFullCredit":false},{"lineNumber":227,"author":{"gitId":"Gogeta2792"},"content":"                                            String borderLine,","lastModifiedDate":"2026-01-29T13:53:11","isFullCredit":false},{"lineNumber":228,"author":{"gitId":"Gogeta2792"},"content":"                                            String rightAlignFormat) {","lastModifiedDate":"2026-01-29T13:53:11","isFullCredit":false},{"lineNumber":229,"author":{"gitId":"Gogeta2792"},"content":"        int oneBasedIndex;","lastModifiedDate":"2026-01-29T13:53:11","isFullCredit":false},{"lineNumber":230,"author":{"gitId":"Gogeta2792"},"content":"        try {","lastModifiedDate":"2026-01-29T13:53:11","isFullCredit":false},{"lineNumber":231,"author":{"gitId":"Gogeta2792"},"content":"            oneBasedIndex \u003d Integer.parseInt(parsedCommand.argument \u003d\u003d null ? \"\" : parsedCommand.argument);","lastModifiedDate":"2026-01-29T13:53:11","isFullCredit":false},{"lineNumber":232,"author":{"gitId":"Gogeta2792"},"content":"        } catch (NumberFormatException e) {","lastModifiedDate":"2026-01-29T13:53:11","isFullCredit":false},{"lineNumber":233,"author":{"gitId":"Gogeta2792"},"content":"            printFramedMessage(borderLine, rightAlignFormat,","lastModifiedDate":"2026-01-29T13:53:11","isFullCredit":false},{"lineNumber":234,"author":{"gitId":"Gogeta2792"},"content":"                    \"Spot: You have to give me the task number!\");","lastModifiedDate":"2026-01-29T13:53:11","isFullCredit":false},{"lineNumber":235,"author":{"gitId":"Gogeta2792"},"content":"            return;","lastModifiedDate":"2026-01-29T13:53:11","isFullCredit":false},{"lineNumber":236,"author":{"gitId":"Gogeta2792"},"content":"        }","lastModifiedDate":"2026-01-29T13:53:11","isFullCredit":false},{"lineNumber":237,"author":{"gitId":"Gogeta2792"},"content":"","lastModifiedDate":"2026-01-29T13:53:11","isFullCredit":false},{"lineNumber":238,"author":{"gitId":"Gogeta2792"},"content":"        int taskIndex \u003d oneBasedIndex - 1;","lastModifiedDate":"2026-01-29T13:53:11","isFullCredit":false},{"lineNumber":239,"author":{"gitId":"Gogeta2792"},"content":"        if (taskIndex \u003c 0 || taskIndex \u003e\u003d tasks.size()) {","lastModifiedDate":"2026-01-29T13:53:11","isFullCredit":false},{"lineNumber":240,"author":{"gitId":"Gogeta2792"},"content":"            printFramedMessage(borderLine, rightAlignFormat,","lastModifiedDate":"2026-01-29T13:53:11","isFullCredit":false},{"lineNumber":241,"author":{"gitId":"Gogeta2792"},"content":"                    \"Spot: That task doesn\u0027t exist!\");","lastModifiedDate":"2026-01-29T13:53:11","isFullCredit":false},{"lineNumber":242,"author":{"gitId":"Gogeta2792"},"content":"            return;","lastModifiedDate":"2026-01-29T13:53:11","isFullCredit":false},{"lineNumber":243,"author":{"gitId":"Gogeta2792"},"content":"        }","lastModifiedDate":"2026-01-29T13:53:11","isFullCredit":false},{"lineNumber":244,"author":{"gitId":"Gogeta2792"},"content":"","lastModifiedDate":"2026-01-29T13:53:11","isFullCredit":false},{"lineNumber":245,"author":{"gitId":"Gogeta2792"},"content":"        Task removed \u003d tasks.remove(taskIndex);","lastModifiedDate":"2026-01-29T13:53:11","isFullCredit":false},{"lineNumber":246,"author":{"gitId":"Gogeta2792"},"content":"        String statusIcon \u003d removed.isDone() ? STATUS_DONE_ICON : STATUS_NOT_DONE_ICON;","lastModifiedDate":"2026-01-29T13:53:11","isFullCredit":false},{"lineNumber":247,"author":{"gitId":"Gogeta2792"},"content":"        String taskLine \u003d removed.getTypeIcon() + statusIcon + \" \" + removed.getDisplayString();","lastModifiedDate":"2026-01-29T13:53:11","isFullCredit":false},{"lineNumber":248,"author":{"gitId":"Gogeta2792"},"content":"        String countLine \u003d \"Now you have \" + tasks.size() + \" task\" + (tasks.size() \u003d\u003d 1 ? \"\" : \"s\") + \" in the list.\";","lastModifiedDate":"2026-01-29T13:53:11","isFullCredit":false},{"lineNumber":249,"author":{"gitId":"Gogeta2792"},"content":"        printFramedThreeLineMessage(borderLine, rightAlignFormat,","lastModifiedDate":"2026-01-29T13:53:11","isFullCredit":false},{"lineNumber":250,"author":{"gitId":"Gogeta2792"},"content":"                \"Noted. I\u0027ve removed this task:\",","lastModifiedDate":"2026-01-29T13:53:11","isFullCredit":false},{"lineNumber":251,"author":{"gitId":"Gogeta2792"},"content":"                taskLine,","lastModifiedDate":"2026-01-29T13:53:11","isFullCredit":false},{"lineNumber":252,"author":{"gitId":"Gogeta2792"},"content":"                countLine);","lastModifiedDate":"2026-01-29T13:53:11","isFullCredit":false},{"lineNumber":253,"author":{"gitId":"Gogeta2792"},"content":"    }","lastModifiedDate":"2026-01-29T13:53:11","isFullCredit":false},{"lineNumber":254,"author":{"gitId":"Gogeta2792"},"content":"","lastModifiedDate":"2026-01-29T13:53:11","isFullCredit":false},{"lineNumber":255,"author":{"gitId":"Gogeta2792"},"content":"    // Add task command","lastModifiedDate":"2026-01-29T11:30:06","isFullCredit":false},{"lineNumber":256,"author":{"gitId":"Gogeta2792"},"content":"    private static void handleAddTaskCommand(List\u003cTask\u003e tasks,","lastModifiedDate":"2026-01-29T11:30:06","isFullCredit":false},{"lineNumber":257,"author":{"gitId":"Gogeta2792"},"content":"                                             ParsedCommand parsedCommand,","lastModifiedDate":"2026-01-29T11:30:06","isFullCredit":false},{"lineNumber":258,"author":{"gitId":"Gogeta2792"},"content":"                                             String borderLine,","lastModifiedDate":"2026-01-29T11:30:06","isFullCredit":false},{"lineNumber":259,"author":{"gitId":"Gogeta2792"},"content":"                                             String rightAlignFormat) {","lastModifiedDate":"2026-01-29T11:30:06","isFullCredit":false},{"lineNumber":260,"author":{"gitId":"Gogeta2792"},"content":"        // Error empty todo description","lastModifiedDate":"2026-01-29T13:10:28","isFullCredit":false},{"lineNumber":261,"author":{"gitId":"Gogeta2792"},"content":"        if (parsedCommand.type \u003d\u003d CommandType.TODO) {","lastModifiedDate":"2026-01-29T13:10:28","isFullCredit":false},{"lineNumber":262,"author":{"gitId":"Gogeta2792"},"content":"            String arg \u003d parsedCommand.argument \u003d\u003d null ? \"\" : parsedCommand.argument;","lastModifiedDate":"2026-01-29T13:10:28","isFullCredit":false},{"lineNumber":263,"author":{"gitId":"Gogeta2792"},"content":"            if (arg.isEmpty()) {","lastModifiedDate":"2026-01-29T13:10:28","isFullCredit":false},{"lineNumber":264,"author":{"gitId":"Gogeta2792"},"content":"                printFramedMessage(borderLine, rightAlignFormat,","lastModifiedDate":"2026-01-29T13:10:28","isFullCredit":false},{"lineNumber":265,"author":{"gitId":"Gogeta2792"},"content":"                        \"Spot: You can\u0027t todo nothing..\");","lastModifiedDate":"2026-01-29T13:10:28","isFullCredit":false},{"lineNumber":266,"author":{"gitId":"Gogeta2792"},"content":"                return;","lastModifiedDate":"2026-01-29T13:10:28","isFullCredit":false},{"lineNumber":267,"author":{"gitId":"Gogeta2792"},"content":"            }","lastModifiedDate":"2026-01-29T13:10:28","isFullCredit":false},{"lineNumber":268,"author":{"gitId":"Gogeta2792"},"content":"        }","lastModifiedDate":"2026-01-29T13:10:28","isFullCredit":false},{"lineNumber":269,"author":{"gitId":"Gogeta2792"},"content":"","lastModifiedDate":"2026-01-29T13:10:28","isFullCredit":false},{"lineNumber":270,"author":{"gitId":"Gogeta2792"},"content":"        Task newTask \u003d createTask(parsedCommand);","lastModifiedDate":"2026-01-29T11:50:09","isFullCredit":false},{"lineNumber":271,"author":{"gitId":"Gogeta2792"},"content":"        if (newTask \u003d\u003d null) {","lastModifiedDate":"2026-01-29T11:50:09","isFullCredit":false},{"lineNumber":272,"author":{"gitId":"Gogeta2792"},"content":"            String errorMsg \u003d getAddTaskErrorMessage(parsedCommand.type);","lastModifiedDate":"2026-01-29T13:10:28","isFullCredit":false},{"lineNumber":273,"author":{"gitId":"Gogeta2792"},"content":"            printFramedMessage(borderLine, rightAlignFormat, \"Spot: \" + errorMsg);","lastModifiedDate":"2026-01-29T13:10:28","isFullCredit":false},{"lineNumber":274,"author":{"gitId":"Gogeta2792"},"content":"            return;","lastModifiedDate":"2026-01-29T11:50:09","isFullCredit":false},{"lineNumber":275,"author":{"gitId":"Gogeta2792"},"content":"        }","lastModifiedDate":"2026-01-29T11:50:09","isFullCredit":false},{"lineNumber":276,"author":{"gitId":"Gogeta2792"},"content":"        tasks.add(newTask);","lastModifiedDate":"2026-01-29T11:30:06","isFullCredit":false},{"lineNumber":277,"author":{"gitId":"Gogeta2792"},"content":"","lastModifiedDate":"2026-01-29T11:30:06","isFullCredit":false},{"lineNumber":278,"author":{"gitId":"Gogeta2792"},"content":"        String statusIcon \u003d newTask.isDone() ? STATUS_DONE_ICON : STATUS_NOT_DONE_ICON;","lastModifiedDate":"2026-01-29T11:50:09","isFullCredit":false},{"lineNumber":279,"author":{"gitId":"Gogeta2792"},"content":"        String taskLine \u003d newTask.getTypeIcon() + statusIcon + \" \" + newTask.getDisplayString();","lastModifiedDate":"2026-01-29T11:50:09","isFullCredit":false},{"lineNumber":280,"author":{"gitId":"Gogeta2792"},"content":"        String countLine \u003d \"Now you have \" + tasks.size() + \" task\" + (tasks.size() \u003d\u003d 1 ? \"\" : \"s\") + \" in the list.\";","lastModifiedDate":"2026-01-29T11:50:09","isFullCredit":false},{"lineNumber":281,"author":{"gitId":"Gogeta2792"},"content":"        printFramedThreeLineMessage(borderLine, rightAlignFormat,","lastModifiedDate":"2026-01-29T11:50:09","isFullCredit":false},{"lineNumber":282,"author":{"gitId":"Gogeta2792"},"content":"                \"Got it. I\u0027ve added this task:\",","lastModifiedDate":"2026-01-29T11:50:09","isFullCredit":false},{"lineNumber":283,"author":{"gitId":"Gogeta2792"},"content":"                taskLine,","lastModifiedDate":"2026-01-29T11:50:09","isFullCredit":false},{"lineNumber":284,"author":{"gitId":"Gogeta2792"},"content":"                countLine);","lastModifiedDate":"2026-01-29T11:50:09","isFullCredit":false},{"lineNumber":285,"author":{"gitId":"Gogeta2792"},"content":"    }","lastModifiedDate":"2026-01-29T11:50:09","isFullCredit":false},{"lineNumber":286,"author":{"gitId":"Gogeta2792"},"content":"","lastModifiedDate":"2026-01-29T11:50:09","isFullCredit":false},{"lineNumber":287,"author":{"gitId":"Gogeta2792"},"content":"    // Switch case for type error messages","lastModifiedDate":"2026-01-29T13:10:28","isFullCredit":false},{"lineNumber":288,"author":{"gitId":"Gogeta2792"},"content":"    private static String getAddTaskErrorMessage(CommandType type) {","lastModifiedDate":"2026-01-29T13:10:28","isFullCredit":false},{"lineNumber":289,"author":{"gitId":"Gogeta2792"},"content":"        switch (type) {","lastModifiedDate":"2026-01-29T13:10:28","isFullCredit":false},{"lineNumber":290,"author":{"gitId":"Gogeta2792"},"content":"            case DEADLINE:","lastModifiedDate":"2026-01-29T13:10:28","isFullCredit":false},{"lineNumber":291,"author":{"gitId":"Gogeta2792"},"content":"                return \"Deadline must have a description and /by \u003cdate\u003e. Example: deadline submit report /by 2025-02-01\";","lastModifiedDate":"2026-01-29T13:10:28","isFullCredit":false},{"lineNumber":292,"author":{"gitId":"Gogeta2792"},"content":"            case EVENT:","lastModifiedDate":"2026-01-29T13:10:28","isFullCredit":false},{"lineNumber":293,"author":{"gitId":"Gogeta2792"},"content":"                return \"Event must have a description, /from \u003cstart\u003e, and /to \u003cend\u003e. Example: event team meeting /from Mon 2pm /to 3pm\";","lastModifiedDate":"2026-01-29T13:10:28","isFullCredit":false},{"lineNumber":294,"author":{"gitId":"Gogeta2792"},"content":"            default:","lastModifiedDate":"2026-01-29T13:10:28","isFullCredit":false},{"lineNumber":295,"author":{"gitId":"Gogeta2792"},"content":"                return \"I need more details. Use: deadline \u003cdescription\u003e /by \u003cdate\u003e, or event \u003cdescription\u003e /from \u003cstart\u003e /to \u003cend\u003e\";","lastModifiedDate":"2026-01-29T13:10:28","isFullCredit":false},{"lineNumber":296,"author":{"gitId":"Gogeta2792"},"content":"        }","lastModifiedDate":"2026-01-29T13:10:28","isFullCredit":false},{"lineNumber":297,"author":{"gitId":"Gogeta2792"},"content":"    }","lastModifiedDate":"2026-01-29T13:10:28","isFullCredit":false},{"lineNumber":298,"author":{"gitId":"Gogeta2792"},"content":"","lastModifiedDate":"2026-01-29T13:10:28","isFullCredit":false},{"lineNumber":299,"author":{"gitId":"Gogeta2792"},"content":"    private static Task createTask(ParsedCommand parsedCommand) {","lastModifiedDate":"2026-01-29T11:50:09","isFullCredit":false},{"lineNumber":300,"author":{"gitId":"Gogeta2792"},"content":"        String argument \u003d parsedCommand.argument \u003d\u003d null ? \"\" : parsedCommand.argument;","lastModifiedDate":"2026-01-29T11:50:09","isFullCredit":false},{"lineNumber":301,"author":{"gitId":"Gogeta2792"},"content":"        switch (parsedCommand.type) {","lastModifiedDate":"2026-01-29T11:50:09","isFullCredit":false},{"lineNumber":302,"author":{"gitId":"Gogeta2792"},"content":"            case TODO:","lastModifiedDate":"2026-01-29T11:50:09","isFullCredit":false},{"lineNumber":303,"author":{"gitId":"Gogeta2792"},"content":"            case ADD:","lastModifiedDate":"2026-01-29T11:50:09","isFullCredit":false},{"lineNumber":304,"author":{"gitId":"Gogeta2792"},"content":"                return argument.isEmpty() ? null : new Todo(argument);","lastModifiedDate":"2026-01-29T11:50:09","isFullCredit":false},{"lineNumber":305,"author":{"gitId":"Gogeta2792"},"content":"            case DEADLINE: {","lastModifiedDate":"2026-01-29T11:50:09","isFullCredit":false},{"lineNumber":306,"author":{"gitId":"Gogeta2792"},"content":"                int byIndex \u003d argument.indexOf(\" /by \");","lastModifiedDate":"2026-01-29T11:50:09","isFullCredit":false},{"lineNumber":307,"author":{"gitId":"Gogeta2792"},"content":"                if (byIndex \u003c 0) {","lastModifiedDate":"2026-01-29T11:50:09","isFullCredit":false},{"lineNumber":308,"author":{"gitId":"Gogeta2792"},"content":"                    return null;","lastModifiedDate":"2026-01-29T11:50:09","isFullCredit":false},{"lineNumber":309,"author":{"gitId":"Gogeta2792"},"content":"                }","lastModifiedDate":"2026-01-29T11:50:09","isFullCredit":false},{"lineNumber":310,"author":{"gitId":"Gogeta2792"},"content":"                String description \u003d argument.substring(0, byIndex).trim();","lastModifiedDate":"2026-01-29T11:50:09","isFullCredit":false},{"lineNumber":311,"author":{"gitId":"Gogeta2792"},"content":"                String by \u003d argument.substring(byIndex + 5).trim();","lastModifiedDate":"2026-01-29T11:50:09","isFullCredit":false},{"lineNumber":312,"author":{"gitId":"Gogeta2792"},"content":"                return description.isEmpty() || by.isEmpty() ? null : new Deadline(description, by);","lastModifiedDate":"2026-01-29T11:50:09","isFullCredit":false},{"lineNumber":313,"author":{"gitId":"Gogeta2792"},"content":"            }","lastModifiedDate":"2026-01-29T11:50:09","isFullCredit":false},{"lineNumber":314,"author":{"gitId":"Gogeta2792"},"content":"            case EVENT: {","lastModifiedDate":"2026-01-29T11:50:09","isFullCredit":false},{"lineNumber":315,"author":{"gitId":"Gogeta2792"},"content":"                int fromIndex \u003d argument.indexOf(\" /from \");","lastModifiedDate":"2026-01-29T11:50:09","isFullCredit":false},{"lineNumber":316,"author":{"gitId":"Gogeta2792"},"content":"                int toIndex \u003d argument.indexOf(\" /to \");","lastModifiedDate":"2026-01-29T11:50:09","isFullCredit":false},{"lineNumber":317,"author":{"gitId":"Gogeta2792"},"content":"                if (fromIndex \u003c 0 || toIndex \u003c 0 || toIndex \u003c\u003d fromIndex) {","lastModifiedDate":"2026-01-29T11:50:09","isFullCredit":false},{"lineNumber":318,"author":{"gitId":"Gogeta2792"},"content":"                    return null;","lastModifiedDate":"2026-01-29T11:50:09","isFullCredit":false},{"lineNumber":319,"author":{"gitId":"Gogeta2792"},"content":"                }","lastModifiedDate":"2026-01-29T11:50:09","isFullCredit":false},{"lineNumber":320,"author":{"gitId":"Gogeta2792"},"content":"                String description \u003d argument.substring(0, fromIndex).trim();","lastModifiedDate":"2026-01-29T11:50:09","isFullCredit":false},{"lineNumber":321,"author":{"gitId":"Gogeta2792"},"content":"                String from \u003d argument.substring(fromIndex + 7, toIndex).trim();","lastModifiedDate":"2026-01-29T11:50:09","isFullCredit":false},{"lineNumber":322,"author":{"gitId":"Gogeta2792"},"content":"                String to \u003d argument.substring(toIndex + 5).trim();","lastModifiedDate":"2026-01-29T11:50:09","isFullCredit":false},{"lineNumber":323,"author":{"gitId":"Gogeta2792"},"content":"                return description.isEmpty() || from.isEmpty() || to.isEmpty() ? null : new Event(description, from, to);","lastModifiedDate":"2026-01-29T11:50:09","isFullCredit":false},{"lineNumber":324,"author":{"gitId":"Gogeta2792"},"content":"            }","lastModifiedDate":"2026-01-29T11:50:09","isFullCredit":false},{"lineNumber":325,"author":{"gitId":"Gogeta2792"},"content":"            default:","lastModifiedDate":"2026-01-29T11:50:09","isFullCredit":false},{"lineNumber":326,"author":{"gitId":"Gogeta2792"},"content":"                return null;","lastModifiedDate":"2026-01-29T11:50:09","isFullCredit":false},{"lineNumber":327,"author":{"gitId":"Gogeta2792"},"content":"        }","lastModifiedDate":"2026-01-29T11:50:09","isFullCredit":false},{"lineNumber":328,"author":{"gitId":"Gogeta2792"},"content":"    }","lastModifiedDate":"2026-01-28T16:55:17","isFullCredit":false},{"lineNumber":329,"author":{"gitId":"Gogeta2792"},"content":"","lastModifiedDate":"2026-01-28T16:55:17","isFullCredit":false},{"lineNumber":330,"author":{"gitId":"Gogeta2792"},"content":"    //Utility method for chatbox \"box\" formatting","lastModifiedDate":"2026-01-29T11:30:06","isFullCredit":false},{"lineNumber":331,"author":{"gitId":"Gogeta2792"},"content":"    private static void printFramedMessage(String borderLine, String rightAlignFormat, String message) {","lastModifiedDate":"2026-01-29T11:30:06","isFullCredit":false},{"lineNumber":332,"author":{"gitId":"Gogeta2792"},"content":"        System.out.println(borderLine + \"\\n\\n\" + String.format(rightAlignFormat, message) + \"\\n\" + borderLine + \"\\n\");","lastModifiedDate":"2026-01-29T11:30:06","isFullCredit":false},{"lineNumber":333,"author":{"gitId":"Gogeta2792"},"content":"    }","lastModifiedDate":"2026-01-28T16:38:43","isFullCredit":false},{"lineNumber":334,"author":{"gitId":"Gogeta2792"},"content":"","lastModifiedDate":"2026-01-28T16:38:43","isFullCredit":false},{"lineNumber":335,"author":{"gitId":"Gogeta2792"},"content":"    // Prints two-line messages (header[Spot message] + content[Task description]) inside the chatbox \"box\"","lastModifiedDate":"2026-01-29T13:10:28","isFullCredit":false},{"lineNumber":336,"author":{"gitId":"Gogeta2792"},"content":"    private static void printFramedTwoLineMessage(String borderLine,","lastModifiedDate":"2026-01-29T11:30:06","isFullCredit":false},{"lineNumber":337,"author":{"gitId":"Gogeta2792"},"content":"                                                  String rightAlignFormat,","lastModifiedDate":"2026-01-29T11:30:06","isFullCredit":false},{"lineNumber":338,"author":{"gitId":"Gogeta2792"},"content":"                                                  String header,","lastModifiedDate":"2026-01-29T11:30:06","isFullCredit":false},{"lineNumber":339,"author":{"gitId":"Gogeta2792"},"content":"                                                  String content) {","lastModifiedDate":"2026-01-29T11:30:06","isFullCredit":false},{"lineNumber":340,"author":{"gitId":"Gogeta2792"},"content":"        System.out.println(","lastModifiedDate":"2026-01-29T11:30:06","isFullCredit":false},{"lineNumber":341,"author":{"gitId":"Gogeta2792"},"content":"                borderLine + \"\\n\\n\"","lastModifiedDate":"2026-01-29T11:30:06","isFullCredit":false},{"lineNumber":342,"author":{"gitId":"Gogeta2792"},"content":"                        + String.format(rightAlignFormat, header) + \"\\n\"","lastModifiedDate":"2026-01-29T11:30:06","isFullCredit":false},{"lineNumber":343,"author":{"gitId":"Gogeta2792"},"content":"                        + String.format(rightAlignFormat, content) + \"\\n\"","lastModifiedDate":"2026-01-29T11:30:06","isFullCredit":false},{"lineNumber":344,"author":{"gitId":"Gogeta2792"},"content":"                        + borderLine + \"\\n\"","lastModifiedDate":"2026-01-29T11:30:06","isFullCredit":false},{"lineNumber":345,"author":{"gitId":"Gogeta2792"},"content":"        );","lastModifiedDate":"2026-01-29T11:30:06","isFullCredit":false},{"lineNumber":346,"author":{"gitId":"Gogeta2792"},"content":"    }","lastModifiedDate":"2026-01-29T11:30:06","isFullCredit":false},{"lineNumber":347,"author":{"gitId":"Gogeta2792"},"content":"","lastModifiedDate":"2026-01-29T11:30:06","isFullCredit":false},{"lineNumber":348,"author":{"gitId":"Gogeta2792"},"content":"    // Prints three-line messages (header[Spot message] + content[Task description] + footer[Task count]) inside the chatbox \"box\"","lastModifiedDate":"2026-01-29T13:10:28","isFullCredit":false},{"lineNumber":349,"author":{"gitId":"Gogeta2792"},"content":"    private static void printFramedThreeLineMessage(String borderLine,","lastModifiedDate":"2026-01-29T11:50:09","isFullCredit":false},{"lineNumber":350,"author":{"gitId":"Gogeta2792"},"content":"                                                    String rightAlignFormat,","lastModifiedDate":"2026-01-29T11:50:09","isFullCredit":false},{"lineNumber":351,"author":{"gitId":"Gogeta2792"},"content":"                                                    String header,","lastModifiedDate":"2026-01-29T11:50:09","isFullCredit":false},{"lineNumber":352,"author":{"gitId":"Gogeta2792"},"content":"                                                    String content,","lastModifiedDate":"2026-01-29T11:50:09","isFullCredit":false},{"lineNumber":353,"author":{"gitId":"Gogeta2792"},"content":"                                                    String footer) {","lastModifiedDate":"2026-01-29T11:50:09","isFullCredit":false},{"lineNumber":354,"author":{"gitId":"Gogeta2792"},"content":"        System.out.println(","lastModifiedDate":"2026-01-29T11:50:09","isFullCredit":false},{"lineNumber":355,"author":{"gitId":"Gogeta2792"},"content":"                borderLine + \"\\n\\n\"","lastModifiedDate":"2026-01-29T11:50:09","isFullCredit":false},{"lineNumber":356,"author":{"gitId":"Gogeta2792"},"content":"                        + String.format(rightAlignFormat, \"Spot: \" + header) + \"\\n\"","lastModifiedDate":"2026-01-29T11:50:09","isFullCredit":false},{"lineNumber":357,"author":{"gitId":"Gogeta2792"},"content":"                        + String.format(rightAlignFormat, content) + \"\\n\"","lastModifiedDate":"2026-01-29T11:50:09","isFullCredit":false},{"lineNumber":358,"author":{"gitId":"Gogeta2792"},"content":"                        + String.format(rightAlignFormat, footer) + \"\\n\"","lastModifiedDate":"2026-01-29T11:50:09","isFullCredit":false},{"lineNumber":359,"author":{"gitId":"Gogeta2792"},"content":"                        + borderLine + \"\\n\"","lastModifiedDate":"2026-01-29T11:50:09","isFullCredit":false},{"lineNumber":360,"author":{"gitId":"Gogeta2792"},"content":"        );","lastModifiedDate":"2026-01-29T11:50:09","isFullCredit":false},{"lineNumber":361,"author":{"gitId":"Gogeta2792"},"content":"    }","lastModifiedDate":"2026-01-29T11:50:09","isFullCredit":false},{"lineNumber":362,"author":{"gitId":"Gogeta2792"},"content":"","lastModifiedDate":"2026-01-29T11:50:09","isFullCredit":false},{"lineNumber":363,"author":{"gitId":"Gogeta2792"},"content":"    // Spot intro","lastModifiedDate":"2026-01-29T11:30:06","isFullCredit":false},{"lineNumber":364,"author":{"gitId":"Gogeta2792"},"content":"    private static void printWelcomeMessage(String borderLine, String rightAlignFormat) {","lastModifiedDate":"2026-01-29T11:30:06","isFullCredit":false},{"lineNumber":365,"author":{"gitId":"Gogeta2792"},"content":"        System.out.println(borderLine);","lastModifiedDate":"2026-01-29T11:30:06","isFullCredit":false},{"lineNumber":366,"author":{"gitId":"Gogeta2792"},"content":"        System.out.println(\"Hello! I\u0027m \\n\" + LOGO + \"\\nWhat tasks do you have today?\");","lastModifiedDate":"2026-01-29T11:30:06","isFullCredit":false},{"lineNumber":367,"author":{"gitId":"Gogeta2792"},"content":"        System.out.println(borderLine + \"\\n\");","lastModifiedDate":"2026-01-29T11:30:06","isFullCredit":false},{"lineNumber":368,"author":{"gitId":"Gogeta2792"},"content":"    }","lastModifiedDate":"2026-01-29T11:30:06","isFullCredit":false},{"lineNumber":369,"author":{"gitId":"Gogeta2792"},"content":"","lastModifiedDate":"2026-01-28T16:38:43","isFullCredit":false},{"lineNumber":370,"author":{"gitId":"Gogeta2792"},"content":"    // Spot goodbye on \"bye\"","lastModifiedDate":"2026-01-29T11:30:06","isFullCredit":false},{"lineNumber":371,"author":{"gitId":"Gogeta2792"},"content":"    private static void printFarewell(String borderLine, String rightAlignFormat) {","lastModifiedDate":"2026-01-29T11:30:06","isFullCredit":false},{"lineNumber":372,"author":{"gitId":"Gogeta2792"},"content":"        String farewellMsg \u003d \"Spot: Bye. Hope to see you again soon!\";","lastModifiedDate":"2026-01-28T16:38:43","isFullCredit":false},{"lineNumber":373,"author":{"gitId":"Gogeta2792"},"content":"        String rightAlignedFarewell \u003d String.format(rightAlignFormat, farewellMsg);","lastModifiedDate":"2026-01-29T11:30:06","isFullCredit":false},{"lineNumber":374,"author":{"gitId":"Gogeta2792"},"content":"        System.out.println(\"\\n\" + rightAlignedFarewell);","lastModifiedDate":"2026-01-28T16:38:43","isFullCredit":false},{"lineNumber":375,"author":{"gitId":"Gogeta2792"},"content":"        System.out.println(borderLine);","lastModifiedDate":"2026-01-29T11:30:06","isFullCredit":false},{"lineNumber":376,"author":{"gitId":"Gogeta2792"},"content":"    }","lastModifiedDate":"2026-01-29T11:30:06","isFullCredit":false},{"lineNumber":377,"author":{"gitId":"Gogeta2792"},"content":"","lastModifiedDate":"2026-01-29T11:30:06","isFullCredit":false},{"lineNumber":378,"author":{"gitId":"Gogeta2792"},"content":"    // Easily accessible command types","lastModifiedDate":"2026-01-29T11:30:06","isFullCredit":false},{"lineNumber":379,"author":{"gitId":"Gogeta2792"},"content":"    private enum CommandType {","lastModifiedDate":"2026-01-29T11:30:06","isFullCredit":false},{"lineNumber":380,"author":{"gitId":"Gogeta2792"},"content":"        LIST,","lastModifiedDate":"2026-01-29T11:30:06","isFullCredit":false},{"lineNumber":381,"author":{"gitId":"Gogeta2792"},"content":"        MARK,","lastModifiedDate":"2026-01-29T11:30:06","isFullCredit":false},{"lineNumber":382,"author":{"gitId":"Gogeta2792"},"content":"        UNMARK,","lastModifiedDate":"2026-01-29T11:30:06","isFullCredit":false},{"lineNumber":383,"author":{"gitId":"Gogeta2792"},"content":"        DELETE,","lastModifiedDate":"2026-01-29T13:53:11","isFullCredit":false},{"lineNumber":384,"author":{"gitId":"Gogeta2792"},"content":"        TODO,","lastModifiedDate":"2026-01-29T11:50:09","isFullCredit":false},{"lineNumber":385,"author":{"gitId":"Gogeta2792"},"content":"        DEADLINE,","lastModifiedDate":"2026-01-29T11:50:09","isFullCredit":false},{"lineNumber":386,"author":{"gitId":"Gogeta2792"},"content":"        EVENT,","lastModifiedDate":"2026-01-29T11:50:09","isFullCredit":false},{"lineNumber":387,"author":{"gitId":"Gogeta2792"},"content":"        ADD,","lastModifiedDate":"2026-01-29T11:30:06","isFullCredit":false},{"lineNumber":388,"author":{"gitId":"Gogeta2792"},"content":"        BYE,","lastModifiedDate":"2026-01-29T13:10:28","isFullCredit":false},{"lineNumber":389,"author":{"gitId":"Gogeta2792"},"content":"        HELP,","lastModifiedDate":"2026-01-29T13:10:28","isFullCredit":false},{"lineNumber":390,"author":{"gitId":"Gogeta2792"},"content":"        UNKNOWN","lastModifiedDate":"2026-01-29T13:10:28","isFullCredit":false},{"lineNumber":391,"author":{"gitId":"Gogeta2792"},"content":"    }","lastModifiedDate":"2026-01-29T11:30:06","isFullCredit":false},{"lineNumber":392,"author":{"gitId":"Gogeta2792"},"content":"","lastModifiedDate":"2026-01-29T11:30:06","isFullCredit":false},{"lineNumber":393,"author":{"gitId":"Gogeta2792"},"content":"    // Simple value object containing a parsed command and its argument","lastModifiedDate":"2026-01-29T11:30:06","isFullCredit":false},{"lineNumber":394,"author":{"gitId":"Gogeta2792"},"content":"    private static class ParsedCommand {","lastModifiedDate":"2026-01-29T11:30:06","isFullCredit":false},{"lineNumber":395,"author":{"gitId":"Gogeta2792"},"content":"        private final CommandType type;","lastModifiedDate":"2026-01-29T11:30:06","isFullCredit":false},{"lineNumber":396,"author":{"gitId":"Gogeta2792"},"content":"        private final String argument;","lastModifiedDate":"2026-01-29T11:30:06","isFullCredit":false},{"lineNumber":397,"author":{"gitId":"Gogeta2792"},"content":"","lastModifiedDate":"2026-01-29T11:30:06","isFullCredit":false},{"lineNumber":398,"author":{"gitId":"Gogeta2792"},"content":"        private ParsedCommand(CommandType type, String argument) {","lastModifiedDate":"2026-01-29T11:30:06","isFullCredit":false},{"lineNumber":399,"author":{"gitId":"Gogeta2792"},"content":"            this.type \u003d type;","lastModifiedDate":"2026-01-29T11:30:06","isFullCredit":false},{"lineNumber":400,"author":{"gitId":"Gogeta2792"},"content":"            this.argument \u003d argument;","lastModifiedDate":"2026-01-29T11:30:06","isFullCredit":false},{"lineNumber":401,"author":{"gitId":"Gogeta2792"},"content":"        }","lastModifiedDate":"2026-01-29T11:30:06","isFullCredit":false},{"lineNumber":402,"author":{"gitId":"Gogeta2792"},"content":"    }","lastModifiedDate":"2026-01-29T11:30:06","isFullCredit":false},{"lineNumber":403,"author":{"gitId":"Gogeta2792"},"content":"","lastModifiedDate":"2026-01-29T11:30:06","isFullCredit":false},{"lineNumber":404,"author":{"gitId":"Gogeta2792"},"content":"    // Task","lastModifiedDate":"2026-01-29T13:10:28","isFullCredit":false},{"lineNumber":405,"author":{"gitId":"Gogeta2792"},"content":"    private abstract static class Task {","lastModifiedDate":"2026-01-29T11:50:09","isFullCredit":false},{"lineNumber":406,"author":{"gitId":"Gogeta2792"},"content":"        private final String description;","lastModifiedDate":"2026-01-29T11:30:06","isFullCredit":false},{"lineNumber":407,"author":{"gitId":"Gogeta2792"},"content":"        private boolean done;","lastModifiedDate":"2026-01-29T11:30:06","isFullCredit":false},{"lineNumber":408,"author":{"gitId":"Gogeta2792"},"content":"","lastModifiedDate":"2026-01-29T11:30:06","isFullCredit":false},{"lineNumber":409,"author":{"gitId":"Gogeta2792"},"content":"        Task(String description) {","lastModifiedDate":"2026-01-29T11:50:09","isFullCredit":false},{"lineNumber":410,"author":{"gitId":"Gogeta2792"},"content":"            this.description \u003d description;","lastModifiedDate":"2026-01-29T11:30:06","isFullCredit":false},{"lineNumber":411,"author":{"gitId":"Gogeta2792"},"content":"            this.done \u003d false;","lastModifiedDate":"2026-01-29T11:30:06","isFullCredit":false},{"lineNumber":412,"author":{"gitId":"Gogeta2792"},"content":"        }","lastModifiedDate":"2026-01-29T11:30:06","isFullCredit":false},{"lineNumber":413,"author":{"gitId":"Gogeta2792"},"content":"","lastModifiedDate":"2026-01-29T11:30:06","isFullCredit":false},{"lineNumber":414,"author":{"gitId":"Gogeta2792"},"content":"        abstract String getTypeIcon();","lastModifiedDate":"2026-01-29T11:50:09","isFullCredit":false},{"lineNumber":415,"author":{"gitId":"Gogeta2792"},"content":"","lastModifiedDate":"2026-01-29T11:50:09","isFullCredit":false},{"lineNumber":416,"author":{"gitId":"Gogeta2792"},"content":"        String getDescription() {","lastModifiedDate":"2026-01-29T11:50:09","isFullCredit":false},{"lineNumber":417,"author":{"gitId":"Gogeta2792"},"content":"            return description;","lastModifiedDate":"2026-01-29T11:30:06","isFullCredit":false},{"lineNumber":418,"author":{"gitId":"Gogeta2792"},"content":"        }","lastModifiedDate":"2026-01-29T11:30:06","isFullCredit":false},{"lineNumber":419,"author":{"gitId":"Gogeta2792"},"content":"","lastModifiedDate":"2026-01-29T11:30:06","isFullCredit":false},{"lineNumber":420,"author":{"gitId":"Gogeta2792"},"content":"        String getDisplayString() {","lastModifiedDate":"2026-01-29T11:50:09","isFullCredit":false},{"lineNumber":421,"author":{"gitId":"Gogeta2792"},"content":"            return getDescription();","lastModifiedDate":"2026-01-29T11:50:09","isFullCredit":false},{"lineNumber":422,"author":{"gitId":"Gogeta2792"},"content":"        }","lastModifiedDate":"2026-01-29T11:50:09","isFullCredit":false},{"lineNumber":423,"author":{"gitId":"Gogeta2792"},"content":"","lastModifiedDate":"2026-01-29T11:50:09","isFullCredit":false},{"lineNumber":424,"author":{"gitId":"Gogeta2792"},"content":"        boolean isDone() {","lastModifiedDate":"2026-01-29T11:50:09","isFullCredit":false},{"lineNumber":425,"author":{"gitId":"Gogeta2792"},"content":"            return done;","lastModifiedDate":"2026-01-29T11:30:06","isFullCredit":false},{"lineNumber":426,"author":{"gitId":"Gogeta2792"},"content":"        }","lastModifiedDate":"2026-01-29T11:30:06","isFullCredit":false},{"lineNumber":427,"author":{"gitId":"Gogeta2792"},"content":"","lastModifiedDate":"2026-01-29T11:30:06","isFullCredit":false},{"lineNumber":428,"author":{"gitId":"Gogeta2792"},"content":"        void setDone(boolean done) {","lastModifiedDate":"2026-01-29T11:50:09","isFullCredit":false},{"lineNumber":429,"author":{"gitId":"Gogeta2792"},"content":"            this.done \u003d done;","lastModifiedDate":"2026-01-29T11:30:06","isFullCredit":false},{"lineNumber":430,"author":{"gitId":"Gogeta2792"},"content":"        }","lastModifiedDate":"2026-01-29T11:30:06","isFullCredit":false},{"lineNumber":431,"author":{"gitId":"Gogeta2792"},"content":"    }","lastModifiedDate":"2026-01-28T15:59:30","isFullCredit":false},{"lineNumber":432,"author":{"gitId":"Gogeta2792"},"content":"","lastModifiedDate":"2026-01-29T11:50:09","isFullCredit":false},{"lineNumber":433,"author":{"gitId":"Gogeta2792"},"content":"    // Todo","lastModifiedDate":"2026-01-29T13:10:28","isFullCredit":false},{"lineNumber":434,"author":{"gitId":"Gogeta2792"},"content":"    private static class Todo extends Task {","lastModifiedDate":"2026-01-29T11:50:09","isFullCredit":false},{"lineNumber":435,"author":{"gitId":"Gogeta2792"},"content":"        private Todo(String description) {","lastModifiedDate":"2026-01-29T11:50:09","isFullCredit":false},{"lineNumber":436,"author":{"gitId":"Gogeta2792"},"content":"            super(description);","lastModifiedDate":"2026-01-29T11:50:09","isFullCredit":false},{"lineNumber":437,"author":{"gitId":"Gogeta2792"},"content":"        }","lastModifiedDate":"2026-01-29T11:50:09","isFullCredit":false},{"lineNumber":438,"author":{"gitId":"Gogeta2792"},"content":"","lastModifiedDate":"2026-01-29T11:50:09","isFullCredit":false},{"lineNumber":439,"author":{"gitId":"Gogeta2792"},"content":"        @Override","lastModifiedDate":"2026-01-29T11:50:09","isFullCredit":false},{"lineNumber":440,"author":{"gitId":"Gogeta2792"},"content":"        String getTypeIcon() {","lastModifiedDate":"2026-01-29T11:50:09","isFullCredit":false},{"lineNumber":441,"author":{"gitId":"Gogeta2792"},"content":"            return \"[T]\";","lastModifiedDate":"2026-01-29T11:50:09","isFullCredit":false},{"lineNumber":442,"author":{"gitId":"Gogeta2792"},"content":"        }","lastModifiedDate":"2026-01-29T11:50:09","isFullCredit":false},{"lineNumber":443,"author":{"gitId":"Gogeta2792"},"content":"    }","lastModifiedDate":"2026-01-29T11:50:09","isFullCredit":false},{"lineNumber":444,"author":{"gitId":"Gogeta2792"},"content":"","lastModifiedDate":"2026-01-29T11:50:09","isFullCredit":false},{"lineNumber":445,"author":{"gitId":"Gogeta2792"},"content":"    // Deadline","lastModifiedDate":"2026-01-29T13:10:28","isFullCredit":false},{"lineNumber":446,"author":{"gitId":"Gogeta2792"},"content":"    private static class Deadline extends Task {","lastModifiedDate":"2026-01-29T11:50:09","isFullCredit":false},{"lineNumber":447,"author":{"gitId":"Gogeta2792"},"content":"        private final String by;","lastModifiedDate":"2026-01-29T11:50:09","isFullCredit":false},{"lineNumber":448,"author":{"gitId":"Gogeta2792"},"content":"","lastModifiedDate":"2026-01-29T11:50:09","isFullCredit":false},{"lineNumber":449,"author":{"gitId":"Gogeta2792"},"content":"        private Deadline(String description, String by) {","lastModifiedDate":"2026-01-29T11:50:09","isFullCredit":false},{"lineNumber":450,"author":{"gitId":"Gogeta2792"},"content":"            super(description);","lastModifiedDate":"2026-01-29T11:50:09","isFullCredit":false},{"lineNumber":451,"author":{"gitId":"Gogeta2792"},"content":"            this.by \u003d by;","lastModifiedDate":"2026-01-29T11:50:09","isFullCredit":false},{"lineNumber":452,"author":{"gitId":"Gogeta2792"},"content":"        }","lastModifiedDate":"2026-01-29T11:50:09","isFullCredit":false},{"lineNumber":453,"author":{"gitId":"Gogeta2792"},"content":"","lastModifiedDate":"2026-01-29T11:50:09","isFullCredit":false},{"lineNumber":454,"author":{"gitId":"Gogeta2792"},"content":"        @Override","lastModifiedDate":"2026-01-29T11:50:09","isFullCredit":false},{"lineNumber":455,"author":{"gitId":"Gogeta2792"},"content":"        String getTypeIcon() {","lastModifiedDate":"2026-01-29T11:50:09","isFullCredit":false},{"lineNumber":456,"author":{"gitId":"Gogeta2792"},"content":"            return \"[D]\";","lastModifiedDate":"2026-01-29T11:50:09","isFullCredit":false},{"lineNumber":457,"author":{"gitId":"Gogeta2792"},"content":"        }","lastModifiedDate":"2026-01-29T11:50:09","isFullCredit":false},{"lineNumber":458,"author":{"gitId":"Gogeta2792"},"content":"","lastModifiedDate":"2026-01-29T11:50:09","isFullCredit":false},{"lineNumber":459,"author":{"gitId":"Gogeta2792"},"content":"        @Override","lastModifiedDate":"2026-01-29T11:50:09","isFullCredit":false},{"lineNumber":460,"author":{"gitId":"Gogeta2792"},"content":"        String getDisplayString() {","lastModifiedDate":"2026-01-29T11:50:09","isFullCredit":false},{"lineNumber":461,"author":{"gitId":"Gogeta2792"},"content":"            return getDescription() + \" (by: \" + by + \")\";","lastModifiedDate":"2026-01-29T11:50:09","isFullCredit":false},{"lineNumber":462,"author":{"gitId":"Gogeta2792"},"content":"        }","lastModifiedDate":"2026-01-29T11:50:09","isFullCredit":false},{"lineNumber":463,"author":{"gitId":"Gogeta2792"},"content":"    }","lastModifiedDate":"2026-01-29T11:50:09","isFullCredit":false},{"lineNumber":464,"author":{"gitId":"Gogeta2792"},"content":"","lastModifiedDate":"2026-01-29T11:50:09","isFullCredit":false},{"lineNumber":465,"author":{"gitId":"Gogeta2792"},"content":"    // Event","lastModifiedDate":"2026-01-29T13:10:28","isFullCredit":false},{"lineNumber":466,"author":{"gitId":"Gogeta2792"},"content":"    private static class Event extends Task {","lastModifiedDate":"2026-01-29T11:50:09","isFullCredit":false},{"lineNumber":467,"author":{"gitId":"Gogeta2792"},"content":"        private final String from;","lastModifiedDate":"2026-01-29T11:50:09","isFullCredit":false},{"lineNumber":468,"author":{"gitId":"Gogeta2792"},"content":"        private final String to;","lastModifiedDate":"2026-01-29T11:50:09","isFullCredit":false},{"lineNumber":469,"author":{"gitId":"Gogeta2792"},"content":"","lastModifiedDate":"2026-01-29T11:50:09","isFullCredit":false},{"lineNumber":470,"author":{"gitId":"Gogeta2792"},"content":"        private Event(String description, String from, String to) {","lastModifiedDate":"2026-01-29T11:50:09","isFullCredit":false},{"lineNumber":471,"author":{"gitId":"Gogeta2792"},"content":"            super(description);","lastModifiedDate":"2026-01-29T11:50:09","isFullCredit":false},{"lineNumber":472,"author":{"gitId":"Gogeta2792"},"content":"            this.from \u003d from;","lastModifiedDate":"2026-01-29T11:50:09","isFullCredit":false},{"lineNumber":473,"author":{"gitId":"Gogeta2792"},"content":"            this.to \u003d to;","lastModifiedDate":"2026-01-29T11:50:09","isFullCredit":false},{"lineNumber":474,"author":{"gitId":"Gogeta2792"},"content":"        }","lastModifiedDate":"2026-01-29T11:50:09","isFullCredit":false},{"lineNumber":475,"author":{"gitId":"Gogeta2792"},"content":"","lastModifiedDate":"2026-01-29T11:50:09","isFullCredit":false},{"lineNumber":476,"author":{"gitId":"Gogeta2792"},"content":"        @Override","lastModifiedDate":"2026-01-29T11:50:09","isFullCredit":false},{"lineNumber":477,"author":{"gitId":"Gogeta2792"},"content":"        String getTypeIcon() {","lastModifiedDate":"2026-01-29T11:50:09","isFullCredit":false},{"lineNumber":478,"author":{"gitId":"Gogeta2792"},"content":"            return \"[E]\";","lastModifiedDate":"2026-01-29T11:50:09","isFullCredit":false},{"lineNumber":479,"author":{"gitId":"Gogeta2792"},"content":"        }","lastModifiedDate":"2026-01-29T11:50:09","isFullCredit":false},{"lineNumber":480,"author":{"gitId":"Gogeta2792"},"content":"","lastModifiedDate":"2026-01-29T11:50:09","isFullCredit":false},{"lineNumber":481,"author":{"gitId":"Gogeta2792"},"content":"        @Override","lastModifiedDate":"2026-01-29T11:50:09","isFullCredit":false},{"lineNumber":482,"author":{"gitId":"Gogeta2792"},"content":"        String getDisplayString() {","lastModifiedDate":"2026-01-29T11:50:09","isFullCredit":false},{"lineNumber":483,"author":{"gitId":"Gogeta2792"},"content":"            return getDescription() + \" (from: \" + from + \" to: \" + to + \")\";","lastModifiedDate":"2026-01-29T11:50:09","isFullCredit":false},{"lineNumber":484,"author":{"gitId":"Gogeta2792"},"content":"        }","lastModifiedDate":"2026-01-29T11:50:09","isFullCredit":false},{"lineNumber":485,"author":{"gitId":"Gogeta2792"},"content":"    }","lastModifiedDate":"2026-01-29T11:50:09","isFullCredit":false},{"lineNumber":486,"author":{"gitId":"Gogeta2792"},"content":"}","lastModifiedDate":"2026-01-28T15:59:30","isFullCredit":false}],"authorContributionMap":{"Gogeta2792":486}},{"path":"text-ui-test/HowToTest.md","fileType":"md","lines":[{"lineNumber":1,"author":{"gitId":"Gogeta2792"},"content":"# Text UI testing for Spot","lastModifiedDate":"2026-01-29T12:46:00","isFullCredit":false},{"lineNumber":2,"author":{"gitId":"Gogeta2792"},"content":"","lastModifiedDate":"2026-01-29T12:46:00","isFullCredit":false},{"lineNumber":3,"author":{"gitId":"Gogeta2792"},"content":"This folder uses input/output redirection to semi-automate testing of the Spot text UI. ","lastModifiedDate":"2026-01-29T13:10:28","isFullCredit":false},{"lineNumber":4,"author":{"gitId":"Gogeta2792"},"content":"As per [Automating the testing of text UIs](https://se-education.org/guides/tutorials/textUiTesting.html).","lastModifiedDate":"2026-01-29T13:10:28","isFullCredit":false},{"lineNumber":5,"author":{"gitId":"Gogeta2792"},"content":"","lastModifiedDate":"2026-01-29T12:46:00","isFullCredit":false},{"lineNumber":6,"author":{"gitId":"Gogeta2792"},"content":"## How to run tests","lastModifiedDate":"2026-01-29T12:46:00","isFullCredit":false},{"lineNumber":7,"author":{"gitId":"Gogeta2792"},"content":"","lastModifiedDate":"2026-01-29T12:46:00","isFullCredit":false},{"lineNumber":8,"author":{"gitId":"Gogeta2792"},"content":"- **Windows**: From this folder in Command Prompt, run `runtest.bat`","lastModifiedDate":"2026-01-29T12:46:00","isFullCredit":false},{"lineNumber":9,"author":{"gitId":"Gogeta2792"},"content":"- **Linux/macOS**: From this folder, run `./runtest.sh`","lastModifiedDate":"2026-01-29T12:46:00","isFullCredit":false},{"lineNumber":10,"author":{"gitId":"Gogeta2792"},"content":"","lastModifiedDate":"2026-01-29T12:46:00","isFullCredit":false},{"lineNumber":11,"author":{"gitId":"Gogeta2792"},"content":"## Updating tests when the program changes","lastModifiedDate":"2026-01-29T12:46:00","isFullCredit":false},{"lineNumber":12,"author":{"gitId":"Gogeta2792"},"content":"","lastModifiedDate":"2026-01-29T12:46:00","isFullCredit":false},{"lineNumber":13,"author":{"gitId":"Gogeta2792"},"content":"1. Run the test; it will fail if behavior changed.","lastModifiedDate":"2026-01-29T12:46:00","isFullCredit":false},{"lineNumber":14,"author":{"gitId":"Gogeta2792"},"content":"2. Compare `ACTUAL.TXT` with `EXPECTED.TXT` (e.g. diff tool) and confirm the new behavior is correct.","lastModifiedDate":"2026-01-29T12:46:00","isFullCredit":false},{"lineNumber":15,"author":{"gitId":"Gogeta2792"},"content":"3. Copy `ACTUAL.TXT` to `EXPECTED.TXT` to accept the new expected output.","lastModifiedDate":"2026-01-29T12:46:00","isFullCredit":false},{"lineNumber":16,"author":{"gitId":"Gogeta2792"},"content":"4. Re-run the test to confirm it passes.","lastModifiedDate":"2026-01-29T12:46:00","isFullCredit":false},{"lineNumber":17,"author":{"gitId":"Gogeta2792"},"content":"","lastModifiedDate":"2026-01-29T12:46:00","isFullCredit":false},{"lineNumber":18,"author":{"gitId":"Gogeta2792"},"content":"## What is tested","lastModifiedDate":"2026-01-29T12:46:00","isFullCredit":false},{"lineNumber":19,"author":{"gitId":"Gogeta2792"},"content":"","lastModifiedDate":"2026-01-29T12:46:00","isFullCredit":false},{"lineNumber":20,"author":{"gitId":"Gogeta2792"},"content":"- **list**: Empty list and list with tasks","lastModifiedDate":"2026-01-29T12:46:00","isFullCredit":false},{"lineNumber":21,"author":{"gitId":"Gogeta2792"},"content":"- **help**: Help command shows list of functions","lastModifiedDate":"2026-01-29T13:10:28","isFullCredit":false},{"lineNumber":22,"author":{"gitId":"Gogeta2792"},"content":"- **todo**, **deadline**, **event**: Adding tasks and confirmation messages","lastModifiedDate":"2026-01-29T12:46:00","isFullCredit":false},{"lineNumber":23,"author":{"gitId":"Gogeta2792"},"content":"- **mark** / **unmark**: Marking tasks done and undone","lastModifiedDate":"2026-01-29T12:46:00","isFullCredit":false},{"lineNumber":24,"author":{"gitId":"Gogeta2792"},"content":"- **bye**: Farewell message","lastModifiedDate":"2026-01-29T12:46:00","isFullCredit":false},{"lineNumber":25,"author":{"gitId":"Gogeta2792"},"content":"- **Error cases**: Unknown command (prompts to type `help`), `mark` without number, empty `todo`, invalid `deadline` (missing `/by`)","lastModifiedDate":"2026-01-29T13:10:28","isFullCredit":false},{"lineNumber":26,"author":{"gitId":"Gogeta2792"},"content":"","lastModifiedDate":"2026-01-29T12:46:00","isFullCredit":false},{"lineNumber":27,"author":{"gitId":"Gogeta2792"},"content":"When new features are added, extend `input.txt` with more commands and refresh `EXPECTED.TXT` from the new `ACTUAL.TXT` so the tests stay up to date.","lastModifiedDate":"2026-01-29T13:10:28","isFullCredit":false}],"authorContributionMap":{"Gogeta2792":27}},{"path":"text-ui-test/README.md","fileType":"md","lines":[{"lineNumber":1,"author":{"gitId":"Gogeta2792"},"content":"# Text UI testing for Spot","lastModifiedDate":"2026-01-29T13:10:28","isFullCredit":false},{"lineNumber":2,"author":{"gitId":"Gogeta2792"},"content":"","lastModifiedDate":"2026-01-29T13:10:28","isFullCredit":false},{"lineNumber":3,"author":{"gitId":"Gogeta2792"},"content":"This folder uses input/output redirection to semi-automate testing of the Spot text UI. ","lastModifiedDate":"2026-01-29T13:10:28","isFullCredit":false},{"lineNumber":4,"author":{"gitId":"Gogeta2792"},"content":"As per [Automating the testing of text UIs](https://se-education.org/guides/tutorials/textUiTesting.html).","lastModifiedDate":"2026-01-29T13:10:28","isFullCredit":false},{"lineNumber":5,"author":{"gitId":"Gogeta2792"},"content":"","lastModifiedDate":"2026-01-29T13:10:28","isFullCredit":false},{"lineNumber":6,"author":{"gitId":"Gogeta2792"},"content":"## How to run tests","lastModifiedDate":"2026-01-29T13:10:28","isFullCredit":false},{"lineNumber":7,"author":{"gitId":"Gogeta2792"},"content":"","lastModifiedDate":"2026-01-29T13:10:28","isFullCredit":false},{"lineNumber":8,"author":{"gitId":"Gogeta2792"},"content":"- **Windows**: From this folder in Command Prompt, run `runtest.bat`","lastModifiedDate":"2026-01-29T13:10:28","isFullCredit":false},{"lineNumber":9,"author":{"gitId":"Gogeta2792"},"content":"- **Linux/macOS**: From this folder, run `./runtest.sh`","lastModifiedDate":"2026-01-29T13:10:28","isFullCredit":false},{"lineNumber":10,"author":{"gitId":"Gogeta2792"},"content":"","lastModifiedDate":"2026-01-29T13:10:28","isFullCredit":false},{"lineNumber":11,"author":{"gitId":"Gogeta2792"},"content":"## Updating tests when the program changes","lastModifiedDate":"2026-01-29T13:10:28","isFullCredit":false},{"lineNumber":12,"author":{"gitId":"Gogeta2792"},"content":"","lastModifiedDate":"2026-01-29T13:10:28","isFullCredit":false},{"lineNumber":13,"author":{"gitId":"Gogeta2792"},"content":"1. Run the test; it will fail if behavior changed.","lastModifiedDate":"2026-01-29T13:10:28","isFullCredit":false},{"lineNumber":14,"author":{"gitId":"Gogeta2792"},"content":"2. Compare `ACTUAL.TXT` with `EXPECTED.TXT` (e.g. diff tool) and confirm the new behavior is correct.","lastModifiedDate":"2026-01-29T13:10:28","isFullCredit":false},{"lineNumber":15,"author":{"gitId":"Gogeta2792"},"content":"3. Copy `ACTUAL.TXT` to `EXPECTED.TXT` to accept the new expected output.","lastModifiedDate":"2026-01-29T13:10:28","isFullCredit":false},{"lineNumber":16,"author":{"gitId":"Gogeta2792"},"content":"4. Re-run the test to confirm it passes.","lastModifiedDate":"2026-01-29T13:10:28","isFullCredit":false},{"lineNumber":17,"author":{"gitId":"Gogeta2792"},"content":"","lastModifiedDate":"2026-01-29T13:10:28","isFullCredit":false},{"lineNumber":18,"author":{"gitId":"Gogeta2792"},"content":"## What is tested","lastModifiedDate":"2026-01-29T13:10:28","isFullCredit":false},{"lineNumber":19,"author":{"gitId":"Gogeta2792"},"content":"","lastModifiedDate":"2026-01-29T13:10:28","isFullCredit":false},{"lineNumber":20,"author":{"gitId":"Gogeta2792"},"content":"- list: Empty list and list with tasks","lastModifiedDate":"2026-01-29T13:53:11","isFullCredit":false},{"lineNumber":21,"author":{"gitId":"Gogeta2792"},"content":"- help: Help command shows list of functions","lastModifiedDate":"2026-01-29T13:53:11","isFullCredit":false},{"lineNumber":22,"author":{"gitId":"Gogeta2792"},"content":"- todo, deadline, event: Adding tasks and confirmation messages","lastModifiedDate":"2026-01-29T13:53:11","isFullCredit":false},{"lineNumber":23,"author":{"gitId":"Gogeta2792"},"content":"- mark / unmark: Marking tasks done and undone","lastModifiedDate":"2026-01-29T13:53:11","isFullCredit":false},{"lineNumber":24,"author":{"gitId":"Gogeta2792"},"content":"- delete: Removing a task from the list (and error cases: no number, invalid index)","lastModifiedDate":"2026-01-29T13:53:11","isFullCredit":false},{"lineNumber":25,"author":{"gitId":"Gogeta2792"},"content":"- bye: Farewell message","lastModifiedDate":"2026-01-29T13:53:11","isFullCredit":false},{"lineNumber":26,"author":{"gitId":"Gogeta2792"},"content":"- Error cases: Unknown command (prompts to type `help`), mark/delete without number, empty todo, invalid deadline (missing /by), delete with non-existent task number","lastModifiedDate":"2026-01-29T13:53:11","isFullCredit":false},{"lineNumber":27,"author":{"gitId":"Gogeta2792"},"content":"","lastModifiedDate":"2026-01-29T13:10:28","isFullCredit":false},{"lineNumber":28,"author":{"gitId":"Gogeta2792"},"content":"When you add new features, extend `input.txt` with more commands and refresh `EXPECTED.TXT` from the new `ACTUAL.TXT` so the tests stay up to date.","lastModifiedDate":"2026-01-29T13:10:28","isFullCredit":false}],"authorContributionMap":{"Gogeta2792":28}},{"path":"text-ui-test/input.txt","fileType":"txt","lines":[{"lineNumber":1,"author":{"gitId":"Gogeta2792"},"content":"list","lastModifiedDate":"2026-01-29T12:46:00","isFullCredit":false},{"lineNumber":2,"author":{"gitId":"Gogeta2792"},"content":"blah","lastModifiedDate":"2026-01-29T13:10:28","isFullCredit":false},{"lineNumber":3,"author":{"gitId":"Gogeta2792"},"content":"help","lastModifiedDate":"2026-01-29T13:10:28","isFullCredit":false},{"lineNumber":4,"author":{"gitId":"Gogeta2792"},"content":"mark","lastModifiedDate":"2026-01-29T12:46:00","isFullCredit":false},{"lineNumber":5,"author":{"gitId":"Gogeta2792"},"content":"todo","lastModifiedDate":"2026-01-29T12:46:00","isFullCredit":false},{"lineNumber":6,"author":{"gitId":"Gogeta2792"},"content":"deadline submit report","lastModifiedDate":"2026-01-29T12:46:00","isFullCredit":false},{"lineNumber":7,"author":{"gitId":"Gogeta2792"},"content":"todo read book","lastModifiedDate":"2026-01-29T12:46:00","isFullCredit":false},{"lineNumber":8,"author":{"gitId":"Gogeta2792"},"content":"deadline return book /by 2025-02-01","lastModifiedDate":"2026-01-29T12:46:00","isFullCredit":false},{"lineNumber":9,"author":{"gitId":"Gogeta2792"},"content":"event team meeting /from Mon 2pm /to 3pm","lastModifiedDate":"2026-01-29T12:46:00","isFullCredit":false},{"lineNumber":10,"author":{"gitId":"Gogeta2792"},"content":"list","lastModifiedDate":"2026-01-29T12:46:00","isFullCredit":false},{"lineNumber":11,"author":{"gitId":"Gogeta2792"},"content":"mark 1","lastModifiedDate":"2026-01-29T12:46:00","isFullCredit":false},{"lineNumber":12,"author":{"gitId":"Gogeta2792"},"content":"mark 2","lastModifiedDate":"2026-01-29T12:46:00","isFullCredit":false},{"lineNumber":13,"author":{"gitId":"Gogeta2792"},"content":"unmark 1","lastModifiedDate":"2026-01-29T12:46:00","isFullCredit":false},{"lineNumber":14,"author":{"gitId":"Gogeta2792"},"content":"list","lastModifiedDate":"2026-01-29T12:46:00","isFullCredit":false},{"lineNumber":15,"author":{"gitId":"Gogeta2792"},"content":"delete 2","lastModifiedDate":"2026-01-29T13:53:11","isFullCredit":false},{"lineNumber":16,"author":{"gitId":"Gogeta2792"},"content":"list","lastModifiedDate":"2026-01-29T13:53:11","isFullCredit":false},{"lineNumber":17,"author":{"gitId":"Gogeta2792"},"content":"delete","lastModifiedDate":"2026-01-29T13:53:11","isFullCredit":false},{"lineNumber":18,"author":{"gitId":"Gogeta2792"},"content":"delete 5","lastModifiedDate":"2026-01-29T13:53:11","isFullCredit":false},{"lineNumber":19,"author":{"gitId":"Gogeta2792"},"content":"bye","lastModifiedDate":"2026-01-29T12:46:00","isFullCredit":false}],"authorContributionMap":{"Gogeta2792":19}}]
