{"authorDailyContributionsMap":{"Gogeta2792":[{"date":"2026-01-28T00:00:00","commitResults":[{"hash":"7e4173d6797f0ca0c50d5c4ea4bae13a06e8aac1","isMergeCommit":false,"messageTitle":"Rename, Greet, Exit - Replace Duke with Spot","messageBody":"Rename the starter entry point to Spot and update the build/test setup to\nmatch the new chatbot name (Spot)\n\n- Add Spot main that prints the greeting/logo\n- Replaced mentions of Duke with Spot\n- Update text UI expected output and test runners to run Spot\n","tags":["Level-0"],"fileTypesAndContributionMap":{"java":{"insertions":17,"deletions":10}}},{"hash":"6ec529551267859687ed8192b753909c19d023e4","isMergeCommit":false,"messageTitle":"Echo - Echo user commands and exit if command is bye","messageBody":"Add an input loop to read commands from java.util.Scanner and echo each line back. Terminate the session when the user enters bye (case-insensitive), then print the farewell message. Also added right-aligned messages for Spot to mimic Chatbot aesthetics\n","tags":["Level-1"],"fileTypesAndContributionMap":{"java":{"insertions":26,"deletions":2}}},{"hash":"7347c9d57188adbe07e505fc9f34054bee62968e","isMergeCommit":false,"messageTitle":"Add, List - Store user entered tasks in memory","messageBody":"Store user entered tasks and display it on request via the list command.\n\nIgnore empty inputs.\n\nImproved readability with String alignFormat.\n","tags":["Level-2"],"fileTypesAndContributionMap":{"java":{"insertions":35,"deletions":8}}},{"hash":"365159aaa7da7671a7633124b8a35fe49805a15d","isMergeCommit":false,"messageTitle":"Mark as Done - Support marking tasks done / undone","messageBody":"Spot can now mark and unmark added tasks via mark/unmark commands, allowing users to track progress. Edge cases for mark/unmark handled.\n","tags":["Level-3"],"fileTypesAndContributionMap":{"java":{"insertions":53,"deletions":4}}}]},{"date":"2026-01-29T00:00:00","commitResults":[{"hash":"5231424f4e21a5b20189299b6f8852b78ddd9937","isMergeCommit":false,"messageTitle":"Spot: Refactor for readability and maintainability","messageBody":"Spot.java had all it\u0027s logic in main(). It started getting hard to understand and work with the code. Refactoring to help improve clarity and make future changes easier.\n","tags":["A-Enums"],"fileTypesAndContributionMap":{"java":{"insertions":223,"deletions":92}}},{"hash":"f40bf4bb200477ab8638a485e953db9b130ff9a5","isMergeCommit":false,"messageTitle":"ToDo, Event, Deadline - Added aforementioned task types","messageBody":"Spot supports only a single task type with a simple description. Users need to trackcertain types of tasks like  todos (no date), deadlines (due by a date/time), and events (start and end date/time)\n\nTasks have now been refactored into an abstract Task base with Todo, Deadline,and Event subclasses extending Task. Add-task response now also shows the task count. List and mark/unmark output use the type icon and fulldisplay string for each task\n","tags":["Level-4"],"fileTypesAndContributionMap":{"java":{"insertions":149,"deletions":13}}},{"hash":"c230a36cdf447b606753e76a84a678e99907eec5","isMergeCommit":false,"messageTitle":"A-TextUiTesting via IO redirection","messageBody":"Spot has no automated checks for its text UI. Manual testing is error prone and scales poorly as more commands are added.Added a text-ui-test setup using IO redirection so that Spot is run with input from a file and output is compared to an expected file. This follows the SE-EDU tutorial on automating text UI testing.\n","tags":["A-TextUiTesting"],"fileTypesAndContributionMap":{"txt":{"insertions":13,"deletions":0},"md":{"insertions":31,"deletions":0}}},{"hash":"f666a6f6ac8ac8b8344f104f94a3b19585730bcc","isMergeCommit":false,"messageTitle":"Handle Errors: Add error handling and help command","messageBody":"Spot handles invalid input and unknown commands, and users now have a way to discover available commands.Invalid input leads to unclear behavior or generic messages. A dedicated help command makes the UI easier to use.\n","tags":["Level-5"],"fileTypesAndContributionMap":{"txt":{"insertions":2,"deletions":0},"java":{"insertions":69,"deletions":9},"md":{"insertions":32,"deletions":9}}},{"hash":"2dc10c37b3ec5d227cc72a397550d40e3c6c6049","isMergeCommit":false,"messageTitle":"Delete: Add delete task command","messageBody":"Users can add, list, and mark/unmark tasks but cannot remove tasks from the list. Users can now remove tasks to keep the list manageable.\n","tags":["Level-6"],"fileTypesAndContributionMap":{"txt":{"insertions":4,"deletions":0},"java":{"insertions":42,"deletions":0},"md":{"insertions":7,"deletions":6}}}]}]},"authorFileTypeContributionMap":{"Gogeta2792":{"java":486,"md":55,"txt":19}},"authorContributionVariance":{"Gogeta2792":16902.045},"authorDisplayNameMap":{"Gogeta2792":"Gogeta2792"}}
