[{"path":"README.md","fileType":"md","lines":[{"lineNumber":1,"author":{"gitId":"Muzhou-exe"},"content":"# PRTS project template","lastModifiedDate":"2026-01-30T20:07:54","isFullCredit":false},{"lineNumber":2,"author":{"gitId":"-"},"content":"","lastModifiedDate":"2020-05-25T00:03:55","isFullCredit":false},{"lineNumber":3,"author":{"gitId":"-"},"content":"This is a project template for a greenfield Java project. It\u0027s named after the Java mascot _Duke_. Given below are instructions on how to use it.","lastModifiedDate":"2020-05-25T00:03:55","isFullCredit":false},{"lineNumber":4,"author":{"gitId":"-"},"content":"","lastModifiedDate":"2020-05-25T00:03:55","isFullCredit":false},{"lineNumber":5,"author":{"gitId":"-"},"content":"## Setting up in IntelliJ","lastModifiedDate":"2025-01-09T20:59:01","isFullCredit":false},{"lineNumber":6,"author":{"gitId":"-"},"content":"","lastModifiedDate":"2020-05-25T00:03:55","isFullCredit":false},{"lineNumber":7,"author":{"gitId":"-"},"content":"Prerequisites: JDK 21.","lastModifiedDate":"2025-01-09T21:11:29","isFullCredit":false},{"lineNumber":8,"author":{"gitId":"-"},"content":"","lastModifiedDate":"2020-05-25T00:03:55","isFullCredit":false},{"lineNumber":9,"author":{"gitId":"-"},"content":"1. Open IntelliJ (if you are not in the welcome screen, click `File` \u003e `Close Project` to close the existing project first)","lastModifiedDate":"2025-01-09T20:59:01","isFullCredit":false},{"lineNumber":10,"author":{"gitId":"-"},"content":"1. Open the project into IntelliJ as follows:","lastModifiedDate":"2025-01-09T20:59:01","isFullCredit":false},{"lineNumber":11,"author":{"gitId":"-"},"content":"   1. Click `Open`.","lastModifiedDate":"2021-01-17T12:25:53","isFullCredit":false},{"lineNumber":12,"author":{"gitId":"-"},"content":"   1. Select the project directory, and click `OK`.","lastModifiedDate":"2021-01-17T12:25:53","isFullCredit":false},{"lineNumber":13,"author":{"gitId":"-"},"content":"   1. If there are any further prompts, accept the defaults.","lastModifiedDate":"2020-05-25T00:03:55","isFullCredit":false},{"lineNumber":14,"author":{"gitId":"-"},"content":"1. Configure the project to use **JDK 21** (not other versions) as explained in [here](https://www.jetbrains.com/help/idea/sdk.html#set-up-jdk).\u003cbr\u003e","lastModifiedDate":"2025-01-09T20:49:06","isFullCredit":false},{"lineNumber":15,"author":{"gitId":"-"},"content":"   In the same dialog, set the **Project language level** field to the `SDK default` option.","lastModifiedDate":"2021-07-29T20:29:39","isFullCredit":false},{"lineNumber":16,"author":{"gitId":"Muzhou-exe"},"content":"1. After that, locate the `src/main/java/PRTS.java` file, right-click it, and choose `Run PRTS.main()` (if the code editor is showing compile errors, try restarting the IDE). If the setup is correct, you should see something like the below as the output:","lastModifiedDate":"2026-01-30T20:07:54","isFullCredit":false},{"lineNumber":17,"author":{"gitId":"-"},"content":"   ```","lastModifiedDate":"2020-05-25T00:03:55","isFullCredit":false},{"lineNumber":18,"author":{"gitId":"-"},"content":"   Hello from","lastModifiedDate":"2020-05-25T00:03:55","isFullCredit":false},{"lineNumber":19,"author":{"gitId":"-"},"content":"    ____        _        ","lastModifiedDate":"2020-05-25T00:03:55","isFullCredit":false},{"lineNumber":20,"author":{"gitId":"-"},"content":"   |  _ \\ _   _| | _____ ","lastModifiedDate":"2020-05-25T00:03:55","isFullCredit":false},{"lineNumber":21,"author":{"gitId":"-"},"content":"   | | | | | | | |/ / _ \\","lastModifiedDate":"2020-05-25T00:03:55","isFullCredit":false},{"lineNumber":22,"author":{"gitId":"-"},"content":"   | |_| | |_| |   \u003c  __/","lastModifiedDate":"2020-05-25T00:03:55","isFullCredit":false},{"lineNumber":23,"author":{"gitId":"-"},"content":"   |____/ \\__,_|_|\\_\\___|","lastModifiedDate":"2020-05-25T00:03:55","isFullCredit":false},{"lineNumber":24,"author":{"gitId":"-"},"content":"   ```","lastModifiedDate":"2020-05-25T00:03:55","isFullCredit":false},{"lineNumber":25,"author":{"gitId":"-"},"content":"","lastModifiedDate":"2025-01-04T21:44:28","isFullCredit":false},{"lineNumber":26,"author":{"gitId":"-"},"content":"**Warning:** Keep the `src\\main\\java` folder as the root folder for Java files (i.e., don\u0027t rename those folders or move Java files to another folder outside of this folder path), as this is the default location some tools (e.g., Gradle) expect to find Java files.","lastModifiedDate":"2025-01-04T21:44:28","isFullCredit":false},{"lineNumber":27,"author":{"gitId":"-"},"content":"","lastModifiedDate":"2025-01-09T21:09:47","isFullCredit":false},{"lineNumber":28,"author":{"gitId":"-"},"content":"## Running Tests","lastModifiedDate":"2025-01-09T21:09:47","isFullCredit":false},{"lineNumber":29,"author":{"gitId":"-"},"content":"","lastModifiedDate":"2025-01-09T21:09:47","isFullCredit":false},{"lineNumber":30,"author":{"gitId":"-"},"content":"The project comes with a set of test scripts for different operating systems:","lastModifiedDate":"2025-01-09T21:09:47","isFullCredit":false},{"lineNumber":31,"author":{"gitId":"-"},"content":"","lastModifiedDate":"2025-01-09T21:09:47","isFullCredit":false},{"lineNumber":32,"author":{"gitId":"-"},"content":"- **MacOS/Linux**: Run the shell script","lastModifiedDate":"2025-01-09T21:09:47","isFullCredit":false},{"lineNumber":33,"author":{"gitId":"-"},"content":"  ```bash","lastModifiedDate":"2025-01-09T21:09:47","isFullCredit":false},{"lineNumber":34,"author":{"gitId":"-"},"content":"  cd text-ui-test","lastModifiedDate":"2025-01-09T21:09:47","isFullCredit":false},{"lineNumber":35,"author":{"gitId":"-"},"content":"  ./runtest.sh","lastModifiedDate":"2025-01-09T21:09:47","isFullCredit":false},{"lineNumber":36,"author":{"gitId":"-"},"content":"  ```","lastModifiedDate":"2025-01-09T21:09:47","isFullCredit":false},{"lineNumber":37,"author":{"gitId":"-"},"content":"","lastModifiedDate":"2025-01-09T21:09:47","isFullCredit":false},{"lineNumber":38,"author":{"gitId":"-"},"content":"- **Windows**: Run the batch script","lastModifiedDate":"2025-01-09T21:09:47","isFullCredit":false},{"lineNumber":39,"author":{"gitId":"-"},"content":"  ```batch","lastModifiedDate":"2025-01-09T21:09:47","isFullCredit":false},{"lineNumber":40,"author":{"gitId":"-"},"content":"  cd text-ui-test","lastModifiedDate":"2025-01-09T21:09:47","isFullCredit":false},{"lineNumber":41,"author":{"gitId":"-"},"content":"  runtest.bat","lastModifiedDate":"2025-01-09T21:09:47","isFullCredit":false},{"lineNumber":42,"author":{"gitId":"-"},"content":"  ```","lastModifiedDate":"2025-01-09T21:09:47","isFullCredit":false},{"lineNumber":43,"author":{"gitId":"-"},"content":"","lastModifiedDate":"2025-01-09T21:09:47","isFullCredit":false},{"lineNumber":44,"author":{"gitId":"-"},"content":"These scripts will compile the source files, run the tests, and compare the output against the expected output.","lastModifiedDate":"2025-01-09T21:09:47","isFullCredit":false}],"authorContributionMap":{"Muzhou-exe":2,"-":42}},{"path":"docs/README.md","fileType":"md","lines":[{"lineNumber":1,"author":{"gitId":"Muzhou-exe"},"content":"# PRTS User Guide","lastModifiedDate":"2026-01-30T20:07:54","isFullCredit":false},{"lineNumber":2,"author":{"gitId":"-"},"content":"","lastModifiedDate":"2019-07-29T17:14:46","isFullCredit":false},{"lineNumber":3,"author":{"gitId":"-"},"content":"// Update the title above to match the actual product name","lastModifiedDate":"2024-01-07T18:33:52","isFullCredit":false},{"lineNumber":4,"author":{"gitId":"-"},"content":"","lastModifiedDate":"2019-07-29T17:14:46","isFullCredit":false},{"lineNumber":5,"author":{"gitId":"-"},"content":"// Product screenshot goes here","lastModifiedDate":"2024-01-07T18:33:52","isFullCredit":false},{"lineNumber":6,"author":{"gitId":"-"},"content":"","lastModifiedDate":"2021-07-17T16:49:07","isFullCredit":false},{"lineNumber":7,"author":{"gitId":"-"},"content":"// Product intro goes here","lastModifiedDate":"2024-01-07T18:33:52","isFullCredit":false},{"lineNumber":8,"author":{"gitId":"-"},"content":"","lastModifiedDate":"2021-07-17T16:49:07","isFullCredit":false},{"lineNumber":9,"author":{"gitId":"-"},"content":"## Adding deadlines","lastModifiedDate":"2024-01-07T18:33:52","isFullCredit":false},{"lineNumber":10,"author":{"gitId":"-"},"content":"","lastModifiedDate":"2021-07-17T16:49:07","isFullCredit":false},{"lineNumber":11,"author":{"gitId":"-"},"content":"// Describe the action and its outcome.","lastModifiedDate":"2024-01-07T18:33:52","isFullCredit":false},{"lineNumber":12,"author":{"gitId":"-"},"content":"","lastModifiedDate":"2019-07-29T17:14:46","isFullCredit":false},{"lineNumber":13,"author":{"gitId":"-"},"content":"// Give examples of usage","lastModifiedDate":"2024-01-07T18:33:52","isFullCredit":false},{"lineNumber":14,"author":{"gitId":"-"},"content":"","lastModifiedDate":"2019-07-29T17:14:46","isFullCredit":false},{"lineNumber":15,"author":{"gitId":"-"},"content":"Example: `keyword (optional arguments)`","lastModifiedDate":"2024-01-07T18:33:52","isFullCredit":false},{"lineNumber":16,"author":{"gitId":"-"},"content":"","lastModifiedDate":"2019-07-29T17:14:46","isFullCredit":false},{"lineNumber":17,"author":{"gitId":"-"},"content":"// A description of the expected outcome goes here","lastModifiedDate":"2024-01-07T18:33:52","isFullCredit":false},{"lineNumber":18,"author":{"gitId":"-"},"content":"","lastModifiedDate":"2019-07-29T17:14:46","isFullCredit":false},{"lineNumber":19,"author":{"gitId":"-"},"content":"```","lastModifiedDate":"2024-01-07T18:33:52","isFullCredit":false},{"lineNumber":20,"author":{"gitId":"-"},"content":"expected output","lastModifiedDate":"2024-01-07T18:33:52","isFullCredit":false},{"lineNumber":21,"author":{"gitId":"-"},"content":"```","lastModifiedDate":"2024-01-07T18:33:52","isFullCredit":false},{"lineNumber":22,"author":{"gitId":"-"},"content":"","lastModifiedDate":"2019-07-29T17:14:46","isFullCredit":false},{"lineNumber":23,"author":{"gitId":"-"},"content":"## Feature ABC","lastModifiedDate":"2024-01-07T18:33:52","isFullCredit":false},{"lineNumber":24,"author":{"gitId":"-"},"content":"","lastModifiedDate":"2019-07-29T17:14:46","isFullCredit":false},{"lineNumber":25,"author":{"gitId":"-"},"content":"// Feature details","lastModifiedDate":"2024-01-07T18:33:52","isFullCredit":false},{"lineNumber":26,"author":{"gitId":"-"},"content":"","lastModifiedDate":"2019-07-29T17:14:46","isFullCredit":false},{"lineNumber":27,"author":{"gitId":"-"},"content":"","lastModifiedDate":"2021-07-17T16:49:07","isFullCredit":false},{"lineNumber":28,"author":{"gitId":"-"},"content":"## Feature XYZ","lastModifiedDate":"2024-01-07T18:33:52","isFullCredit":false},{"lineNumber":29,"author":{"gitId":"-"},"content":"","lastModifiedDate":"2024-01-07T18:33:52","isFullCredit":false},{"lineNumber":30,"author":{"gitId":"-"},"content":"// Feature details","lastModifiedDate":"2024-01-07T18:33:52","isFullCredit":false}],"authorContributionMap":{"Muzhou-exe":1,"-":29}},{"path":"src/main/java/PRTS.java","fileType":"java","lines":[{"lineNumber":1,"author":{"gitId":"Muzhou-exe"},"content":"import java.util.Scanner;","lastModifiedDate":"2026-01-30T20:14:24","isFullCredit":false},{"lineNumber":2,"author":{"gitId":"Muzhou-exe"},"content":"","lastModifiedDate":"2026-01-30T20:14:24","isFullCredit":false},{"lineNumber":3,"author":{"gitId":"Muzhou-exe"},"content":"public class PRTS {","lastModifiedDate":"2026-01-30T20:07:54","isFullCredit":false},{"lineNumber":4,"author":{"gitId":"Muzhou-exe"},"content":"","lastModifiedDate":"2026-01-30T20:07:54","isFullCredit":false},{"lineNumber":5,"author":{"gitId":"Muzhou-exe"},"content":"    private static final String LOGO \u003d \"\"\"","lastModifiedDate":"2026-01-30T20:07:54","isFullCredit":false},{"lineNumber":6,"author":{"gitId":"Muzhou-exe"},"content":"                      _____                    _____                _____                    _____","lastModifiedDate":"2026-01-30T22:36:42","isFullCredit":false},{"lineNumber":7,"author":{"gitId":"Muzhou-exe"},"content":"                     /\\\\    \\\\                  /\\\\    \\\\              /\\\\    \\\\                  /\\\\    \\\\","lastModifiedDate":"2026-01-30T22:36:42","isFullCredit":false},{"lineNumber":8,"author":{"gitId":"Muzhou-exe"},"content":"                    /::\\\\    \\\\                /::\\\\    \\\\            /::\\\\    \\\\                /::\\\\    \\\\","lastModifiedDate":"2026-01-30T22:36:42","isFullCredit":false},{"lineNumber":9,"author":{"gitId":"Muzhou-exe"},"content":"                   /::::\\\\    \\\\              /::::\\\\    \\\\           \\\\:::\\\\    \\\\              /::::\\\\    \\\\","lastModifiedDate":"2026-01-30T22:36:42","isFullCredit":false},{"lineNumber":10,"author":{"gitId":"Muzhou-exe"},"content":"                  /::::::\\\\    \\\\            /::::::\\\\    \\\\           \\\\:::\\\\    \\\\            /::::::\\\\    \\\\","lastModifiedDate":"2026-01-30T22:36:42","isFullCredit":false},{"lineNumber":11,"author":{"gitId":"Muzhou-exe"},"content":"                 /:::/\\\\:::\\\\    \\\\          /:::/\\\\:::\\\\    \\\\           \\\\:::\\\\    \\\\          /:::/\\\\:::\\\\    \\\\","lastModifiedDate":"2026-01-30T22:36:42","isFullCredit":false},{"lineNumber":12,"author":{"gitId":"Muzhou-exe"},"content":"                /:::/__\\\\:::\\\\    \\\\        /:::/__\\\\:::\\\\    \\\\           \\\\:::\\\\    \\\\        /:::/__\\\\:::\\\\    \\\\","lastModifiedDate":"2026-01-30T22:36:42","isFullCredit":false},{"lineNumber":13,"author":{"gitId":"Muzhou-exe"},"content":"               /::::\\\\   \\\\:::\\\\    \\\\      /::::\\\\   \\\\:::\\\\    \\\\          /::::\\\\    \\\\       \\\\:::\\\\   \\\\:::\\\\    \\\\","lastModifiedDate":"2026-01-30T22:36:42","isFullCredit":false},{"lineNumber":14,"author":{"gitId":"Muzhou-exe"},"content":"              /::::::\\\\   \\\\:::\\\\    \\\\    /::::::\\\\   \\\\:::\\\\    \\\\        /::::::\\\\    \\\\    ___\\\\:::\\\\   \\\\:::\\\\    \\\\","lastModifiedDate":"2026-01-30T22:36:42","isFullCredit":false},{"lineNumber":15,"author":{"gitId":"Muzhou-exe"},"content":"             /:::/\\\\:::\\\\   \\\\:::\\\\____\\\\  /:::/\\\\:::\\\\   \\\\:::\\\\____\\\\      /:::/\\\\:::\\\\    \\\\  /\\\\   \\\\:::\\\\   \\\\:::\\\\    \\\\","lastModifiedDate":"2026-01-30T22:36:42","isFullCredit":false},{"lineNumber":16,"author":{"gitId":"Muzhou-exe"},"content":"            /:::/  \\\\:::\\\\   \\\\:::|    |/:::/  \\\\:::\\\\   \\\\:::|    |    /:::/  \\\\:::\\\\____\\\\/::\\\\   \\\\:::\\\\   \\\\:::\\\\____\\\\","lastModifiedDate":"2026-01-30T20:07:54","isFullCredit":false},{"lineNumber":17,"author":{"gitId":"Muzhou-exe"},"content":"            \\\\::/    \\\\:::\\\\  /:::|____|\\\\::/   |::::\\\\  /:::|____|   /:::/    \\\\::/    /\\\\:::\\\\   \\\\:::\\\\   \\\\::/    /","lastModifiedDate":"2026-01-30T20:07:54","isFullCredit":false},{"lineNumber":18,"author":{"gitId":"Muzhou-exe"},"content":"             \\\\/_____/\\\\:::\\\\/:::/    /  \\\\/____|:::::\\\\/:::/    /   /:::/    / \\\\/____/  \\\\:::\\\\   \\\\:::\\\\   \\\\/____/","lastModifiedDate":"2026-01-30T22:36:42","isFullCredit":false},{"lineNumber":19,"author":{"gitId":"Muzhou-exe"},"content":"                      \\\\::::::/    /         |:::::::::/    /   /:::/    /            \\\\:::\\\\   \\\\:::\\\\    \\\\","lastModifiedDate":"2026-01-30T22:36:42","isFullCredit":false},{"lineNumber":20,"author":{"gitId":"Muzhou-exe"},"content":"                       \\\\::::/    /          |::|\\\\::::/    /   /:::/    /              \\\\:::\\\\   \\\\:::\\\\____\\\\","lastModifiedDate":"2026-01-30T22:36:42","isFullCredit":false},{"lineNumber":21,"author":{"gitId":"Muzhou-exe"},"content":"                        \\\\::/____/           |::| \\\\::/____/    \\\\::/    /                \\\\:::\\\\  /:::/    /","lastModifiedDate":"2026-01-30T22:36:42","isFullCredit":false},{"lineNumber":22,"author":{"gitId":"Muzhou-exe"},"content":"                         ~~                 |::|  ~|           \\\\/____/                  \\\\:::\\\\/:::/    /","lastModifiedDate":"2026-01-30T22:36:42","isFullCredit":false},{"lineNumber":23,"author":{"gitId":"Muzhou-exe"},"content":"                                            |::|   |                                     \\\\::::::/    /","lastModifiedDate":"2026-01-30T22:36:42","isFullCredit":false},{"lineNumber":24,"author":{"gitId":"Muzhou-exe"},"content":"                                            \\\\::|   |                                      \\\\::::/    /","lastModifiedDate":"2026-01-30T22:36:42","isFullCredit":false},{"lineNumber":25,"author":{"gitId":"Muzhou-exe"},"content":"                                             \\\\:|   |                                       \\\\::/    /","lastModifiedDate":"2026-01-30T22:36:42","isFullCredit":false},{"lineNumber":26,"author":{"gitId":"Muzhou-exe"},"content":"                                              \\\\|___|                                        \\\\/____/","lastModifiedDate":"2026-01-30T22:36:42","isFullCredit":false},{"lineNumber":27,"author":{"gitId":"Muzhou-exe"},"content":"\"\"\";","lastModifiedDate":"2026-01-30T20:07:54","isFullCredit":false},{"lineNumber":28,"author":{"gitId":"Muzhou-exe"},"content":"","lastModifiedDate":"2026-01-30T20:07:54","isFullCredit":false},{"lineNumber":29,"author":{"gitId":"Muzhou-exe"},"content":"    private static final int MAX_TASKS \u003d 100;","lastModifiedDate":"2026-01-30T23:59:33","isFullCredit":false},{"lineNumber":30,"author":{"gitId":"Muzhou-exe"},"content":"","lastModifiedDate":"2026-01-30T23:59:33","isFullCredit":false},{"lineNumber":31,"author":{"gitId":"Muzhou-exe"},"content":"    // \u003d\u003d\u003d\u003d\u003d\u003d\u003d\u003d\u003d\u003d\u003d\u003d\u003d\u003d\u003d\u003d\u003d\u003d\u003d\u003d\u003d Task classes \u003d\u003d\u003d\u003d\u003d\u003d\u003d\u003d\u003d\u003d\u003d\u003d\u003d\u003d\u003d\u003d\u003d\u003d\u003d\u003d\u003d","lastModifiedDate":"2026-01-30T23:31:31","isFullCredit":false},{"lineNumber":32,"author":{"gitId":"Muzhou-exe"},"content":"","lastModifiedDate":"2026-01-30T22:17:13","isFullCredit":false},{"lineNumber":33,"author":{"gitId":"Muzhou-exe"},"content":"    private static class Task {","lastModifiedDate":"2026-01-30T21:31:42","isFullCredit":false},{"lineNumber":34,"author":{"gitId":"Muzhou-exe"},"content":"        protected final String description;","lastModifiedDate":"2026-01-30T22:17:13","isFullCredit":false},{"lineNumber":35,"author":{"gitId":"Muzhou-exe"},"content":"        private boolean isDone;","lastModifiedDate":"2026-01-30T21:31:42","isFullCredit":false},{"lineNumber":36,"author":{"gitId":"Muzhou-exe"},"content":"","lastModifiedDate":"2026-01-30T21:31:42","isFullCredit":false},{"lineNumber":37,"author":{"gitId":"Muzhou-exe"},"content":"        Task(String description) {","lastModifiedDate":"2026-01-30T21:31:42","isFullCredit":false},{"lineNumber":38,"author":{"gitId":"Muzhou-exe"},"content":"            this.description \u003d description;","lastModifiedDate":"2026-01-30T21:31:42","isFullCredit":false},{"lineNumber":39,"author":{"gitId":"Muzhou-exe"},"content":"        }","lastModifiedDate":"2026-01-30T21:31:42","isFullCredit":false},{"lineNumber":40,"author":{"gitId":"Muzhou-exe"},"content":"","lastModifiedDate":"2026-01-30T21:31:42","isFullCredit":false},{"lineNumber":41,"author":{"gitId":"Muzhou-exe"},"content":"        void markDone() {","lastModifiedDate":"2026-01-30T21:31:42","isFullCredit":false},{"lineNumber":42,"author":{"gitId":"Muzhou-exe"},"content":"            isDone \u003d true;","lastModifiedDate":"2026-01-30T21:31:42","isFullCredit":false},{"lineNumber":43,"author":{"gitId":"Muzhou-exe"},"content":"        }","lastModifiedDate":"2026-01-30T21:31:42","isFullCredit":false},{"lineNumber":44,"author":{"gitId":"Muzhou-exe"},"content":"","lastModifiedDate":"2026-01-30T21:31:42","isFullCredit":false},{"lineNumber":45,"author":{"gitId":"Muzhou-exe"},"content":"        void unmarkDone() {","lastModifiedDate":"2026-01-30T21:31:42","isFullCredit":false},{"lineNumber":46,"author":{"gitId":"Muzhou-exe"},"content":"            isDone \u003d false;","lastModifiedDate":"2026-01-30T21:31:42","isFullCredit":false},{"lineNumber":47,"author":{"gitId":"Muzhou-exe"},"content":"        }","lastModifiedDate":"2026-01-30T21:31:42","isFullCredit":false},{"lineNumber":48,"author":{"gitId":"Muzhou-exe"},"content":"","lastModifiedDate":"2026-01-30T21:31:42","isFullCredit":false},{"lineNumber":49,"author":{"gitId":"Muzhou-exe"},"content":"        protected String statusIcon() {","lastModifiedDate":"2026-01-30T22:17:13","isFullCredit":false},{"lineNumber":50,"author":{"gitId":"Muzhou-exe"},"content":"            return \"[\" + (isDone ? \"X\" : \" \") + \"]\";","lastModifiedDate":"2026-01-30T22:17:13","isFullCredit":false},{"lineNumber":51,"author":{"gitId":"Muzhou-exe"},"content":"        }","lastModifiedDate":"2026-01-30T22:17:13","isFullCredit":false},{"lineNumber":52,"author":{"gitId":"Muzhou-exe"},"content":"","lastModifiedDate":"2026-01-30T22:17:13","isFullCredit":false},{"lineNumber":53,"author":{"gitId":"Muzhou-exe"},"content":"        @Override","lastModifiedDate":"2026-01-30T22:17:13","isFullCredit":false},{"lineNumber":54,"author":{"gitId":"Muzhou-exe"},"content":"        public String toString() {","lastModifiedDate":"2026-01-30T22:17:13","isFullCredit":false},{"lineNumber":55,"author":{"gitId":"Muzhou-exe"},"content":"            return statusIcon() + \" \" + description;","lastModifiedDate":"2026-01-30T22:17:13","isFullCredit":false},{"lineNumber":56,"author":{"gitId":"Muzhou-exe"},"content":"        }","lastModifiedDate":"2026-01-30T22:17:13","isFullCredit":false},{"lineNumber":57,"author":{"gitId":"Muzhou-exe"},"content":"    }","lastModifiedDate":"2026-01-30T22:17:13","isFullCredit":false},{"lineNumber":58,"author":{"gitId":"Muzhou-exe"},"content":"","lastModifiedDate":"2026-01-30T22:17:13","isFullCredit":false},{"lineNumber":59,"author":{"gitId":"Muzhou-exe"},"content":"    private static class Todo extends Task {","lastModifiedDate":"2026-01-30T22:17:13","isFullCredit":false},{"lineNumber":60,"author":{"gitId":"Muzhou-exe"},"content":"        Todo(String description) {","lastModifiedDate":"2026-01-30T22:17:13","isFullCredit":false},{"lineNumber":61,"author":{"gitId":"Muzhou-exe"},"content":"            super(description);","lastModifiedDate":"2026-01-30T22:17:13","isFullCredit":false},{"lineNumber":62,"author":{"gitId":"Muzhou-exe"},"content":"        }","lastModifiedDate":"2026-01-30T22:17:13","isFullCredit":false},{"lineNumber":63,"author":{"gitId":"Muzhou-exe"},"content":"","lastModifiedDate":"2026-01-30T22:17:13","isFullCredit":false},{"lineNumber":64,"author":{"gitId":"Muzhou-exe"},"content":"        @Override","lastModifiedDate":"2026-01-30T22:17:13","isFullCredit":false},{"lineNumber":65,"author":{"gitId":"Muzhou-exe"},"content":"        public String toString() {","lastModifiedDate":"2026-01-30T22:17:13","isFullCredit":false},{"lineNumber":66,"author":{"gitId":"Muzhou-exe"},"content":"            return \"[T]\" + super.toString();","lastModifiedDate":"2026-01-30T22:17:13","isFullCredit":false},{"lineNumber":67,"author":{"gitId":"Muzhou-exe"},"content":"        }","lastModifiedDate":"2026-01-30T22:17:13","isFullCredit":false},{"lineNumber":68,"author":{"gitId":"Muzhou-exe"},"content":"    }","lastModifiedDate":"2026-01-30T22:17:13","isFullCredit":false},{"lineNumber":69,"author":{"gitId":"Muzhou-exe"},"content":"","lastModifiedDate":"2026-01-30T22:17:13","isFullCredit":false},{"lineNumber":70,"author":{"gitId":"Muzhou-exe"},"content":"    private static class Deadline extends Task {","lastModifiedDate":"2026-01-30T22:17:13","isFullCredit":false},{"lineNumber":71,"author":{"gitId":"Muzhou-exe"},"content":"        private final String by;","lastModifiedDate":"2026-01-30T22:17:13","isFullCredit":false},{"lineNumber":72,"author":{"gitId":"Muzhou-exe"},"content":"","lastModifiedDate":"2026-01-30T22:17:13","isFullCredit":false},{"lineNumber":73,"author":{"gitId":"Muzhou-exe"},"content":"        Deadline(String description, String by) {","lastModifiedDate":"2026-01-30T22:17:13","isFullCredit":false},{"lineNumber":74,"author":{"gitId":"Muzhou-exe"},"content":"            super(description);","lastModifiedDate":"2026-01-30T22:17:13","isFullCredit":false},{"lineNumber":75,"author":{"gitId":"Muzhou-exe"},"content":"            this.by \u003d by;","lastModifiedDate":"2026-01-30T22:17:13","isFullCredit":false},{"lineNumber":76,"author":{"gitId":"Muzhou-exe"},"content":"        }","lastModifiedDate":"2026-01-30T22:17:13","isFullCredit":false},{"lineNumber":77,"author":{"gitId":"Muzhou-exe"},"content":"","lastModifiedDate":"2026-01-30T22:17:13","isFullCredit":false},{"lineNumber":78,"author":{"gitId":"Muzhou-exe"},"content":"        @Override","lastModifiedDate":"2026-01-30T21:31:42","isFullCredit":false},{"lineNumber":79,"author":{"gitId":"Muzhou-exe"},"content":"        public String toString() {","lastModifiedDate":"2026-01-30T21:31:42","isFullCredit":false},{"lineNumber":80,"author":{"gitId":"Muzhou-exe"},"content":"            return \"[D]\" + super.toString() + \" (by: \" + by + \")\";","lastModifiedDate":"2026-01-30T22:17:13","isFullCredit":false},{"lineNumber":81,"author":{"gitId":"Muzhou-exe"},"content":"        }","lastModifiedDate":"2026-01-30T22:17:13","isFullCredit":false},{"lineNumber":82,"author":{"gitId":"Muzhou-exe"},"content":"    }","lastModifiedDate":"2026-01-30T21:31:42","isFullCredit":false},{"lineNumber":83,"author":{"gitId":"Muzhou-exe"},"content":"","lastModifiedDate":"2026-01-30T22:17:13","isFullCredit":false},{"lineNumber":84,"author":{"gitId":"Muzhou-exe"},"content":"    private static class Event extends Task {","lastModifiedDate":"2026-01-30T22:17:13","isFullCredit":false},{"lineNumber":85,"author":{"gitId":"Muzhou-exe"},"content":"        private final String from;","lastModifiedDate":"2026-01-30T22:17:13","isFullCredit":false},{"lineNumber":86,"author":{"gitId":"Muzhou-exe"},"content":"        private final String to;","lastModifiedDate":"2026-01-30T22:17:13","isFullCredit":false},{"lineNumber":87,"author":{"gitId":"Muzhou-exe"},"content":"","lastModifiedDate":"2026-01-30T22:17:13","isFullCredit":false},{"lineNumber":88,"author":{"gitId":"Muzhou-exe"},"content":"        Event(String description, String from, String to) {","lastModifiedDate":"2026-01-30T22:17:13","isFullCredit":false},{"lineNumber":89,"author":{"gitId":"Muzhou-exe"},"content":"            super(description);","lastModifiedDate":"2026-01-30T22:17:13","isFullCredit":false},{"lineNumber":90,"author":{"gitId":"Muzhou-exe"},"content":"            this.from \u003d from;","lastModifiedDate":"2026-01-30T22:17:13","isFullCredit":false},{"lineNumber":91,"author":{"gitId":"Muzhou-exe"},"content":"            this.to \u003d to;","lastModifiedDate":"2026-01-30T22:17:13","isFullCredit":false},{"lineNumber":92,"author":{"gitId":"Muzhou-exe"},"content":"        }","lastModifiedDate":"2026-01-30T21:31:42","isFullCredit":false},{"lineNumber":93,"author":{"gitId":"Muzhou-exe"},"content":"","lastModifiedDate":"2026-01-30T21:31:42","isFullCredit":false},{"lineNumber":94,"author":{"gitId":"Muzhou-exe"},"content":"        @Override","lastModifiedDate":"2026-01-30T22:17:13","isFullCredit":false},{"lineNumber":95,"author":{"gitId":"Muzhou-exe"},"content":"        public String toString() {","lastModifiedDate":"2026-01-30T22:17:13","isFullCredit":false},{"lineNumber":96,"author":{"gitId":"Muzhou-exe"},"content":"            return \"[E]\" + super.toString() + \" (from: \" + from + \" to: \" + to + \")\";","lastModifiedDate":"2026-01-30T22:17:13","isFullCredit":false},{"lineNumber":97,"author":{"gitId":"Muzhou-exe"},"content":"        }","lastModifiedDate":"2026-01-30T22:17:13","isFullCredit":false},{"lineNumber":98,"author":{"gitId":"Muzhou-exe"},"content":"    }","lastModifiedDate":"2026-01-30T22:17:13","isFullCredit":false},{"lineNumber":99,"author":{"gitId":"Muzhou-exe"},"content":"","lastModifiedDate":"2026-01-30T22:17:13","isFullCredit":false},{"lineNumber":100,"author":{"gitId":"Muzhou-exe"},"content":"    // \u003d\u003d\u003d\u003d\u003d\u003d\u003d\u003d\u003d\u003d\u003d\u003d\u003d\u003d\u003d\u003d\u003d\u003d\u003d\u003d\u003d Main \u003d\u003d\u003d\u003d\u003d\u003d\u003d\u003d\u003d\u003d\u003d\u003d\u003d\u003d\u003d\u003d\u003d\u003d\u003d\u003d\u003d","lastModifiedDate":"2026-01-30T23:31:31","isFullCredit":false},{"lineNumber":101,"author":{"gitId":"Muzhou-exe"},"content":"","lastModifiedDate":"2026-01-30T22:17:13","isFullCredit":false},{"lineNumber":102,"author":{"gitId":"Muzhou-exe"},"content":"    public static void main(String[] args) {","lastModifiedDate":"2026-01-30T20:07:54","isFullCredit":false},{"lineNumber":103,"author":{"gitId":"Muzhou-exe"},"content":"        System.out.print(LOGO);","lastModifiedDate":"2026-01-30T20:07:54","isFullCredit":false},{"lineNumber":104,"author":{"gitId":"Muzhou-exe"},"content":"        System.out.println(\"Welcome back, Doctor!\");","lastModifiedDate":"2026-01-30T20:23:06","isFullCredit":false},{"lineNumber":105,"author":{"gitId":"Muzhou-exe"},"content":"        System.out.println(\"What can I do for you?\");","lastModifiedDate":"2026-01-30T20:07:54","isFullCredit":false},{"lineNumber":106,"author":{"gitId":"Muzhou-exe"},"content":"","lastModifiedDate":"2026-01-30T20:14:24","isFullCredit":false},{"lineNumber":107,"author":{"gitId":"Muzhou-exe"},"content":"        Scanner scanner \u003d new Scanner(System.in);","lastModifiedDate":"2026-01-30T20:14:24","isFullCredit":false},{"lineNumber":108,"author":{"gitId":"Muzhou-exe"},"content":"        Task[] tasks \u003d new Task[MAX_TASKS];","lastModifiedDate":"2026-01-30T23:59:33","isFullCredit":false},{"lineNumber":109,"author":{"gitId":"Muzhou-exe"},"content":"        int taskCount \u003d 0;","lastModifiedDate":"2026-01-30T20:23:06","isFullCredit":false},{"lineNumber":110,"author":{"gitId":"Muzhou-exe"},"content":"","lastModifiedDate":"2026-01-30T20:14:24","isFullCredit":false},{"lineNumber":111,"author":{"gitId":"Muzhou-exe"},"content":"        while (true) {","lastModifiedDate":"2026-01-30T20:14:24","isFullCredit":false},{"lineNumber":112,"author":{"gitId":"Muzhou-exe"},"content":"            String input \u003d scanner.nextLine().trim();","lastModifiedDate":"2026-01-30T20:23:06","isFullCredit":false},{"lineNumber":113,"author":{"gitId":"Muzhou-exe"},"content":"","lastModifiedDate":"2026-01-30T20:14:24","isFullCredit":false},{"lineNumber":114,"author":{"gitId":"Muzhou-exe"},"content":"            // Level-5: empty input → ignore silently","lastModifiedDate":"2026-01-30T23:31:31","isFullCredit":false},{"lineNumber":115,"author":{"gitId":"Muzhou-exe"},"content":"            if (input.isEmpty()) {","lastModifiedDate":"2026-01-30T23:31:31","isFullCredit":false},{"lineNumber":116,"author":{"gitId":"Muzhou-exe"},"content":"                continue;","lastModifiedDate":"2026-01-30T23:31:31","isFullCredit":false},{"lineNumber":117,"author":{"gitId":"Muzhou-exe"},"content":"            }","lastModifiedDate":"2026-01-30T23:31:31","isFullCredit":false},{"lineNumber":118,"author":{"gitId":"Muzhou-exe"},"content":"","lastModifiedDate":"2026-01-30T23:31:31","isFullCredit":false},{"lineNumber":119,"author":{"gitId":"Muzhou-exe"},"content":"            if (input.equals(\"bye\")) {","lastModifiedDate":"2026-01-30T20:14:24","isFullCredit":false},{"lineNumber":120,"author":{"gitId":"Muzhou-exe"},"content":"                System.out.println(\"Bye. Hope to see you again soon!\");","lastModifiedDate":"2026-01-30T20:07:54","isFullCredit":false},{"lineNumber":121,"author":{"gitId":"Muzhou-exe"},"content":"                break;","lastModifiedDate":"2026-01-30T20:14:24","isFullCredit":false},{"lineNumber":122,"author":{"gitId":"Muzhou-exe"},"content":"            }","lastModifiedDate":"2026-01-30T20:07:54","isFullCredit":false},{"lineNumber":123,"author":{"gitId":"Muzhou-exe"},"content":"","lastModifiedDate":"2026-01-30T20:14:24","isFullCredit":false},{"lineNumber":124,"author":{"gitId":"Muzhou-exe"},"content":"            if (input.equals(\"list\")) {","lastModifiedDate":"2026-01-30T20:23:06","isFullCredit":false},{"lineNumber":125,"author":{"gitId":"Muzhou-exe"},"content":"                System.out.println(\"Here are the tasks in your list:\");","lastModifiedDate":"2026-01-30T20:23:06","isFullCredit":false},{"lineNumber":126,"author":{"gitId":"Muzhou-exe"},"content":"                for (int i \u003d 0; i \u003c taskCount; i++) {","lastModifiedDate":"2026-01-30T20:23:06","isFullCredit":false},{"lineNumber":127,"author":{"gitId":"Muzhou-exe"},"content":"                    System.out.println((i + 1) + \".\" + tasks[i]);","lastModifiedDate":"2026-01-30T20:23:06","isFullCredit":false},{"lineNumber":128,"author":{"gitId":"Muzhou-exe"},"content":"                }","lastModifiedDate":"2026-01-30T20:14:24","isFullCredit":false},{"lineNumber":129,"author":{"gitId":"Muzhou-exe"},"content":"                continue;","lastModifiedDate":"2026-01-30T20:23:06","isFullCredit":false},{"lineNumber":130,"author":{"gitId":"Muzhou-exe"},"content":"            }","lastModifiedDate":"2026-01-30T20:14:24","isFullCredit":false},{"lineNumber":131,"author":{"gitId":"Muzhou-exe"},"content":"","lastModifiedDate":"2026-01-30T20:14:24","isFullCredit":false},{"lineNumber":132,"author":{"gitId":"Muzhou-exe"},"content":"            // \u003d\u003d\u003d\u003d\u003d\u003d\u003d\u003d\u003d\u003d\u003d\u003d\u003d\u003d\u003d\u003d\u003d\u003d\u003d\u003d\u003d Level-6: delete \u003d\u003d\u003d\u003d\u003d\u003d\u003d\u003d\u003d\u003d\u003d\u003d\u003d\u003d\u003d\u003d\u003d\u003d\u003d\u003d\u003d","lastModifiedDate":"2026-01-31T00:04:41","isFullCredit":false},{"lineNumber":133,"author":{"gitId":"Muzhou-exe"},"content":"            if (input.equals(\"delete\")) {","lastModifiedDate":"2026-01-31T00:04:41","isFullCredit":false},{"lineNumber":134,"author":{"gitId":"Muzhou-exe"},"content":"                System.out.println(\"OOPS!!! Please provide a task number. Usage: delete \u003cindex\u003e\");","lastModifiedDate":"2026-01-31T00:04:41","isFullCredit":false},{"lineNumber":135,"author":{"gitId":"Muzhou-exe"},"content":"                continue;","lastModifiedDate":"2026-01-31T00:04:41","isFullCredit":false},{"lineNumber":136,"author":{"gitId":"Muzhou-exe"},"content":"            }","lastModifiedDate":"2026-01-31T00:04:41","isFullCredit":false},{"lineNumber":137,"author":{"gitId":"Muzhou-exe"},"content":"            if (input.startsWith(\"delete \")) {","lastModifiedDate":"2026-01-31T00:04:41","isFullCredit":false},{"lineNumber":138,"author":{"gitId":"Muzhou-exe"},"content":"                Integer index \u003d parseIndex(input.substring(7));","lastModifiedDate":"2026-01-31T00:04:41","isFullCredit":false},{"lineNumber":139,"author":{"gitId":"Muzhou-exe"},"content":"                if (index \u003d\u003d null) {","lastModifiedDate":"2026-01-31T00:04:41","isFullCredit":false},{"lineNumber":140,"author":{"gitId":"Muzhou-exe"},"content":"                    System.out.println(\"OOPS!!! Please provide a valid task number.\");","lastModifiedDate":"2026-01-31T00:04:41","isFullCredit":false},{"lineNumber":141,"author":{"gitId":"Muzhou-exe"},"content":"                    continue;","lastModifiedDate":"2026-01-31T00:04:41","isFullCredit":false},{"lineNumber":142,"author":{"gitId":"Muzhou-exe"},"content":"                }","lastModifiedDate":"2026-01-31T00:04:41","isFullCredit":false},{"lineNumber":143,"author":{"gitId":"Muzhou-exe"},"content":"                if (index \u003c 1 || index \u003e taskCount) {","lastModifiedDate":"2026-01-31T00:04:41","isFullCredit":false},{"lineNumber":144,"author":{"gitId":"Muzhou-exe"},"content":"                    System.out.println(\"OOPS!!! That task number is out of range.\");","lastModifiedDate":"2026-01-31T00:04:41","isFullCredit":false},{"lineNumber":145,"author":{"gitId":"Muzhou-exe"},"content":"                    continue;","lastModifiedDate":"2026-01-31T00:04:41","isFullCredit":false},{"lineNumber":146,"author":{"gitId":"Muzhou-exe"},"content":"                }","lastModifiedDate":"2026-01-31T00:04:41","isFullCredit":false},{"lineNumber":147,"author":{"gitId":"Muzhou-exe"},"content":"","lastModifiedDate":"2026-01-31T00:04:41","isFullCredit":false},{"lineNumber":148,"author":{"gitId":"Muzhou-exe"},"content":"                Task removed \u003d tasks[index - 1];","lastModifiedDate":"2026-01-31T00:04:41","isFullCredit":false},{"lineNumber":149,"author":{"gitId":"Muzhou-exe"},"content":"","lastModifiedDate":"2026-01-31T00:04:41","isFullCredit":false},{"lineNumber":150,"author":{"gitId":"Muzhou-exe"},"content":"                // shift left to fill the gap","lastModifiedDate":"2026-01-31T00:04:41","isFullCredit":false},{"lineNumber":151,"author":{"gitId":"Muzhou-exe"},"content":"                for (int i \u003d index; i \u003c taskCount; i++) {","lastModifiedDate":"2026-01-31T00:04:41","isFullCredit":false},{"lineNumber":152,"author":{"gitId":"Muzhou-exe"},"content":"                    tasks[i - 1] \u003d tasks[i];","lastModifiedDate":"2026-01-31T00:04:41","isFullCredit":false},{"lineNumber":153,"author":{"gitId":"Muzhou-exe"},"content":"                }","lastModifiedDate":"2026-01-31T00:04:41","isFullCredit":false},{"lineNumber":154,"author":{"gitId":"Muzhou-exe"},"content":"                tasks[taskCount - 1] \u003d null;","lastModifiedDate":"2026-01-31T00:04:41","isFullCredit":false},{"lineNumber":155,"author":{"gitId":"Muzhou-exe"},"content":"                taskCount--;","lastModifiedDate":"2026-01-31T00:04:41","isFullCredit":false},{"lineNumber":156,"author":{"gitId":"Muzhou-exe"},"content":"","lastModifiedDate":"2026-01-31T00:04:41","isFullCredit":false},{"lineNumber":157,"author":{"gitId":"Muzhou-exe"},"content":"                printDeletedTask(removed, taskCount);","lastModifiedDate":"2026-01-31T00:04:41","isFullCredit":false},{"lineNumber":158,"author":{"gitId":"Muzhou-exe"},"content":"                continue;","lastModifiedDate":"2026-01-31T00:04:41","isFullCredit":false},{"lineNumber":159,"author":{"gitId":"Muzhou-exe"},"content":"            }","lastModifiedDate":"2026-01-31T00:04:41","isFullCredit":false},{"lineNumber":160,"author":{"gitId":"Muzhou-exe"},"content":"","lastModifiedDate":"2026-01-31T00:04:41","isFullCredit":false},{"lineNumber":161,"author":{"gitId":"Muzhou-exe"},"content":"            // ---------------- todo ----------------","lastModifiedDate":"2026-01-30T23:31:31","isFullCredit":false},{"lineNumber":162,"author":{"gitId":"Muzhou-exe"},"content":"            if (input.equals(\"todo\")) {","lastModifiedDate":"2026-01-30T23:59:33","isFullCredit":false},{"lineNumber":163,"author":{"gitId":"Muzhou-exe"},"content":"                System.out.println(\"OOPS!!! The description of a todo cannot be empty.\");","lastModifiedDate":"2026-01-30T23:59:33","isFullCredit":false},{"lineNumber":164,"author":{"gitId":"Muzhou-exe"},"content":"                continue;","lastModifiedDate":"2026-01-30T23:59:33","isFullCredit":false},{"lineNumber":165,"author":{"gitId":"Muzhou-exe"},"content":"            }","lastModifiedDate":"2026-01-30T23:59:33","isFullCredit":false},{"lineNumber":166,"author":{"gitId":"Muzhou-exe"},"content":"            if (input.startsWith(\"todo \")) {","lastModifiedDate":"2026-01-30T22:17:13","isFullCredit":false},{"lineNumber":167,"author":{"gitId":"Muzhou-exe"},"content":"                if (taskCount \u003e\u003d tasks.length) {","lastModifiedDate":"2026-01-30T23:59:33","isFullCredit":false},{"lineNumber":168,"author":{"gitId":"Muzhou-exe"},"content":"                    System.out.println(\"OOPS!!! Your task list is full (max \" + MAX_TASKS + \" tasks).\");","lastModifiedDate":"2026-01-30T23:59:33","isFullCredit":false},{"lineNumber":169,"author":{"gitId":"Muzhou-exe"},"content":"                    continue;","lastModifiedDate":"2026-01-30T22:17:13","isFullCredit":false},{"lineNumber":170,"author":{"gitId":"Muzhou-exe"},"content":"                }","lastModifiedDate":"2026-01-30T22:17:13","isFullCredit":false},{"lineNumber":171,"author":{"gitId":"Muzhou-exe"},"content":"","lastModifiedDate":"2026-01-30T22:17:13","isFullCredit":false},{"lineNumber":172,"author":{"gitId":"Muzhou-exe"},"content":"                String desc \u003d input.substring(5).trim();","lastModifiedDate":"2026-01-30T22:17:13","isFullCredit":false},{"lineNumber":173,"author":{"gitId":"Muzhou-exe"},"content":"                if (desc.isEmpty()) {","lastModifiedDate":"2026-01-30T22:17:13","isFullCredit":false},{"lineNumber":174,"author":{"gitId":"Muzhou-exe"},"content":"                    System.out.println(\"OOPS!!! The description of a todo cannot be empty.\");","lastModifiedDate":"2026-01-30T23:59:33","isFullCredit":false},{"lineNumber":175,"author":{"gitId":"Muzhou-exe"},"content":"                    continue;","lastModifiedDate":"2026-01-30T22:17:13","isFullCredit":false},{"lineNumber":176,"author":{"gitId":"Muzhou-exe"},"content":"                }","lastModifiedDate":"2026-01-30T22:17:13","isFullCredit":false},{"lineNumber":177,"author":{"gitId":"Muzhou-exe"},"content":"","lastModifiedDate":"2026-01-30T22:17:13","isFullCredit":false},{"lineNumber":178,"author":{"gitId":"Muzhou-exe"},"content":"                Task t \u003d new Todo(desc);","lastModifiedDate":"2026-01-30T23:59:33","isFullCredit":false},{"lineNumber":179,"author":{"gitId":"Muzhou-exe"},"content":"                tasks[taskCount++] \u003d t;","lastModifiedDate":"2026-01-30T23:59:33","isFullCredit":false},{"lineNumber":180,"author":{"gitId":"Muzhou-exe"},"content":"                printAddedTask(t, taskCount);","lastModifiedDate":"2026-01-30T23:59:33","isFullCredit":false},{"lineNumber":181,"author":{"gitId":"Muzhou-exe"},"content":"                continue;","lastModifiedDate":"2026-01-30T22:17:13","isFullCredit":false},{"lineNumber":182,"author":{"gitId":"Muzhou-exe"},"content":"            }","lastModifiedDate":"2026-01-30T22:17:13","isFullCredit":false},{"lineNumber":183,"author":{"gitId":"Muzhou-exe"},"content":"","lastModifiedDate":"2026-01-30T22:17:13","isFullCredit":false},{"lineNumber":184,"author":{"gitId":"Muzhou-exe"},"content":"            // ---------------- deadline ----------------","lastModifiedDate":"2026-01-30T23:31:31","isFullCredit":false},{"lineNumber":185,"author":{"gitId":"Muzhou-exe"},"content":"            if (input.equals(\"deadline\")) {","lastModifiedDate":"2026-01-30T23:59:33","isFullCredit":false},{"lineNumber":186,"author":{"gitId":"Muzhou-exe"},"content":"                System.out.println(\"OOPS!!! The description of a deadline cannot be empty.\");","lastModifiedDate":"2026-01-30T23:59:33","isFullCredit":false},{"lineNumber":187,"author":{"gitId":"Muzhou-exe"},"content":"                continue;","lastModifiedDate":"2026-01-30T23:59:33","isFullCredit":false},{"lineNumber":188,"author":{"gitId":"Muzhou-exe"},"content":"            }","lastModifiedDate":"2026-01-30T23:59:33","isFullCredit":false},{"lineNumber":189,"author":{"gitId":"Muzhou-exe"},"content":"            if (input.startsWith(\"deadline \")) {","lastModifiedDate":"2026-01-30T22:17:13","isFullCredit":false},{"lineNumber":190,"author":{"gitId":"Muzhou-exe"},"content":"                if (taskCount \u003e\u003d tasks.length) {","lastModifiedDate":"2026-01-30T23:59:33","isFullCredit":false},{"lineNumber":191,"author":{"gitId":"Muzhou-exe"},"content":"                    System.out.println(\"OOPS!!! Your task list is full (max \" + MAX_TASKS + \" tasks).\");","lastModifiedDate":"2026-01-30T23:59:33","isFullCredit":false},{"lineNumber":192,"author":{"gitId":"Muzhou-exe"},"content":"                    continue;","lastModifiedDate":"2026-01-30T23:59:33","isFullCredit":false},{"lineNumber":193,"author":{"gitId":"Muzhou-exe"},"content":"                }","lastModifiedDate":"2026-01-30T23:59:33","isFullCredit":false},{"lineNumber":194,"author":{"gitId":"Muzhou-exe"},"content":"","lastModifiedDate":"2026-01-30T23:59:33","isFullCredit":false},{"lineNumber":195,"author":{"gitId":"Muzhou-exe"},"content":"                if (!input.contains(\" /by \")) {","lastModifiedDate":"2026-01-30T23:31:31","isFullCredit":false},{"lineNumber":196,"author":{"gitId":"Muzhou-exe"},"content":"                    System.out.println(\"OOPS!!! The format for deadline is: deadline \u003cdescription\u003e /by \u003cby\u003e\");","lastModifiedDate":"2026-01-30T23:59:33","isFullCredit":false},{"lineNumber":197,"author":{"gitId":"Muzhou-exe"},"content":"                    continue;","lastModifiedDate":"2026-01-30T22:17:13","isFullCredit":false},{"lineNumber":198,"author":{"gitId":"Muzhou-exe"},"content":"                }","lastModifiedDate":"2026-01-30T22:17:13","isFullCredit":false},{"lineNumber":199,"author":{"gitId":"Muzhou-exe"},"content":"","lastModifiedDate":"2026-01-30T22:17:13","isFullCredit":false},{"lineNumber":200,"author":{"gitId":"Muzhou-exe"},"content":"                String rest \u003d input.substring(8).trim(); // after \"deadline\"","lastModifiedDate":"2026-01-31T00:04:41","isFullCredit":false},{"lineNumber":201,"author":{"gitId":"Muzhou-exe"},"content":"                String[] parts \u003d rest.split(\" /by \", 2);","lastModifiedDate":"2026-01-30T22:17:13","isFullCredit":false},{"lineNumber":202,"author":{"gitId":"Muzhou-exe"},"content":"","lastModifiedDate":"2026-01-30T23:59:33","isFullCredit":false},{"lineNumber":203,"author":{"gitId":"Muzhou-exe"},"content":"                String desc \u003d parts.length \u003e 0 ? parts[0].trim() : \"\";","lastModifiedDate":"2026-01-30T23:59:33","isFullCredit":false},{"lineNumber":204,"author":{"gitId":"Muzhou-exe"},"content":"                String by \u003d parts.length \u003e 1 ? parts[1].trim() : \"\";","lastModifiedDate":"2026-01-30T23:59:33","isFullCredit":false},{"lineNumber":205,"author":{"gitId":"Muzhou-exe"},"content":"","lastModifiedDate":"2026-01-30T23:59:33","isFullCredit":false},{"lineNumber":206,"author":{"gitId":"Muzhou-exe"},"content":"                if (desc.isEmpty()) {","lastModifiedDate":"2026-01-30T23:59:33","isFullCredit":false},{"lineNumber":207,"author":{"gitId":"Muzhou-exe"},"content":"                    System.out.println(\"OOPS!!! The description of a deadline cannot be empty.\");","lastModifiedDate":"2026-01-30T23:59:33","isFullCredit":false},{"lineNumber":208,"author":{"gitId":"Muzhou-exe"},"content":"                    continue;","lastModifiedDate":"2026-01-30T23:59:33","isFullCredit":false},{"lineNumber":209,"author":{"gitId":"Muzhou-exe"},"content":"                }","lastModifiedDate":"2026-01-30T23:59:33","isFullCredit":false},{"lineNumber":210,"author":{"gitId":"Muzhou-exe"},"content":"                if (by.isEmpty()) {","lastModifiedDate":"2026-01-30T23:59:33","isFullCredit":false},{"lineNumber":211,"author":{"gitId":"Muzhou-exe"},"content":"                    System.out.println(\"OOPS!!! The /by part of a deadline cannot be empty.\");","lastModifiedDate":"2026-01-30T23:59:33","isFullCredit":false},{"lineNumber":212,"author":{"gitId":"Muzhou-exe"},"content":"                    continue;","lastModifiedDate":"2026-01-30T22:17:13","isFullCredit":false},{"lineNumber":213,"author":{"gitId":"Muzhou-exe"},"content":"                }","lastModifiedDate":"2026-01-30T22:17:13","isFullCredit":false},{"lineNumber":214,"author":{"gitId":"Muzhou-exe"},"content":"","lastModifiedDate":"2026-01-30T22:17:13","isFullCredit":false},{"lineNumber":215,"author":{"gitId":"Muzhou-exe"},"content":"                Task t \u003d new Deadline(desc, by);","lastModifiedDate":"2026-01-30T23:59:33","isFullCredit":false},{"lineNumber":216,"author":{"gitId":"Muzhou-exe"},"content":"                tasks[taskCount++] \u003d t;","lastModifiedDate":"2026-01-30T23:59:33","isFullCredit":false},{"lineNumber":217,"author":{"gitId":"Muzhou-exe"},"content":"                printAddedTask(t, taskCount);","lastModifiedDate":"2026-01-30T23:59:33","isFullCredit":false},{"lineNumber":218,"author":{"gitId":"Muzhou-exe"},"content":"                continue;","lastModifiedDate":"2026-01-30T22:17:13","isFullCredit":false},{"lineNumber":219,"author":{"gitId":"Muzhou-exe"},"content":"            }","lastModifiedDate":"2026-01-30T22:17:13","isFullCredit":false},{"lineNumber":220,"author":{"gitId":"Muzhou-exe"},"content":"","lastModifiedDate":"2026-01-30T22:17:13","isFullCredit":false},{"lineNumber":221,"author":{"gitId":"Muzhou-exe"},"content":"            // ---------------- event ----------------","lastModifiedDate":"2026-01-30T23:31:31","isFullCredit":false},{"lineNumber":222,"author":{"gitId":"Muzhou-exe"},"content":"            if (input.equals(\"event\")) {","lastModifiedDate":"2026-01-30T23:59:33","isFullCredit":false},{"lineNumber":223,"author":{"gitId":"Muzhou-exe"},"content":"                System.out.println(\"OOPS!!! The description of an event cannot be empty.\");","lastModifiedDate":"2026-01-30T23:59:33","isFullCredit":false},{"lineNumber":224,"author":{"gitId":"Muzhou-exe"},"content":"                continue;","lastModifiedDate":"2026-01-30T23:59:33","isFullCredit":false},{"lineNumber":225,"author":{"gitId":"Muzhou-exe"},"content":"            }","lastModifiedDate":"2026-01-30T23:59:33","isFullCredit":false},{"lineNumber":226,"author":{"gitId":"Muzhou-exe"},"content":"            if (input.startsWith(\"event \")) {","lastModifiedDate":"2026-01-30T22:17:13","isFullCredit":false},{"lineNumber":227,"author":{"gitId":"Muzhou-exe"},"content":"                if (taskCount \u003e\u003d tasks.length) {","lastModifiedDate":"2026-01-30T23:59:33","isFullCredit":false},{"lineNumber":228,"author":{"gitId":"Muzhou-exe"},"content":"                    System.out.println(\"OOPS!!! Your task list is full (max \" + MAX_TASKS + \" tasks).\");","lastModifiedDate":"2026-01-30T23:59:33","isFullCredit":false},{"lineNumber":229,"author":{"gitId":"Muzhou-exe"},"content":"                    continue;","lastModifiedDate":"2026-01-30T23:59:33","isFullCredit":false},{"lineNumber":230,"author":{"gitId":"Muzhou-exe"},"content":"                }","lastModifiedDate":"2026-01-30T23:59:33","isFullCredit":false},{"lineNumber":231,"author":{"gitId":"Muzhou-exe"},"content":"","lastModifiedDate":"2026-01-30T23:59:33","isFullCredit":false},{"lineNumber":232,"author":{"gitId":"Muzhou-exe"},"content":"                if (!input.contains(\" /from \") || !input.contains(\" /to \")) {","lastModifiedDate":"2026-01-30T23:31:31","isFullCredit":false},{"lineNumber":233,"author":{"gitId":"Muzhou-exe"},"content":"                    System.out.println(\"OOPS!!! The format for event is: event \u003cdescription\u003e /from \u003cfrom\u003e /to \u003cto\u003e\");","lastModifiedDate":"2026-01-30T23:59:33","isFullCredit":false},{"lineNumber":234,"author":{"gitId":"Muzhou-exe"},"content":"                    continue;","lastModifiedDate":"2026-01-30T22:17:13","isFullCredit":false},{"lineNumber":235,"author":{"gitId":"Muzhou-exe"},"content":"                }","lastModifiedDate":"2026-01-30T22:17:13","isFullCredit":false},{"lineNumber":236,"author":{"gitId":"Muzhou-exe"},"content":"","lastModifiedDate":"2026-01-30T22:17:13","isFullCredit":false},{"lineNumber":237,"author":{"gitId":"Muzhou-exe"},"content":"                String rest \u003d input.substring(5).trim(); // after \"event\"","lastModifiedDate":"2026-01-30T23:59:33","isFullCredit":false},{"lineNumber":238,"author":{"gitId":"Muzhou-exe"},"content":"                int fromPos \u003d rest.indexOf(\" /from \");","lastModifiedDate":"2026-01-30T22:17:13","isFullCredit":false},{"lineNumber":239,"author":{"gitId":"Muzhou-exe"},"content":"                int toPos \u003d rest.indexOf(\" /to \");","lastModifiedDate":"2026-01-30T22:17:13","isFullCredit":false},{"lineNumber":240,"author":{"gitId":"Muzhou-exe"},"content":"","lastModifiedDate":"2026-01-30T22:17:13","isFullCredit":false},{"lineNumber":241,"author":{"gitId":"Muzhou-exe"},"content":"                if (fromPos \u003c 0 || toPos \u003c 0 || toPos \u003c fromPos) {","lastModifiedDate":"2026-01-30T23:59:33","isFullCredit":false},{"lineNumber":242,"author":{"gitId":"Muzhou-exe"},"content":"                    System.out.println(\"OOPS!!! The format for event is: event \u003cdescription\u003e /from \u003cfrom\u003e /to \u003cto\u003e\");","lastModifiedDate":"2026-01-30T23:59:33","isFullCredit":false},{"lineNumber":243,"author":{"gitId":"Muzhou-exe"},"content":"                    continue;","lastModifiedDate":"2026-01-30T22:17:13","isFullCredit":false},{"lineNumber":244,"author":{"gitId":"Muzhou-exe"},"content":"                }","lastModifiedDate":"2026-01-30T22:17:13","isFullCredit":false},{"lineNumber":245,"author":{"gitId":"Muzhou-exe"},"content":"","lastModifiedDate":"2026-01-30T22:17:13","isFullCredit":false},{"lineNumber":246,"author":{"gitId":"Muzhou-exe"},"content":"                String desc \u003d rest.substring(0, fromPos).trim();","lastModifiedDate":"2026-01-30T22:17:13","isFullCredit":false},{"lineNumber":247,"author":{"gitId":"Muzhou-exe"},"content":"                String from \u003d rest.substring(fromPos + 7, toPos).trim();","lastModifiedDate":"2026-01-30T23:31:31","isFullCredit":false},{"lineNumber":248,"author":{"gitId":"Muzhou-exe"},"content":"                String to \u003d rest.substring(toPos + 5).trim();","lastModifiedDate":"2026-01-30T23:31:31","isFullCredit":false},{"lineNumber":249,"author":{"gitId":"Muzhou-exe"},"content":"","lastModifiedDate":"2026-01-30T22:17:13","isFullCredit":false},{"lineNumber":250,"author":{"gitId":"Muzhou-exe"},"content":"                if (desc.isEmpty()) {","lastModifiedDate":"2026-01-30T23:59:33","isFullCredit":false},{"lineNumber":251,"author":{"gitId":"Muzhou-exe"},"content":"                    System.out.println(\"OOPS!!! The description of an event cannot be empty.\");","lastModifiedDate":"2026-01-30T23:59:33","isFullCredit":false},{"lineNumber":252,"author":{"gitId":"Muzhou-exe"},"content":"                    continue;","lastModifiedDate":"2026-01-30T23:59:33","isFullCredit":false},{"lineNumber":253,"author":{"gitId":"Muzhou-exe"},"content":"                }","lastModifiedDate":"2026-01-30T23:59:33","isFullCredit":false},{"lineNumber":254,"author":{"gitId":"Muzhou-exe"},"content":"                if (from.isEmpty()) {","lastModifiedDate":"2026-01-30T23:59:33","isFullCredit":false},{"lineNumber":255,"author":{"gitId":"Muzhou-exe"},"content":"                    System.out.println(\"OOPS!!! The /from part of an event cannot be empty.\");","lastModifiedDate":"2026-01-30T23:59:33","isFullCredit":false},{"lineNumber":256,"author":{"gitId":"Muzhou-exe"},"content":"                    continue;","lastModifiedDate":"2026-01-30T23:59:33","isFullCredit":false},{"lineNumber":257,"author":{"gitId":"Muzhou-exe"},"content":"                }","lastModifiedDate":"2026-01-30T23:59:33","isFullCredit":false},{"lineNumber":258,"author":{"gitId":"Muzhou-exe"},"content":"                if (to.isEmpty()) {","lastModifiedDate":"2026-01-30T23:59:33","isFullCredit":false},{"lineNumber":259,"author":{"gitId":"Muzhou-exe"},"content":"                    System.out.println(\"OOPS!!! The /to part of an event cannot be empty.\");","lastModifiedDate":"2026-01-30T23:59:33","isFullCredit":false},{"lineNumber":260,"author":{"gitId":"Muzhou-exe"},"content":"                    continue;","lastModifiedDate":"2026-01-30T22:17:13","isFullCredit":false},{"lineNumber":261,"author":{"gitId":"Muzhou-exe"},"content":"                }","lastModifiedDate":"2026-01-30T22:17:13","isFullCredit":false},{"lineNumber":262,"author":{"gitId":"Muzhou-exe"},"content":"","lastModifiedDate":"2026-01-30T22:17:13","isFullCredit":false},{"lineNumber":263,"author":{"gitId":"Muzhou-exe"},"content":"                Task t \u003d new Event(desc, from, to);","lastModifiedDate":"2026-01-30T23:59:33","isFullCredit":false},{"lineNumber":264,"author":{"gitId":"Muzhou-exe"},"content":"                tasks[taskCount++] \u003d t;","lastModifiedDate":"2026-01-30T23:59:33","isFullCredit":false},{"lineNumber":265,"author":{"gitId":"Muzhou-exe"},"content":"                printAddedTask(t, taskCount);","lastModifiedDate":"2026-01-30T23:59:33","isFullCredit":false},{"lineNumber":266,"author":{"gitId":"Muzhou-exe"},"content":"                continue;","lastModifiedDate":"2026-01-30T22:17:13","isFullCredit":false},{"lineNumber":267,"author":{"gitId":"Muzhou-exe"},"content":"            }","lastModifiedDate":"2026-01-30T22:17:13","isFullCredit":false},{"lineNumber":268,"author":{"gitId":"Muzhou-exe"},"content":"","lastModifiedDate":"2026-01-30T22:17:13","isFullCredit":false},{"lineNumber":269,"author":{"gitId":"Muzhou-exe"},"content":"            // ---------------- mark / unmark ----------------","lastModifiedDate":"2026-01-30T23:31:31","isFullCredit":false},{"lineNumber":270,"author":{"gitId":"Muzhou-exe"},"content":"            if (input.equals(\"mark\")) {","lastModifiedDate":"2026-01-30T23:59:33","isFullCredit":false},{"lineNumber":271,"author":{"gitId":"Muzhou-exe"},"content":"                System.out.println(\"OOPS!!! Please provide a task number. Usage: mark \u003cindex\u003e\");","lastModifiedDate":"2026-01-30T23:59:33","isFullCredit":false},{"lineNumber":272,"author":{"gitId":"Muzhou-exe"},"content":"                continue;","lastModifiedDate":"2026-01-30T23:59:33","isFullCredit":false},{"lineNumber":273,"author":{"gitId":"Muzhou-exe"},"content":"            }","lastModifiedDate":"2026-01-30T23:59:33","isFullCredit":false},{"lineNumber":274,"author":{"gitId":"Muzhou-exe"},"content":"            if (input.startsWith(\"mark \")) {","lastModifiedDate":"2026-01-30T21:31:42","isFullCredit":false},{"lineNumber":275,"author":{"gitId":"Muzhou-exe"},"content":"                Integer index \u003d parseIndex(input.substring(5));","lastModifiedDate":"2026-01-30T23:31:31","isFullCredit":false},{"lineNumber":276,"author":{"gitId":"Muzhou-exe"},"content":"                if (index \u003d\u003d null) {","lastModifiedDate":"2026-01-30T23:59:33","isFullCredit":false},{"lineNumber":277,"author":{"gitId":"Muzhou-exe"},"content":"                    System.out.println(\"OOPS!!! Please provide a valid task number.\");","lastModifiedDate":"2026-01-30T23:59:33","isFullCredit":false},{"lineNumber":278,"author":{"gitId":"Muzhou-exe"},"content":"                    continue;","lastModifiedDate":"2026-01-30T23:59:33","isFullCredit":false},{"lineNumber":279,"author":{"gitId":"Muzhou-exe"},"content":"                }","lastModifiedDate":"2026-01-30T23:59:33","isFullCredit":false},{"lineNumber":280,"author":{"gitId":"Muzhou-exe"},"content":"                if (index \u003c 1 || index \u003e taskCount) {","lastModifiedDate":"2026-01-30T23:59:33","isFullCredit":false},{"lineNumber":281,"author":{"gitId":"Muzhou-exe"},"content":"                    System.out.println(\"OOPS!!! That task number is out of range.\");","lastModifiedDate":"2026-01-30T23:59:33","isFullCredit":false},{"lineNumber":282,"author":{"gitId":"Muzhou-exe"},"content":"                    continue;","lastModifiedDate":"2026-01-30T21:31:42","isFullCredit":false},{"lineNumber":283,"author":{"gitId":"Muzhou-exe"},"content":"                }","lastModifiedDate":"2026-01-30T21:31:42","isFullCredit":false},{"lineNumber":284,"author":{"gitId":"Muzhou-exe"},"content":"","lastModifiedDate":"2026-01-30T21:31:42","isFullCredit":false},{"lineNumber":285,"author":{"gitId":"Muzhou-exe"},"content":"                tasks[index - 1].markDone();","lastModifiedDate":"2026-01-30T23:31:31","isFullCredit":false},{"lineNumber":286,"author":{"gitId":"Muzhou-exe"},"content":"                System.out.println(\"Nice! I\u0027ve marked this task as done:\");","lastModifiedDate":"2026-01-30T21:31:42","isFullCredit":false},{"lineNumber":287,"author":{"gitId":"Muzhou-exe"},"content":"                System.out.println(tasks[index - 1]);","lastModifiedDate":"2026-01-30T23:31:31","isFullCredit":false},{"lineNumber":288,"author":{"gitId":"Muzhou-exe"},"content":"                continue;","lastModifiedDate":"2026-01-30T21:31:42","isFullCredit":false},{"lineNumber":289,"author":{"gitId":"Muzhou-exe"},"content":"            }","lastModifiedDate":"2026-01-30T21:31:42","isFullCredit":false},{"lineNumber":290,"author":{"gitId":"Muzhou-exe"},"content":"","lastModifiedDate":"2026-01-30T21:31:42","isFullCredit":false},{"lineNumber":291,"author":{"gitId":"Muzhou-exe"},"content":"            if (input.equals(\"unmark\")) {","lastModifiedDate":"2026-01-30T23:59:33","isFullCredit":false},{"lineNumber":292,"author":{"gitId":"Muzhou-exe"},"content":"                System.out.println(\"OOPS!!! Please provide a task number. Usage: unmark \u003cindex\u003e\");","lastModifiedDate":"2026-01-30T23:59:33","isFullCredit":false},{"lineNumber":293,"author":{"gitId":"Muzhou-exe"},"content":"                continue;","lastModifiedDate":"2026-01-30T23:59:33","isFullCredit":false},{"lineNumber":294,"author":{"gitId":"Muzhou-exe"},"content":"            }","lastModifiedDate":"2026-01-30T23:59:33","isFullCredit":false},{"lineNumber":295,"author":{"gitId":"Muzhou-exe"},"content":"            if (input.startsWith(\"unmark \")) {","lastModifiedDate":"2026-01-30T21:31:42","isFullCredit":false},{"lineNumber":296,"author":{"gitId":"Muzhou-exe"},"content":"                Integer index \u003d parseIndex(input.substring(7));","lastModifiedDate":"2026-01-30T23:31:31","isFullCredit":false},{"lineNumber":297,"author":{"gitId":"Muzhou-exe"},"content":"                if (index \u003d\u003d null) {","lastModifiedDate":"2026-01-30T23:59:33","isFullCredit":false},{"lineNumber":298,"author":{"gitId":"Muzhou-exe"},"content":"                    System.out.println(\"OOPS!!! Please provide a valid task number.\");","lastModifiedDate":"2026-01-30T23:59:33","isFullCredit":false},{"lineNumber":299,"author":{"gitId":"Muzhou-exe"},"content":"                    continue;","lastModifiedDate":"2026-01-30T23:59:33","isFullCredit":false},{"lineNumber":300,"author":{"gitId":"Muzhou-exe"},"content":"                }","lastModifiedDate":"2026-01-30T23:59:33","isFullCredit":false},{"lineNumber":301,"author":{"gitId":"Muzhou-exe"},"content":"                if (index \u003c 1 || index \u003e taskCount) {","lastModifiedDate":"2026-01-30T23:59:33","isFullCredit":false},{"lineNumber":302,"author":{"gitId":"Muzhou-exe"},"content":"                    System.out.println(\"OOPS!!! That task number is out of range.\");","lastModifiedDate":"2026-01-30T23:59:33","isFullCredit":false},{"lineNumber":303,"author":{"gitId":"Muzhou-exe"},"content":"                    continue;","lastModifiedDate":"2026-01-30T21:31:42","isFullCredit":false},{"lineNumber":304,"author":{"gitId":"Muzhou-exe"},"content":"                }","lastModifiedDate":"2026-01-30T21:31:42","isFullCredit":false},{"lineNumber":305,"author":{"gitId":"Muzhou-exe"},"content":"","lastModifiedDate":"2026-01-30T21:31:42","isFullCredit":false},{"lineNumber":306,"author":{"gitId":"Muzhou-exe"},"content":"                tasks[index - 1].unmarkDone();","lastModifiedDate":"2026-01-30T23:31:31","isFullCredit":false},{"lineNumber":307,"author":{"gitId":"Muzhou-exe"},"content":"                System.out.println(\"OK, I\u0027ve marked this task as not done yet:\");","lastModifiedDate":"2026-01-30T21:31:42","isFullCredit":false},{"lineNumber":308,"author":{"gitId":"Muzhou-exe"},"content":"                System.out.println(tasks[index - 1]);","lastModifiedDate":"2026-01-30T23:31:31","isFullCredit":false},{"lineNumber":309,"author":{"gitId":"Muzhou-exe"},"content":"                continue;","lastModifiedDate":"2026-01-30T21:31:42","isFullCredit":false},{"lineNumber":310,"author":{"gitId":"Muzhou-exe"},"content":"            }","lastModifiedDate":"2026-01-30T21:31:42","isFullCredit":false},{"lineNumber":311,"author":{"gitId":"Muzhou-exe"},"content":"","lastModifiedDate":"2026-01-30T21:31:42","isFullCredit":false},{"lineNumber":312,"author":{"gitId":"Muzhou-exe"},"content":"            // ---------------- unknown command ----------------","lastModifiedDate":"2026-01-30T23:31:31","isFullCredit":false},{"lineNumber":313,"author":{"gitId":"Muzhou-exe"},"content":"            System.out.println(\"OOPS!!! I\u0027m sorry, but I don\u0027t know what that means :-(\");","lastModifiedDate":"2026-01-30T23:59:33","isFullCredit":false},{"lineNumber":314,"author":{"gitId":"Muzhou-exe"},"content":"        }","lastModifiedDate":"2026-01-30T20:23:06","isFullCredit":false},{"lineNumber":315,"author":{"gitId":"Muzhou-exe"},"content":"    }","lastModifiedDate":"2026-01-30T20:23:06","isFullCredit":false},{"lineNumber":316,"author":{"gitId":"Muzhou-exe"},"content":"","lastModifiedDate":"2026-01-30T21:31:42","isFullCredit":false},{"lineNumber":317,"author":{"gitId":"Muzhou-exe"},"content":"    private static void printAddedTask(Task task, int taskCount) {","lastModifiedDate":"2026-01-30T23:59:33","isFullCredit":false},{"lineNumber":318,"author":{"gitId":"Muzhou-exe"},"content":"        System.out.println(\"Got it. I\u0027ve added this task:\");","lastModifiedDate":"2026-01-30T23:59:33","isFullCredit":false},{"lineNumber":319,"author":{"gitId":"Muzhou-exe"},"content":"        System.out.println(task);","lastModifiedDate":"2026-01-30T23:59:33","isFullCredit":false},{"lineNumber":320,"author":{"gitId":"Muzhou-exe"},"content":"        System.out.println(\"Now you have \" + taskCount + \" tasks in the list.\");","lastModifiedDate":"2026-01-30T23:59:33","isFullCredit":false},{"lineNumber":321,"author":{"gitId":"Muzhou-exe"},"content":"    }","lastModifiedDate":"2026-01-30T23:59:33","isFullCredit":false},{"lineNumber":322,"author":{"gitId":"Muzhou-exe"},"content":"","lastModifiedDate":"2026-01-30T23:59:33","isFullCredit":false},{"lineNumber":323,"author":{"gitId":"Muzhou-exe"},"content":"    private static void printDeletedTask(Task task, int taskCount) {","lastModifiedDate":"2026-01-31T00:04:41","isFullCredit":false},{"lineNumber":324,"author":{"gitId":"Muzhou-exe"},"content":"        System.out.println(\"Noted. I\u0027ve removed this task:\");","lastModifiedDate":"2026-01-31T00:04:41","isFullCredit":false},{"lineNumber":325,"author":{"gitId":"Muzhou-exe"},"content":"        System.out.println(task);","lastModifiedDate":"2026-01-31T00:04:41","isFullCredit":false},{"lineNumber":326,"author":{"gitId":"Muzhou-exe"},"content":"        System.out.println(\"Now you have \" + taskCount + \" tasks in the list.\");","lastModifiedDate":"2026-01-31T00:04:41","isFullCredit":false},{"lineNumber":327,"author":{"gitId":"Muzhou-exe"},"content":"    }","lastModifiedDate":"2026-01-31T00:04:41","isFullCredit":false},{"lineNumber":328,"author":{"gitId":"Muzhou-exe"},"content":"","lastModifiedDate":"2026-01-31T00:04:41","isFullCredit":false},{"lineNumber":329,"author":{"gitId":"Muzhou-exe"},"content":"    private static Integer parseIndex(String s) {","lastModifiedDate":"2026-01-30T21:31:42","isFullCredit":false},{"lineNumber":330,"author":{"gitId":"Muzhou-exe"},"content":"        try {","lastModifiedDate":"2026-01-30T21:31:42","isFullCredit":false},{"lineNumber":331,"author":{"gitId":"Muzhou-exe"},"content":"            return Integer.parseInt(s.trim());","lastModifiedDate":"2026-01-30T23:31:31","isFullCredit":false},{"lineNumber":332,"author":{"gitId":"Muzhou-exe"},"content":"        } catch (NumberFormatException e) {","lastModifiedDate":"2026-01-30T21:31:42","isFullCredit":false},{"lineNumber":333,"author":{"gitId":"Muzhou-exe"},"content":"            return null;","lastModifiedDate":"2026-01-30T21:31:42","isFullCredit":false},{"lineNumber":334,"author":{"gitId":"Muzhou-exe"},"content":"        }","lastModifiedDate":"2026-01-30T21:31:42","isFullCredit":false},{"lineNumber":335,"author":{"gitId":"Muzhou-exe"},"content":"    }","lastModifiedDate":"2026-01-30T21:31:42","isFullCredit":false},{"lineNumber":336,"author":{"gitId":"Muzhou-exe"},"content":"}","lastModifiedDate":"2026-01-30T20:07:54","isFullCredit":false}],"authorContributionMap":{"Muzhou-exe":336}},{"path":"text-ui-test/input.txt","fileType":"txt","lines":[{"lineNumber":1,"author":{"gitId":"Muzhou-exe"},"content":"read book","lastModifiedDate":"2026-01-30T22:36:42","isFullCredit":false},{"lineNumber":2,"author":{"gitId":"Muzhou-exe"},"content":"todo revise notes","lastModifiedDate":"2026-01-30T22:36:42","isFullCredit":false},{"lineNumber":3,"author":{"gitId":"Muzhou-exe"},"content":"deadline return book /by Sunday","lastModifiedDate":"2026-01-30T22:36:42","isFullCredit":false},{"lineNumber":4,"author":{"gitId":"Muzhou-exe"},"content":"event project meeting /from Mon 2pm /to 4pm","lastModifiedDate":"2026-01-30T22:36:42","isFullCredit":false},{"lineNumber":5,"author":{"gitId":"Muzhou-exe"},"content":"list","lastModifiedDate":"2026-01-30T22:36:42","isFullCredit":false},{"lineNumber":6,"author":{"gitId":"Muzhou-exe"},"content":"mark 2","lastModifiedDate":"2026-01-30T22:36:42","isFullCredit":false},{"lineNumber":7,"author":{"gitId":"Muzhou-exe"},"content":"unmark 2","lastModifiedDate":"2026-01-30T22:36:42","isFullCredit":false},{"lineNumber":8,"author":{"gitId":"Muzhou-exe"},"content":"list","lastModifiedDate":"2026-01-30T22:36:42","isFullCredit":false},{"lineNumber":9,"author":{"gitId":"Muzhou-exe"},"content":"bye","lastModifiedDate":"2026-01-30T22:36:42","isFullCredit":false}],"authorContributionMap":{"Muzhou-exe":9}}]
