{"authorDailyContributionsMap":{"Muzhou-exe":[{"date":"2026-01-30T00:00:00","commitResults":[{"hash":"9cd4a20c07f90b33505e9861aa466667034ab16f","isMergeCommit":false,"messageTitle":"Level-0: rename to PRTS, greet and exit","messageBody":"","tags":["Level-0"],"fileTypesAndContributionMap":{"java":{"insertions":38,"deletions":10},"md":{"insertions":3,"deletions":3}}},{"hash":"3b8988d5d7811f85c387eb231e249da75e0c7844","isMergeCommit":false,"messageTitle":"Level-1: echo user input and exit on bye","messageBody":"","tags":["Level-1"],"fileTypesAndContributionMap":{"java":{"insertions":16,"deletions":1}}},{"hash":"82ec8848de6d8b85afbd4722890380f87997356a","isMergeCommit":false,"messageTitle":"Level-2: add and list tasks","messageBody":"","tags":["Level-2"],"fileTypesAndContributionMap":{"java":{"insertions":18,"deletions":5}}},{"hash":"b455973aadd457b6a7729b4c5a58992da8c23531","isMergeCommit":false,"messageTitle":"Add basic task management commands","messageBody":"Add support for echoing user input and maintaining an in-memory task list.\n\nAllow users to add tasks, list existing tasks, and update task completion\nstatus using mark and unmark commands.\n","tags":["Level-3"],"fileTypesAndContributionMap":{"java":{"insertions":86,"deletions":4}}},{"hash":"bfc05c313f0ffa02053d5af03364b5c4b27c786c","isMergeCommit":false,"messageTitle":"Add todo, deadline and event task types","messageBody":"Introduce separate task types for todos, deadlines, and events.\n\nEach task type stores its own time-related fields and formats its output\naccordingly when listed.\n","tags":["Level-4"],"fileTypesAndContributionMap":{"java":{"insertions":128,"deletions":13}}},{"hash":"882bae4f16d83cafe37dc0a19fe371060fb1b5d6","isMergeCommit":false,"messageTitle":"Normalize text UI output for automated testing","messageBody":"Remove unstable formatting differences in the text UI output.\nThis ensures the program output is deterministic so that automated\ntext-based UI tests can reliably compare expected and actual results.\n","tags":["A-TextUiTesting"],"fileTypesAndContributionMap":{"txt":{"insertions":9,"deletions":0},"java":{"insertions":19,"deletions":23}}},{"hash":"a1d6c93e21280b39c8362420b0360c7d7ef60c83","isMergeCommit":false,"messageTitle":"Add error handling for invalid user inputs","messageBody":"Users can enter unknown commands, malformed task formats, or invalid\ntask indices.\n\nHandle such inputs gracefully without crashing, and provide clear and\nconsistent feedback.\n","tags":["Level-5"],"fileTypesAndContributionMap":{"java":{"insertions":38,"deletions":57}}},{"hash":"402a56c8085b9ea08e25aa3350c0c00ccbc46de4","isMergeCommit":false,"messageTitle":"Add error handling for invalid user inputs","messageBody":"Users can enter unknown commands, malformed task formats, or invalid\ntask indices.\n\nHandle such inputs gracefully without crashing, and provide clear and\nconsistent feedback.\n","fileTypesAndContributionMap":{"java":{"insertions":94,"deletions":28}}}]},{"date":"2026-01-31T00:00:00","commitResults":[{"hash":"4a81fe76df314d3a5bed2a7e388a4677a30e29d4","isMergeCommit":false,"messageTitle":"Add delete command and harden parser/error handling","messageBody":"- Implement `delete \u003cindex\u003e` to remove a task, shift remaining tasks, and update task count feedback.\n- Align add/delete UI messages with the Week 3 examples (Got it... / Noted... + task + count).\n- Enforce strict command keyword matching (require whitespace boundary) to avoid accidental matches.\n- Add error-specific messages for missing/invalid indices and malformed todo/deadline/event inputs.\n- Guard against task array overflow; ignore empty input lines silently.\n","tags":["Level-6"],"fileTypesAndContributionMap":{"java":{"insertions":36,"deletions":6}}}]}]},"authorFileTypeContributionMap":{"Muzhou-exe":{"java":336,"md":3,"txt":9}},"authorContributionVariance":{"Muzhou-exe":10980.83},"authorDisplayNameMap":{"Muzhou-exe":"Muzhou-exe"}}
