{"authorDailyContributionsMap":{"Zanedoesit":[{"date":"2026-01-29T00:00:00","commitResults":[{"hash":"1ea5c78d7c0f8c67b40a950603ba359e49688e78","isMergeCommit":false,"messageTitle":"Renamed chatbot from Duke to Bob and added Rename,Greet and Exit code","messageBody":"","tags":["Level-0"],"fileTypesAndContributionMap":{"java":{"insertions":24,"deletions":10},"md":{"insertions":3,"deletions":3}}}]},{"date":"2026-01-30T00:00:00","commitResults":[{"hash":"3bfabe063f3fc5de22823bb1b89b6332eb3c7624","isMergeCommit":false,"messageTitle":"Improved skeletal version of Bob so that it echos the user and exits when bye is typed in","messageBody":"","fileTypesAndContributionMap":{"java":{"insertions":18,"deletions":6}}}]},{"date":"2026-01-31T00:00:00","commitResults":[{"hash":"8f2ba6f7462aa688cb88fe68d6ceec429e572319","isMergeCommit":false,"messageTitle":"Improved skeletal version for BOB and now that it echoes and only exits when user enters bye","messageBody":"","tags":["Level-1"],"fileTypesAndContributionMap":{"java":{"insertions":30,"deletions":23}}},{"hash":"5c288ee22ec664273d3fe0cd1aa3f8ffb0ca5a70","isMergeCommit":false,"messageTitle":"Added a storage that lists down users message and displays it back when list is entered","messageBody":"","tags":["Level-2"],"fileTypesAndContributionMap":{"java":{"insertions":21,"deletions":2}}}]}]},"authorFileTypeContributionMap":{"Zanedoesit":{"java":62,"md":3,"txt":0}},"authorContributionVariance":{"Zanedoesit":236.12071},"authorDisplayNameMap":{"Zanedoesit":"Zanedoesit"}}
