[{"path":"src/main/java/Command.java","fileType":"java","lines":[{"lineNumber":1,"author":{"gitId":"Poon Wei Xuan"},"content":"public enum Command {","lastModifiedDate":"2026-01-31T23:54:41","isFullCredit":false},{"lineNumber":2,"author":{"gitId":"Poon Wei Xuan"},"content":"    EXIT, LIST, MARK, UNMARK, TODO, DEADLINE, EVENT, HELP, DELETE, UNKNOWN","lastModifiedDate":"2026-01-31T23:54:41","isFullCredit":false},{"lineNumber":3,"author":{"gitId":"Poon Wei Xuan"},"content":"}","lastModifiedDate":"2026-01-31T23:54:41","isFullCredit":false}],"authorContributionMap":{"Poon Wei Xuan":3}},{"path":"src/main/java/Deadline.java","fileType":"java","lines":[{"lineNumber":1,"author":{"gitId":"Poon Wei Xuan"},"content":"public class Deadline extends Task {","lastModifiedDate":"2026-01-28T22:34:00","isFullCredit":false},{"lineNumber":2,"author":{"gitId":"Poon Wei Xuan"},"content":"    private String date;","lastModifiedDate":"2026-01-28T22:34:00","isFullCredit":false},{"lineNumber":3,"author":{"gitId":"Poon Wei Xuan"},"content":"","lastModifiedDate":"2026-01-28T22:34:00","isFullCredit":false},{"lineNumber":4,"author":{"gitId":"Poon Wei Xuan"},"content":"    public Deadline(String taskName, String date) {","lastModifiedDate":"2026-01-28T22:34:00","isFullCredit":false},{"lineNumber":5,"author":{"gitId":"Poon Wei Xuan"},"content":"        super(taskName);","lastModifiedDate":"2026-01-28T22:34:00","isFullCredit":false},{"lineNumber":6,"author":{"gitId":"Poon Wei Xuan"},"content":"        this.date \u003d date;","lastModifiedDate":"2026-01-28T22:34:00","isFullCredit":false},{"lineNumber":7,"author":{"gitId":"Poon Wei Xuan"},"content":"    }","lastModifiedDate":"2026-01-28T22:34:00","isFullCredit":false},{"lineNumber":8,"author":{"gitId":"Poon Wei Xuan"},"content":"","lastModifiedDate":"2026-01-28T22:34:00","isFullCredit":false},{"lineNumber":9,"author":{"gitId":"Poon Wei Xuan"},"content":"    public String toString() {","lastModifiedDate":"2026-01-28T22:34:00","isFullCredit":false},{"lineNumber":10,"author":{"gitId":"Poon Wei Xuan"},"content":"        return \"[D]\" + super.toString() + \" (by: \" + date + \")\";","lastModifiedDate":"2026-01-29T17:12:10","isFullCredit":false},{"lineNumber":11,"author":{"gitId":"Poon Wei Xuan"},"content":"    }","lastModifiedDate":"2026-01-28T22:34:00","isFullCredit":false},{"lineNumber":12,"author":{"gitId":"Poon Wei Xuan"},"content":"}","lastModifiedDate":"2026-01-28T22:34:00","isFullCredit":false}],"authorContributionMap":{"Poon Wei Xuan":12}},{"path":"src/main/java/Dill.java","fileType":"java","lines":[{"lineNumber":1,"author":{"gitId":"Poon Wei Xuan"},"content":"import java.util.Scanner;","lastModifiedDate":"2026-01-27T18:22:31","isFullCredit":false},{"lineNumber":2,"author":{"gitId":"Poon Wei Xuan"},"content":"import java.util.List;","lastModifiedDate":"2026-01-27T19:58:23","isFullCredit":false},{"lineNumber":3,"author":{"gitId":"Poon Wei Xuan"},"content":"import java.util.ArrayList;","lastModifiedDate":"2026-01-27T19:58:23","isFullCredit":false},{"lineNumber":4,"author":{"gitId":"Poon Wei Xuan"},"content":"","lastModifiedDate":"2026-01-27T18:22:31","isFullCredit":false},{"lineNumber":5,"author":{"gitId":"Poon Wei Xuan"},"content":"public class Dill {","lastModifiedDate":"2026-01-27T17:46:08","isFullCredit":false},{"lineNumber":6,"author":{"gitId":"Poon Wei Xuan"},"content":"    public static final String CHATBOT_NAME \u003d \"Dill\";","lastModifiedDate":"2026-01-27T17:46:08","isFullCredit":false},{"lineNumber":7,"author":{"gitId":"Poon Wei Xuan"},"content":"    private static final String LINE \u003d \"    ____________________________________________________________\";","lastModifiedDate":"2026-01-27T19:37:45","isFullCredit":false},{"lineNumber":8,"author":{"gitId":"Poon Wei Xuan"},"content":"    private static final List\u003cTask\u003e tasks \u003d new ArrayList\u003c\u003e();","lastModifiedDate":"2026-01-28T20:53:55","isFullCredit":false},{"lineNumber":9,"author":{"gitId":"Poon Wei Xuan"},"content":"","lastModifiedDate":"2026-01-27T17:46:08","isFullCredit":false},{"lineNumber":10,"author":{"gitId":"Poon Wei Xuan"},"content":"    private static void printGreeting() {","lastModifiedDate":"2026-01-29T14:43:41","isFullCredit":false},{"lineNumber":11,"author":{"gitId":"Poon Wei Xuan"},"content":"        System.out.println(LINE);","lastModifiedDate":"2026-01-27T19:58:23","isFullCredit":false},{"lineNumber":12,"author":{"gitId":"Poon Wei Xuan"},"content":"        System.out.println(\"    Hello! I\u0027m \" + CHATBOT_NAME + \".\");","lastModifiedDate":"2026-01-27T17:53:17","isFullCredit":false},{"lineNumber":13,"author":{"gitId":"Poon Wei Xuan"},"content":"        System.out.println(\"    What can I do for you?\");","lastModifiedDate":"2026-01-27T17:53:17","isFullCredit":false},{"lineNumber":14,"author":{"gitId":"Poon Wei Xuan"},"content":"        System.out.println(LINE);","lastModifiedDate":"2026-01-27T19:58:23","isFullCredit":false},{"lineNumber":15,"author":{"gitId":"Poon Wei Xuan"},"content":"    }","lastModifiedDate":"2026-01-29T14:43:41","isFullCredit":false},{"lineNumber":16,"author":{"gitId":"Poon Wei Xuan"},"content":"","lastModifiedDate":"2026-01-27T18:22:31","isFullCredit":false},{"lineNumber":17,"author":{"gitId":"Poon Wei Xuan"},"content":"    private static void printExit() {","lastModifiedDate":"2026-01-29T14:43:41","isFullCredit":false},{"lineNumber":18,"author":{"gitId":"Poon Wei Xuan"},"content":"        System.out.println(LINE);","lastModifiedDate":"2026-01-27T19:58:23","isFullCredit":false},{"lineNumber":19,"author":{"gitId":"Poon Wei Xuan"},"content":"        System.out.println(\"    Bye. Hope to see you again soon!\");","lastModifiedDate":"2026-01-27T17:53:17","isFullCredit":false},{"lineNumber":20,"author":{"gitId":"Poon Wei Xuan"},"content":"        System.out.println(LINE);","lastModifiedDate":"2026-01-29T14:43:41","isFullCredit":false},{"lineNumber":21,"author":{"gitId":"Poon Wei Xuan"},"content":"    }","lastModifiedDate":"2026-01-29T14:43:41","isFullCredit":false},{"lineNumber":22,"author":{"gitId":"Poon Wei Xuan"},"content":"","lastModifiedDate":"2026-01-29T14:43:41","isFullCredit":false},{"lineNumber":23,"author":{"gitId":"Poon Wei Xuan"},"content":"    private static void printTaskList() {","lastModifiedDate":"2026-01-29T14:43:41","isFullCredit":false},{"lineNumber":24,"author":{"gitId":"Poon Wei Xuan"},"content":"        System.out.println(LINE);","lastModifiedDate":"2026-01-28T20:53:55","isFullCredit":false},{"lineNumber":25,"author":{"gitId":"Poon Wei Xuan"},"content":"        if (tasks.isEmpty()) {","lastModifiedDate":"2026-01-31T22:05:11","isFullCredit":false},{"lineNumber":26,"author":{"gitId":"Poon Wei Xuan"},"content":"            System.out.println(\"    There are no tasks in the list!\");","lastModifiedDate":"2026-01-31T22:05:11","isFullCredit":false},{"lineNumber":27,"author":{"gitId":"Poon Wei Xuan"},"content":"        } else {","lastModifiedDate":"2026-01-31T22:05:11","isFullCredit":false},{"lineNumber":28,"author":{"gitId":"Poon Wei Xuan"},"content":"            System.out.println(\"    Here are the tasks in your list:\");","lastModifiedDate":"2026-01-28T20:53:55","isFullCredit":false},{"lineNumber":29,"author":{"gitId":"Poon Wei Xuan"},"content":"            for (int i \u003d 0; i \u003c tasks.size(); i++) {","lastModifiedDate":"2026-01-28T20:53:55","isFullCredit":false},{"lineNumber":30,"author":{"gitId":"Poon Wei Xuan"},"content":"                System.out.println(\"    \" + (i + 1) + \".\" + tasks.get(i));","lastModifiedDate":"2026-01-28T20:53:55","isFullCredit":false},{"lineNumber":31,"author":{"gitId":"Poon Wei Xuan"},"content":"            }","lastModifiedDate":"2026-01-28T20:53:55","isFullCredit":false},{"lineNumber":32,"author":{"gitId":"Poon Wei Xuan"},"content":"        }","lastModifiedDate":"2026-01-31T22:05:11","isFullCredit":false},{"lineNumber":33,"author":{"gitId":"Poon Wei Xuan"},"content":"        System.out.println(LINE);","lastModifiedDate":"2026-01-28T20:53:55","isFullCredit":false},{"lineNumber":34,"author":{"gitId":"Poon Wei Xuan"},"content":"    }","lastModifiedDate":"2026-01-28T20:53:55","isFullCredit":false},{"lineNumber":35,"author":{"gitId":"Poon Wei Xuan"},"content":"","lastModifiedDate":"2026-01-29T14:43:41","isFullCredit":false},{"lineNumber":36,"author":{"gitId":"Poon Wei Xuan"},"content":"    // also throws NumberFormatException if argument cannot be parsed to int","lastModifiedDate":"2026-01-31T22:05:11","isFullCredit":false},{"lineNumber":37,"author":{"gitId":"Poon Wei Xuan"},"content":"    private static void markTask(String userInput) throws InvalidCommandException {","lastModifiedDate":"2026-01-31T22:05:11","isFullCredit":false},{"lineNumber":38,"author":{"gitId":"Poon Wei Xuan"},"content":"        if (!userInput.startsWith(\"mark \") || userInput.equals(\"mark \")) {","lastModifiedDate":"2026-01-31T22:05:11","isFullCredit":false},{"lineNumber":39,"author":{"gitId":"Poon Wei Xuan"},"content":"            throw new InvalidCommandException(\"Please specify an entry to mark.\");","lastModifiedDate":"2026-01-31T22:05:11","isFullCredit":false},{"lineNumber":40,"author":{"gitId":"Poon Wei Xuan"},"content":"        }","lastModifiedDate":"2026-01-31T22:05:11","isFullCredit":false},{"lineNumber":41,"author":{"gitId":"Poon Wei Xuan"},"content":"        int taskIndex \u003d Integer.parseInt(userInput.substring(5)) - 1;","lastModifiedDate":"2026-01-28T20:53:55","isFullCredit":false},{"lineNumber":42,"author":{"gitId":"Poon Wei Xuan"},"content":"        if (taskIndex \u003e tasks.size() - 1 || taskIndex \u003c 0) {","lastModifiedDate":"2026-01-31T22:05:11","isFullCredit":false},{"lineNumber":43,"author":{"gitId":"Poon Wei Xuan"},"content":"            throw new InvalidCommandException(\"Cannot mark an entry that is not in the list!\");","lastModifiedDate":"2026-01-31T22:05:11","isFullCredit":false},{"lineNumber":44,"author":{"gitId":"Poon Wei Xuan"},"content":"        }","lastModifiedDate":"2026-01-31T22:05:11","isFullCredit":false},{"lineNumber":45,"author":{"gitId":"Poon Wei Xuan"},"content":"        tasks.get(taskIndex).markDone();","lastModifiedDate":"2026-01-28T20:53:55","isFullCredit":false},{"lineNumber":46,"author":{"gitId":"Poon Wei Xuan"},"content":"        System.out.println(LINE);","lastModifiedDate":"2026-01-28T20:53:55","isFullCredit":false},{"lineNumber":47,"author":{"gitId":"Poon Wei Xuan"},"content":"        System.out.println(\"    Nice! I\u0027ve marked this task as done:\");","lastModifiedDate":"2026-01-28T20:53:55","isFullCredit":false},{"lineNumber":48,"author":{"gitId":"Poon Wei Xuan"},"content":"        System.out.println(\"      \" + tasks.get(taskIndex));","lastModifiedDate":"2026-01-28T20:53:55","isFullCredit":false},{"lineNumber":49,"author":{"gitId":"Poon Wei Xuan"},"content":"        System.out.println(LINE);","lastModifiedDate":"2026-01-28T20:53:55","isFullCredit":false},{"lineNumber":50,"author":{"gitId":"Poon Wei Xuan"},"content":"    }","lastModifiedDate":"2026-01-27T19:58:23","isFullCredit":false},{"lineNumber":51,"author":{"gitId":"Poon Wei Xuan"},"content":"","lastModifiedDate":"2026-01-29T14:43:41","isFullCredit":false},{"lineNumber":52,"author":{"gitId":"Poon Wei Xuan"},"content":"    private static void unmarkTask(String userInput) throws InvalidCommandException {","lastModifiedDate":"2026-01-31T22:05:11","isFullCredit":false},{"lineNumber":53,"author":{"gitId":"Poon Wei Xuan"},"content":"        if (!userInput.startsWith(\"unmark \") || userInput.equals(\"unmark \")) {","lastModifiedDate":"2026-01-31T22:05:11","isFullCredit":false},{"lineNumber":54,"author":{"gitId":"Poon Wei Xuan"},"content":"            throw new InvalidCommandException(\"Please specify an entry to unmark.\");","lastModifiedDate":"2026-01-31T22:05:11","isFullCredit":false},{"lineNumber":55,"author":{"gitId":"Poon Wei Xuan"},"content":"        }","lastModifiedDate":"2026-01-31T22:05:11","isFullCredit":false},{"lineNumber":56,"author":{"gitId":"Poon Wei Xuan"},"content":"        int taskIndex \u003d Integer.parseInt(userInput.substring(7)) - 1;","lastModifiedDate":"2026-01-28T20:53:55","isFullCredit":false},{"lineNumber":57,"author":{"gitId":"Poon Wei Xuan"},"content":"        if (taskIndex \u003e tasks.size() - 1 || taskIndex \u003c 0) {","lastModifiedDate":"2026-01-31T22:05:11","isFullCredit":false},{"lineNumber":58,"author":{"gitId":"Poon Wei Xuan"},"content":"            throw new InvalidCommandException(\"Cannot unmark an entry that is not in the list!\");","lastModifiedDate":"2026-01-31T22:05:11","isFullCredit":false},{"lineNumber":59,"author":{"gitId":"Poon Wei Xuan"},"content":"        }","lastModifiedDate":"2026-01-31T22:05:11","isFullCredit":false},{"lineNumber":60,"author":{"gitId":"Poon Wei Xuan"},"content":"        tasks.get(taskIndex).markUndone();","lastModifiedDate":"2026-01-28T20:53:55","isFullCredit":false},{"lineNumber":61,"author":{"gitId":"Poon Wei Xuan"},"content":"        System.out.println(LINE);","lastModifiedDate":"2026-01-28T20:53:55","isFullCredit":false},{"lineNumber":62,"author":{"gitId":"Poon Wei Xuan"},"content":"        System.out.println(\"    OK, I\u0027ve marked this task as not done yet:\");","lastModifiedDate":"2026-01-28T20:53:55","isFullCredit":false},{"lineNumber":63,"author":{"gitId":"Poon Wei Xuan"},"content":"        System.out.println(\"      \" + tasks.get(taskIndex));","lastModifiedDate":"2026-01-28T20:53:55","isFullCredit":false},{"lineNumber":64,"author":{"gitId":"Poon Wei Xuan"},"content":"        System.out.println(LINE);","lastModifiedDate":"2026-01-28T20:53:55","isFullCredit":false},{"lineNumber":65,"author":{"gitId":"Poon Wei Xuan"},"content":"    }","lastModifiedDate":"2026-01-27T19:58:23","isFullCredit":false},{"lineNumber":66,"author":{"gitId":"Poon Wei Xuan"},"content":"","lastModifiedDate":"2026-01-29T14:43:41","isFullCredit":false},{"lineNumber":67,"author":{"gitId":"Poon Wei Xuan"},"content":"    private static void addToDo(String userInput) throws InvalidCommandException {","lastModifiedDate":"2026-01-31T22:05:11","isFullCredit":false},{"lineNumber":68,"author":{"gitId":"Poon Wei Xuan"},"content":"        if (!userInput.startsWith(\"todo \") || userInput.equals(\"todo \")) {","lastModifiedDate":"2026-01-31T22:05:11","isFullCredit":false},{"lineNumber":69,"author":{"gitId":"Poon Wei Xuan"},"content":"            throw new InvalidCommandException(\"Please specify todo task name.\");","lastModifiedDate":"2026-01-31T22:05:11","isFullCredit":false},{"lineNumber":70,"author":{"gitId":"Poon Wei Xuan"},"content":"        }","lastModifiedDate":"2026-01-31T22:05:11","isFullCredit":false},{"lineNumber":71,"author":{"gitId":"Poon Wei Xuan"},"content":"        String taskName \u003d userInput.substring(5);","lastModifiedDate":"2026-01-29T00:23:29","isFullCredit":false},{"lineNumber":72,"author":{"gitId":"Poon Wei Xuan"},"content":"        tasks.add(new ToDo(taskName));","lastModifiedDate":"2026-01-29T00:23:29","isFullCredit":false},{"lineNumber":73,"author":{"gitId":"Poon Wei Xuan"},"content":"        printTaskAdded();","lastModifiedDate":"2026-01-29T14:43:41","isFullCredit":false},{"lineNumber":74,"author":{"gitId":"Poon Wei Xuan"},"content":"    }","lastModifiedDate":"2026-01-29T00:23:29","isFullCredit":false},{"lineNumber":75,"author":{"gitId":"Poon Wei Xuan"},"content":"","lastModifiedDate":"2026-01-29T14:43:41","isFullCredit":false},{"lineNumber":76,"author":{"gitId":"Poon Wei Xuan"},"content":"    private static void addDeadline(String userInput) throws InvalidCommandException{","lastModifiedDate":"2026-01-31T22:05:11","isFullCredit":false},{"lineNumber":77,"author":{"gitId":"Poon Wei Xuan"},"content":"        int byIndex \u003d userInput.indexOf(\"/by \");","lastModifiedDate":"2026-01-31T22:05:11","isFullCredit":false},{"lineNumber":78,"author":{"gitId":"Poon Wei Xuan"},"content":"        if (!userInput.startsWith(\"deadline \") || userInput.equals(\"deadline \") || byIndex \u003d\u003d 9) {","lastModifiedDate":"2026-01-31T22:05:11","isFullCredit":false},{"lineNumber":79,"author":{"gitId":"Poon Wei Xuan"},"content":"            throw new InvalidCommandException(\"Please specify deadline task name.\");","lastModifiedDate":"2026-01-31T22:57:36","isFullCredit":false},{"lineNumber":80,"author":{"gitId":"Poon Wei Xuan"},"content":"        }","lastModifiedDate":"2026-01-31T22:05:11","isFullCredit":false},{"lineNumber":81,"author":{"gitId":"Poon Wei Xuan"},"content":"        if (byIndex \u003c 0) {","lastModifiedDate":"2026-01-31T22:05:11","isFullCredit":false},{"lineNumber":82,"author":{"gitId":"Poon Wei Xuan"},"content":"            throw new InvalidCommandException(\"Please specify a deadline.\");","lastModifiedDate":"2026-01-31T22:05:11","isFullCredit":false},{"lineNumber":83,"author":{"gitId":"Poon Wei Xuan"},"content":"        }","lastModifiedDate":"2026-01-31T22:05:11","isFullCredit":false},{"lineNumber":84,"author":{"gitId":"Poon Wei Xuan"},"content":"        String taskName \u003d userInput.substring(9, byIndex - 1);","lastModifiedDate":"2026-01-31T22:05:11","isFullCredit":false},{"lineNumber":85,"author":{"gitId":"Poon Wei Xuan"},"content":"        String deadline \u003d userInput.substring(byIndex + 4);","lastModifiedDate":"2026-01-31T22:05:11","isFullCredit":false},{"lineNumber":86,"author":{"gitId":"Poon Wei Xuan"},"content":"        tasks.add(new Deadline(taskName, deadline));","lastModifiedDate":"2026-01-29T00:23:29","isFullCredit":false},{"lineNumber":87,"author":{"gitId":"Poon Wei Xuan"},"content":"        printTaskAdded();","lastModifiedDate":"2026-01-29T14:43:41","isFullCredit":false},{"lineNumber":88,"author":{"gitId":"Poon Wei Xuan"},"content":"    }","lastModifiedDate":"2026-01-29T00:23:29","isFullCredit":false},{"lineNumber":89,"author":{"gitId":"Poon Wei Xuan"},"content":"","lastModifiedDate":"2026-01-29T14:43:41","isFullCredit":false},{"lineNumber":90,"author":{"gitId":"Poon Wei Xuan"},"content":"    private static void addEvent(String userInput) throws InvalidCommandException {","lastModifiedDate":"2026-01-31T22:05:11","isFullCredit":false},{"lineNumber":91,"author":{"gitId":"Poon Wei Xuan"},"content":"        int startIndex \u003d userInput.indexOf(\"/start \");","lastModifiedDate":"2026-01-31T22:05:11","isFullCredit":false},{"lineNumber":92,"author":{"gitId":"Poon Wei Xuan"},"content":"        int endIndex \u003d userInput.indexOf(\"/end \");","lastModifiedDate":"2026-01-31T22:05:11","isFullCredit":false},{"lineNumber":93,"author":{"gitId":"Poon Wei Xuan"},"content":"        if (!userInput.startsWith(\"event \") || userInput.equals(\"event \") || startIndex \u003d\u003d 6 || endIndex \u003d\u003d 6) {","lastModifiedDate":"2026-01-31T22:05:11","isFullCredit":false},{"lineNumber":94,"author":{"gitId":"Poon Wei Xuan"},"content":"            throw new InvalidCommandException(\"Please specify event task name.\");","lastModifiedDate":"2026-01-31T22:05:11","isFullCredit":false},{"lineNumber":95,"author":{"gitId":"Poon Wei Xuan"},"content":"        }","lastModifiedDate":"2026-01-31T22:05:11","isFullCredit":false},{"lineNumber":96,"author":{"gitId":"Poon Wei Xuan"},"content":"        if (startIndex \u003c 0) {","lastModifiedDate":"2026-01-31T22:05:11","isFullCredit":false},{"lineNumber":97,"author":{"gitId":"Poon Wei Xuan"},"content":"            throw new InvalidCommandException(\"Please specify a start time.\");","lastModifiedDate":"2026-01-31T22:05:11","isFullCredit":false},{"lineNumber":98,"author":{"gitId":"Poon Wei Xuan"},"content":"        }","lastModifiedDate":"2026-01-31T22:05:11","isFullCredit":false},{"lineNumber":99,"author":{"gitId":"Poon Wei Xuan"},"content":"        if (endIndex \u003c 0) {","lastModifiedDate":"2026-01-31T22:05:11","isFullCredit":false},{"lineNumber":100,"author":{"gitId":"Poon Wei Xuan"},"content":"            throw new InvalidCommandException(\"Please specify an end time.\");","lastModifiedDate":"2026-01-31T22:05:11","isFullCredit":false},{"lineNumber":101,"author":{"gitId":"Poon Wei Xuan"},"content":"        }","lastModifiedDate":"2026-01-31T22:05:11","isFullCredit":false},{"lineNumber":102,"author":{"gitId":"Poon Wei Xuan"},"content":"        if (endIndex \u003c startIndex) {","lastModifiedDate":"2026-01-31T22:05:11","isFullCredit":false},{"lineNumber":103,"author":{"gitId":"Poon Wei Xuan"},"content":"            throw new InvalidCommandException(\"Please specify start time followed by end time, in that order.\");","lastModifiedDate":"2026-01-31T22:05:11","isFullCredit":false},{"lineNumber":104,"author":{"gitId":"Poon Wei Xuan"},"content":"        }","lastModifiedDate":"2026-01-31T22:05:11","isFullCredit":false},{"lineNumber":105,"author":{"gitId":"Poon Wei Xuan"},"content":"        String taskName \u003d userInput.substring(6, userInput.indexOf(\"/start\") - 1);","lastModifiedDate":"2026-01-29T00:23:29","isFullCredit":false},{"lineNumber":106,"author":{"gitId":"Poon Wei Xuan"},"content":"        String startTime \u003d userInput.substring(userInput.indexOf(\"/start\") + 7, userInput.indexOf(\"/end\") - 1);","lastModifiedDate":"2026-01-29T00:23:29","isFullCredit":false},{"lineNumber":107,"author":{"gitId":"Poon Wei Xuan"},"content":"        String endTime \u003d userInput.substring(userInput.indexOf(\"/end\") + 5);","lastModifiedDate":"2026-01-29T00:23:29","isFullCredit":false},{"lineNumber":108,"author":{"gitId":"Poon Wei Xuan"},"content":"        tasks.add(new Event(taskName, startTime, endTime));","lastModifiedDate":"2026-01-29T00:23:29","isFullCredit":false},{"lineNumber":109,"author":{"gitId":"Poon Wei Xuan"},"content":"        printTaskAdded();","lastModifiedDate":"2026-01-29T14:43:41","isFullCredit":false},{"lineNumber":110,"author":{"gitId":"Poon Wei Xuan"},"content":"    }","lastModifiedDate":"2026-01-29T00:23:29","isFullCredit":false},{"lineNumber":111,"author":{"gitId":"Poon Wei Xuan"},"content":"","lastModifiedDate":"2026-01-29T14:43:41","isFullCredit":false},{"lineNumber":112,"author":{"gitId":"Poon Wei Xuan"},"content":"    private static void printTaskAdded() {","lastModifiedDate":"2026-01-29T14:43:41","isFullCredit":false},{"lineNumber":113,"author":{"gitId":"Poon Wei Xuan"},"content":"        System.out.println(LINE);","lastModifiedDate":"2026-01-27T19:58:23","isFullCredit":false},{"lineNumber":114,"author":{"gitId":"Poon Wei Xuan"},"content":"        System.out.println(\"    Got it. I\u0027ve added this task:\");","lastModifiedDate":"2026-01-29T00:23:29","isFullCredit":false},{"lineNumber":115,"author":{"gitId":"Poon Wei Xuan"},"content":"        System.out.println(\"      \" + tasks.getLast());","lastModifiedDate":"2026-01-29T00:23:29","isFullCredit":false},{"lineNumber":116,"author":{"gitId":"Poon Wei Xuan"},"content":"        System.out.println(\"    Now you have \" + tasks.size() + \" tasks in the list.\");","lastModifiedDate":"2026-01-29T16:02:23","isFullCredit":false},{"lineNumber":117,"author":{"gitId":"Poon Wei Xuan"},"content":"        System.out.println(LINE);","lastModifiedDate":"2026-01-27T19:58:23","isFullCredit":false},{"lineNumber":118,"author":{"gitId":"Poon Wei Xuan"},"content":"    }","lastModifiedDate":"2026-01-27T19:58:23","isFullCredit":false},{"lineNumber":119,"author":{"gitId":"Poon Wei Xuan"},"content":"","lastModifiedDate":"2026-01-29T14:43:41","isFullCredit":false},{"lineNumber":120,"author":{"gitId":"Poon Wei Xuan"},"content":"    private static void printHelp() {","lastModifiedDate":"2026-01-31T22:05:11","isFullCredit":false},{"lineNumber":121,"author":{"gitId":"Poon Wei Xuan"},"content":"        System.out.println(LINE);","lastModifiedDate":"2026-01-31T22:05:11","isFullCredit":false},{"lineNumber":122,"author":{"gitId":"Poon Wei Xuan"},"content":"        System.out.println(\"    Here are the available commands:\");","lastModifiedDate":"2026-01-31T22:05:11","isFullCredit":false},{"lineNumber":123,"author":{"gitId":"Poon Wei Xuan"},"content":"        System.out.println(\"        list: displays the tasks in your list.\");","lastModifiedDate":"2026-01-31T22:05:11","isFullCredit":false},{"lineNumber":124,"author":{"gitId":"Poon Wei Xuan"},"content":"        System.out.println(\"        todo \u003ctask_name\u003e: adds a todo task.\");","lastModifiedDate":"2026-01-31T22:05:11","isFullCredit":false},{"lineNumber":125,"author":{"gitId":"Poon Wei Xuan"},"content":"        System.out.println(\"        deadline \u003ctask_name\u003e /by \u003cdeadline\u003e: adds a deadline task.\");","lastModifiedDate":"2026-01-31T22:05:11","isFullCredit":false},{"lineNumber":126,"author":{"gitId":"Poon Wei Xuan"},"content":"        System.out.println(\"        event \u003ctask_name\u003e /start \u003cstart_time\u003e /end \u003cend_time\u003e: adds an event task.\");","lastModifiedDate":"2026-01-31T22:05:11","isFullCredit":false},{"lineNumber":127,"author":{"gitId":"Poon Wei Xuan"},"content":"        System.out.println(\"        mark \u003centry_number\u003e: marks a task as done.\");","lastModifiedDate":"2026-01-31T22:57:36","isFullCredit":false},{"lineNumber":128,"author":{"gitId":"Poon Wei Xuan"},"content":"        System.out.println(\"        unmark \u003centry_number\u003e: marks a task as undone.\");","lastModifiedDate":"2026-01-31T22:57:36","isFullCredit":false},{"lineNumber":129,"author":{"gitId":"Poon Wei Xuan"},"content":"        System.out.println(LINE);","lastModifiedDate":"2026-01-31T22:05:11","isFullCredit":false},{"lineNumber":130,"author":{"gitId":"Poon Wei Xuan"},"content":"    }","lastModifiedDate":"2026-01-31T22:05:11","isFullCredit":false},{"lineNumber":131,"author":{"gitId":"Poon Wei Xuan"},"content":"","lastModifiedDate":"2026-01-31T22:05:11","isFullCredit":false},{"lineNumber":132,"author":{"gitId":"Poon Wei Xuan"},"content":"    private static void deleteTask(String userInput) throws InvalidCommandException {","lastModifiedDate":"2026-01-31T23:23:45","isFullCredit":false},{"lineNumber":133,"author":{"gitId":"Poon Wei Xuan"},"content":"        if (!userInput.startsWith(\"delete \") || userInput.equals(\"delete \")) {","lastModifiedDate":"2026-01-31T23:23:45","isFullCredit":false},{"lineNumber":134,"author":{"gitId":"Poon Wei Xuan"},"content":"            throw new InvalidCommandException(\"Please specify an entry to delete.\");","lastModifiedDate":"2026-01-31T23:23:45","isFullCredit":false},{"lineNumber":135,"author":{"gitId":"Poon Wei Xuan"},"content":"        }","lastModifiedDate":"2026-01-31T23:23:45","isFullCredit":false},{"lineNumber":136,"author":{"gitId":"Poon Wei Xuan"},"content":"        int taskIndex \u003d Integer.parseInt(userInput.substring(7)) - 1;","lastModifiedDate":"2026-01-31T23:23:45","isFullCredit":false},{"lineNumber":137,"author":{"gitId":"Poon Wei Xuan"},"content":"        if (taskIndex \u003e tasks.size() - 1 || taskIndex \u003c 0) {","lastModifiedDate":"2026-01-31T23:23:45","isFullCredit":false},{"lineNumber":138,"author":{"gitId":"Poon Wei Xuan"},"content":"            throw new InvalidCommandException(\"Cannot delete an entry that is not in the list!\");","lastModifiedDate":"2026-01-31T23:23:45","isFullCredit":false},{"lineNumber":139,"author":{"gitId":"Poon Wei Xuan"},"content":"        }","lastModifiedDate":"2026-01-31T23:23:45","isFullCredit":false},{"lineNumber":140,"author":{"gitId":"Poon Wei Xuan"},"content":"        Task remove \u003d tasks.remove(taskIndex);","lastModifiedDate":"2026-01-31T23:23:45","isFullCredit":false},{"lineNumber":141,"author":{"gitId":"Poon Wei Xuan"},"content":"        System.out.println(LINE);","lastModifiedDate":"2026-01-31T23:23:45","isFullCredit":false},{"lineNumber":142,"author":{"gitId":"Poon Wei Xuan"},"content":"        System.out.println(\"    Noted. I\u0027ve removed this task:\");","lastModifiedDate":"2026-01-31T23:23:45","isFullCredit":false},{"lineNumber":143,"author":{"gitId":"Poon Wei Xuan"},"content":"        System.out.println(\"      \" + remove);","lastModifiedDate":"2026-01-31T23:23:45","isFullCredit":false},{"lineNumber":144,"author":{"gitId":"Poon Wei Xuan"},"content":"        System.out.println(\"    Now you have \" + tasks.size() + \" tasks in the list.\");","lastModifiedDate":"2026-01-31T23:23:45","isFullCredit":false},{"lineNumber":145,"author":{"gitId":"Poon Wei Xuan"},"content":"        System.out.println(LINE);","lastModifiedDate":"2026-01-31T23:23:45","isFullCredit":false},{"lineNumber":146,"author":{"gitId":"Poon Wei Xuan"},"content":"    }","lastModifiedDate":"2026-01-31T23:23:45","isFullCredit":false},{"lineNumber":147,"author":{"gitId":"Poon Wei Xuan"},"content":"","lastModifiedDate":"2026-01-31T23:23:45","isFullCredit":false},{"lineNumber":148,"author":{"gitId":"Poon Wei Xuan"},"content":"    private static Command extractCommand(String userInput) {","lastModifiedDate":"2026-01-31T23:54:41","isFullCredit":false},{"lineNumber":149,"author":{"gitId":"Poon Wei Xuan"},"content":"        if (userInput.equals(\"bye\")) {","lastModifiedDate":"2026-01-31T23:54:41","isFullCredit":false},{"lineNumber":150,"author":{"gitId":"Poon Wei Xuan"},"content":"            return Command.EXIT;","lastModifiedDate":"2026-01-31T23:54:41","isFullCredit":false},{"lineNumber":151,"author":{"gitId":"Poon Wei Xuan"},"content":"        }","lastModifiedDate":"2026-01-31T23:54:41","isFullCredit":false},{"lineNumber":152,"author":{"gitId":"Poon Wei Xuan"},"content":"        if (userInput.equals(\"list\")) {","lastModifiedDate":"2026-01-31T23:54:41","isFullCredit":false},{"lineNumber":153,"author":{"gitId":"Poon Wei Xuan"},"content":"            return Command.LIST;","lastModifiedDate":"2026-01-31T23:54:41","isFullCredit":false},{"lineNumber":154,"author":{"gitId":"Poon Wei Xuan"},"content":"        }","lastModifiedDate":"2026-01-31T23:54:41","isFullCredit":false},{"lineNumber":155,"author":{"gitId":"Poon Wei Xuan"},"content":"        if (userInput.startsWith(\"mark\")) {","lastModifiedDate":"2026-01-31T23:54:41","isFullCredit":false},{"lineNumber":156,"author":{"gitId":"Poon Wei Xuan"},"content":"            return Command.MARK;","lastModifiedDate":"2026-01-31T23:54:41","isFullCredit":false},{"lineNumber":157,"author":{"gitId":"Poon Wei Xuan"},"content":"        }","lastModifiedDate":"2026-01-31T23:54:41","isFullCredit":false},{"lineNumber":158,"author":{"gitId":"Poon Wei Xuan"},"content":"        if (userInput.startsWith(\"unmark\")) {","lastModifiedDate":"2026-01-31T23:54:41","isFullCredit":false},{"lineNumber":159,"author":{"gitId":"Poon Wei Xuan"},"content":"            return Command.UNMARK;","lastModifiedDate":"2026-01-31T23:54:41","isFullCredit":false},{"lineNumber":160,"author":{"gitId":"Poon Wei Xuan"},"content":"        }","lastModifiedDate":"2026-01-31T23:54:41","isFullCredit":false},{"lineNumber":161,"author":{"gitId":"Poon Wei Xuan"},"content":"        if (userInput.startsWith(\"todo\")) {","lastModifiedDate":"2026-01-31T23:54:41","isFullCredit":false},{"lineNumber":162,"author":{"gitId":"Poon Wei Xuan"},"content":"            return Command.TODO;","lastModifiedDate":"2026-01-31T23:54:41","isFullCredit":false},{"lineNumber":163,"author":{"gitId":"Poon Wei Xuan"},"content":"        }","lastModifiedDate":"2026-01-31T23:54:41","isFullCredit":false},{"lineNumber":164,"author":{"gitId":"Poon Wei Xuan"},"content":"        if (userInput.startsWith(\"deadline\")) {","lastModifiedDate":"2026-01-31T23:54:41","isFullCredit":false},{"lineNumber":165,"author":{"gitId":"Poon Wei Xuan"},"content":"            return Command.DEADLINE;","lastModifiedDate":"2026-01-31T23:54:41","isFullCredit":false},{"lineNumber":166,"author":{"gitId":"Poon Wei Xuan"},"content":"        }","lastModifiedDate":"2026-01-31T23:54:41","isFullCredit":false},{"lineNumber":167,"author":{"gitId":"Poon Wei Xuan"},"content":"        if (userInput.startsWith(\"event\")) {","lastModifiedDate":"2026-01-31T23:54:41","isFullCredit":false},{"lineNumber":168,"author":{"gitId":"Poon Wei Xuan"},"content":"            return Command.EVENT;","lastModifiedDate":"2026-01-31T23:54:41","isFullCredit":false},{"lineNumber":169,"author":{"gitId":"Poon Wei Xuan"},"content":"        }","lastModifiedDate":"2026-01-31T23:54:41","isFullCredit":false},{"lineNumber":170,"author":{"gitId":"Poon Wei Xuan"},"content":"        if (userInput.equals(\"help\")) {","lastModifiedDate":"2026-01-31T23:54:41","isFullCredit":false},{"lineNumber":171,"author":{"gitId":"Poon Wei Xuan"},"content":"            return Command.HELP;","lastModifiedDate":"2026-01-31T23:54:41","isFullCredit":false},{"lineNumber":172,"author":{"gitId":"Poon Wei Xuan"},"content":"        }","lastModifiedDate":"2026-01-31T23:54:41","isFullCredit":false},{"lineNumber":173,"author":{"gitId":"Poon Wei Xuan"},"content":"        if (userInput.startsWith(\"delete\")) {","lastModifiedDate":"2026-01-31T23:54:41","isFullCredit":false},{"lineNumber":174,"author":{"gitId":"Poon Wei Xuan"},"content":"            return Command.DELETE;","lastModifiedDate":"2026-01-31T23:54:41","isFullCredit":false},{"lineNumber":175,"author":{"gitId":"Poon Wei Xuan"},"content":"        }","lastModifiedDate":"2026-01-31T23:54:41","isFullCredit":false},{"lineNumber":176,"author":{"gitId":"Poon Wei Xuan"},"content":"        return Command.UNKNOWN;","lastModifiedDate":"2026-01-31T23:54:41","isFullCredit":false},{"lineNumber":177,"author":{"gitId":"Poon Wei Xuan"},"content":"    }","lastModifiedDate":"2026-01-31T23:54:41","isFullCredit":false},{"lineNumber":178,"author":{"gitId":"Poon Wei Xuan"},"content":"","lastModifiedDate":"2026-01-31T23:54:41","isFullCredit":false},{"lineNumber":179,"author":{"gitId":"Poon Wei Xuan"},"content":"    public static void main(String[] args) {","lastModifiedDate":"2026-01-29T14:43:41","isFullCredit":false},{"lineNumber":180,"author":{"gitId":"Poon Wei Xuan"},"content":"        printGreeting();","lastModifiedDate":"2026-01-29T14:43:41","isFullCredit":false},{"lineNumber":181,"author":{"gitId":"Poon Wei Xuan"},"content":"        Scanner scanner \u003d new Scanner(System.in);","lastModifiedDate":"2026-01-29T14:43:41","isFullCredit":false},{"lineNumber":182,"author":{"gitId":"Poon Wei Xuan"},"content":"        while (true) {","lastModifiedDate":"2026-01-29T14:43:41","isFullCredit":false},{"lineNumber":183,"author":{"gitId":"Poon Wei Xuan"},"content":"            try {","lastModifiedDate":"2026-01-31T22:05:11","isFullCredit":false},{"lineNumber":184,"author":{"gitId":"Poon Wei Xuan"},"content":"                String userInput \u003d scanner.nextLine();","lastModifiedDate":"2026-01-29T14:43:41","isFullCredit":false},{"lineNumber":185,"author":{"gitId":"Poon Wei Xuan"},"content":"                Command cmd \u003d extractCommand(userInput);","lastModifiedDate":"2026-01-31T23:54:41","isFullCredit":false},{"lineNumber":186,"author":{"gitId":"Poon Wei Xuan"},"content":"                if (cmd \u003d\u003d Command.EXIT) {","lastModifiedDate":"2026-01-31T23:54:41","isFullCredit":false},{"lineNumber":187,"author":{"gitId":"Poon Wei Xuan"},"content":"                    printExit();","lastModifiedDate":"2026-01-29T14:43:41","isFullCredit":false},{"lineNumber":188,"author":{"gitId":"Poon Wei Xuan"},"content":"                    break;","lastModifiedDate":"2026-01-29T14:43:41","isFullCredit":false},{"lineNumber":189,"author":{"gitId":"Poon Wei Xuan"},"content":"                } else if (cmd \u003d\u003d Command.LIST) {","lastModifiedDate":"2026-01-31T23:54:41","isFullCredit":false},{"lineNumber":190,"author":{"gitId":"Poon Wei Xuan"},"content":"                    printTaskList();","lastModifiedDate":"2026-01-29T14:43:41","isFullCredit":false},{"lineNumber":191,"author":{"gitId":"Poon Wei Xuan"},"content":"                } else if (cmd \u003d\u003d Command.MARK) {","lastModifiedDate":"2026-01-31T23:54:41","isFullCredit":false},{"lineNumber":192,"author":{"gitId":"Poon Wei Xuan"},"content":"                    markTask(userInput);","lastModifiedDate":"2026-01-29T14:43:41","isFullCredit":false},{"lineNumber":193,"author":{"gitId":"Poon Wei Xuan"},"content":"                } else if (cmd \u003d\u003d Command.UNMARK) {","lastModifiedDate":"2026-01-31T23:54:41","isFullCredit":false},{"lineNumber":194,"author":{"gitId":"Poon Wei Xuan"},"content":"                    unmarkTask(userInput);","lastModifiedDate":"2026-01-29T14:43:41","isFullCredit":false},{"lineNumber":195,"author":{"gitId":"Poon Wei Xuan"},"content":"                } else if (cmd \u003d\u003d Command.TODO) {","lastModifiedDate":"2026-01-31T23:54:41","isFullCredit":false},{"lineNumber":196,"author":{"gitId":"Poon Wei Xuan"},"content":"                    addToDo(userInput);","lastModifiedDate":"2026-01-29T14:43:41","isFullCredit":false},{"lineNumber":197,"author":{"gitId":"Poon Wei Xuan"},"content":"                } else if (cmd \u003d\u003d Command.DEADLINE) {","lastModifiedDate":"2026-01-31T23:54:41","isFullCredit":false},{"lineNumber":198,"author":{"gitId":"Poon Wei Xuan"},"content":"                    addDeadline(userInput);","lastModifiedDate":"2026-01-29T14:43:41","isFullCredit":false},{"lineNumber":199,"author":{"gitId":"Poon Wei Xuan"},"content":"                } else if (cmd \u003d\u003d Command.EVENT) {","lastModifiedDate":"2026-01-31T23:54:41","isFullCredit":false},{"lineNumber":200,"author":{"gitId":"Poon Wei Xuan"},"content":"                    addEvent(userInput);","lastModifiedDate":"2026-01-29T14:43:41","isFullCredit":false},{"lineNumber":201,"author":{"gitId":"Poon Wei Xuan"},"content":"                } else if (cmd \u003d\u003d Command.HELP) {","lastModifiedDate":"2026-01-31T23:54:41","isFullCredit":false},{"lineNumber":202,"author":{"gitId":"Poon Wei Xuan"},"content":"                    printHelp();","lastModifiedDate":"2026-01-31T22:05:11","isFullCredit":false},{"lineNumber":203,"author":{"gitId":"Poon Wei Xuan"},"content":"                } else if (cmd \u003d\u003d Command.DELETE) {","lastModifiedDate":"2026-01-31T23:54:41","isFullCredit":false},{"lineNumber":204,"author":{"gitId":"Poon Wei Xuan"},"content":"                    deleteTask(userInput);","lastModifiedDate":"2026-01-31T23:23:45","isFullCredit":false},{"lineNumber":205,"author":{"gitId":"Poon Wei Xuan"},"content":"                } else {","lastModifiedDate":"2026-01-29T14:43:41","isFullCredit":false},{"lineNumber":206,"author":{"gitId":"Poon Wei Xuan"},"content":"                    throw new InvalidCommandException(\"I\u0027m not quite sure what you meant.\\n    Type \\\"help\\\" if you wish to view a list of available commands.\");","lastModifiedDate":"2026-01-31T22:05:11","isFullCredit":false},{"lineNumber":207,"author":{"gitId":"Poon Wei Xuan"},"content":"                }","lastModifiedDate":"2026-01-31T22:05:11","isFullCredit":false},{"lineNumber":208,"author":{"gitId":"Poon Wei Xuan"},"content":"            } catch (NumberFormatException e) {","lastModifiedDate":"2026-01-31T22:05:11","isFullCredit":false},{"lineNumber":209,"author":{"gitId":"Poon Wei Xuan"},"content":"                System.out.println(LINE);","lastModifiedDate":"2026-01-31T22:05:11","isFullCredit":false},{"lineNumber":210,"author":{"gitId":"Poon Wei Xuan"},"content":"                System.out.println(\"    Entry must be an integer!\");","lastModifiedDate":"2026-01-31T22:05:11","isFullCredit":false},{"lineNumber":211,"author":{"gitId":"Poon Wei Xuan"},"content":"                System.out.println(LINE);","lastModifiedDate":"2026-01-31T22:05:11","isFullCredit":false},{"lineNumber":212,"author":{"gitId":"Poon Wei Xuan"},"content":"            } catch (InvalidCommandException e) {","lastModifiedDate":"2026-01-31T22:05:11","isFullCredit":false},{"lineNumber":213,"author":{"gitId":"Poon Wei Xuan"},"content":"                System.out.println(LINE);","lastModifiedDate":"2026-01-31T22:05:11","isFullCredit":false},{"lineNumber":214,"author":{"gitId":"Poon Wei Xuan"},"content":"                System.out.println(\"    \" + e.getMessage());","lastModifiedDate":"2026-01-31T22:05:11","isFullCredit":false},{"lineNumber":215,"author":{"gitId":"Poon Wei Xuan"},"content":"                System.out.println(LINE);","lastModifiedDate":"2026-01-31T22:05:11","isFullCredit":false},{"lineNumber":216,"author":{"gitId":"Poon Wei Xuan"},"content":"            }","lastModifiedDate":"2026-01-29T14:43:41","isFullCredit":false},{"lineNumber":217,"author":{"gitId":"Poon Wei Xuan"},"content":"        }","lastModifiedDate":"2026-01-27T18:22:31","isFullCredit":false},{"lineNumber":218,"author":{"gitId":"Poon Wei Xuan"},"content":"    }","lastModifiedDate":"2026-01-27T17:46:08","isFullCredit":false},{"lineNumber":219,"author":{"gitId":"Poon Wei Xuan"},"content":"}","lastModifiedDate":"2026-01-27T17:46:08","isFullCredit":false}],"authorContributionMap":{"Poon Wei Xuan":219}},{"path":"src/main/java/Event.java","fileType":"java","lines":[{"lineNumber":1,"author":{"gitId":"Poon Wei Xuan"},"content":"public class Event extends Task {","lastModifiedDate":"2026-01-28T22:34:00","isFullCredit":false},{"lineNumber":2,"author":{"gitId":"Poon Wei Xuan"},"content":"    private String startTime;","lastModifiedDate":"2026-01-28T22:34:00","isFullCredit":false},{"lineNumber":3,"author":{"gitId":"Poon Wei Xuan"},"content":"    private String endTime;","lastModifiedDate":"2026-01-28T22:34:00","isFullCredit":false},{"lineNumber":4,"author":{"gitId":"Poon Wei Xuan"},"content":"","lastModifiedDate":"2026-01-28T22:34:00","isFullCredit":false},{"lineNumber":5,"author":{"gitId":"Poon Wei Xuan"},"content":"    public Event(String taskName, String startTime, String endTime) {","lastModifiedDate":"2026-01-28T22:34:00","isFullCredit":false},{"lineNumber":6,"author":{"gitId":"Poon Wei Xuan"},"content":"        super(taskName);","lastModifiedDate":"2026-01-28T22:34:00","isFullCredit":false},{"lineNumber":7,"author":{"gitId":"Poon Wei Xuan"},"content":"        this.startTime \u003d startTime;","lastModifiedDate":"2026-01-28T22:34:00","isFullCredit":false},{"lineNumber":8,"author":{"gitId":"Poon Wei Xuan"},"content":"        this.endTime \u003d endTime;","lastModifiedDate":"2026-01-28T22:34:00","isFullCredit":false},{"lineNumber":9,"author":{"gitId":"Poon Wei Xuan"},"content":"    }","lastModifiedDate":"2026-01-28T22:34:00","isFullCredit":false},{"lineNumber":10,"author":{"gitId":"Poon Wei Xuan"},"content":"","lastModifiedDate":"2026-01-28T22:34:00","isFullCredit":false},{"lineNumber":11,"author":{"gitId":"Poon Wei Xuan"},"content":"    public String toString() {","lastModifiedDate":"2026-01-28T22:34:00","isFullCredit":false},{"lineNumber":12,"author":{"gitId":"Poon Wei Xuan"},"content":"        return \"[E]\" + super.toString() + \" (start: \" + startTime + \", end: \" + endTime + \")\";","lastModifiedDate":"2026-01-29T17:12:10","isFullCredit":false},{"lineNumber":13,"author":{"gitId":"Poon Wei Xuan"},"content":"    }","lastModifiedDate":"2026-01-28T22:34:00","isFullCredit":false},{"lineNumber":14,"author":{"gitId":"Poon Wei Xuan"},"content":"}","lastModifiedDate":"2026-01-28T22:34:00","isFullCredit":false}],"authorContributionMap":{"Poon Wei Xuan":14}},{"path":"src/main/java/InvalidCommandException.java","fileType":"java","lines":[{"lineNumber":1,"author":{"gitId":"Poon Wei Xuan"},"content":"public class InvalidCommandException extends Exception {","lastModifiedDate":"2026-01-31T22:05:11","isFullCredit":false},{"lineNumber":2,"author":{"gitId":"Poon Wei Xuan"},"content":"    public InvalidCommandException (String message) {","lastModifiedDate":"2026-01-31T22:05:11","isFullCredit":false},{"lineNumber":3,"author":{"gitId":"Poon Wei Xuan"},"content":"        super(message);","lastModifiedDate":"2026-01-31T22:05:11","isFullCredit":false},{"lineNumber":4,"author":{"gitId":"Poon Wei Xuan"},"content":"    }","lastModifiedDate":"2026-01-31T22:05:11","isFullCredit":false},{"lineNumber":5,"author":{"gitId":"Poon Wei Xuan"},"content":"}","lastModifiedDate":"2026-01-31T22:05:11","isFullCredit":false}],"authorContributionMap":{"Poon Wei Xuan":5}},{"path":"src/main/java/Task.java","fileType":"java","lines":[{"lineNumber":1,"author":{"gitId":"Poon Wei Xuan"},"content":"public abstract class Task {","lastModifiedDate":"2026-01-29T17:12:10","isFullCredit":false},{"lineNumber":2,"author":{"gitId":"Poon Wei Xuan"},"content":"    private String taskName;","lastModifiedDate":"2026-01-28T22:34:00","isFullCredit":false},{"lineNumber":3,"author":{"gitId":"Poon Wei Xuan"},"content":"    private boolean isDone;","lastModifiedDate":"2026-01-28T20:53:35","isFullCredit":false},{"lineNumber":4,"author":{"gitId":"Poon Wei Xuan"},"content":"","lastModifiedDate":"2026-01-28T20:53:35","isFullCredit":false},{"lineNumber":5,"author":{"gitId":"Poon Wei Xuan"},"content":"    public Task(String taskName) {","lastModifiedDate":"2026-01-28T20:53:35","isFullCredit":false},{"lineNumber":6,"author":{"gitId":"Poon Wei Xuan"},"content":"        this.taskName \u003d taskName;","lastModifiedDate":"2026-01-28T20:53:35","isFullCredit":false},{"lineNumber":7,"author":{"gitId":"Poon Wei Xuan"},"content":"        isDone \u003d false;","lastModifiedDate":"2026-01-28T20:53:35","isFullCredit":false},{"lineNumber":8,"author":{"gitId":"Poon Wei Xuan"},"content":"    }","lastModifiedDate":"2026-01-28T20:53:35","isFullCredit":false},{"lineNumber":9,"author":{"gitId":"Poon Wei Xuan"},"content":"","lastModifiedDate":"2026-01-28T20:53:35","isFullCredit":false},{"lineNumber":10,"author":{"gitId":"Poon Wei Xuan"},"content":"    public void markDone() {","lastModifiedDate":"2026-01-28T20:53:35","isFullCredit":false},{"lineNumber":11,"author":{"gitId":"Poon Wei Xuan"},"content":"        isDone \u003d true;","lastModifiedDate":"2026-01-28T20:53:35","isFullCredit":false},{"lineNumber":12,"author":{"gitId":"Poon Wei Xuan"},"content":"    }","lastModifiedDate":"2026-01-28T20:53:35","isFullCredit":false},{"lineNumber":13,"author":{"gitId":"Poon Wei Xuan"},"content":"","lastModifiedDate":"2026-01-28T20:53:35","isFullCredit":false},{"lineNumber":14,"author":{"gitId":"Poon Wei Xuan"},"content":"    public void markUndone() {","lastModifiedDate":"2026-01-28T20:53:35","isFullCredit":false},{"lineNumber":15,"author":{"gitId":"Poon Wei Xuan"},"content":"        isDone \u003d false;","lastModifiedDate":"2026-01-28T20:53:35","isFullCredit":false},{"lineNumber":16,"author":{"gitId":"Poon Wei Xuan"},"content":"    }","lastModifiedDate":"2026-01-28T20:53:35","isFullCredit":false},{"lineNumber":17,"author":{"gitId":"Poon Wei Xuan"},"content":"","lastModifiedDate":"2026-01-28T20:53:35","isFullCredit":false},{"lineNumber":18,"author":{"gitId":"Poon Wei Xuan"},"content":"    public String toString() {","lastModifiedDate":"2026-01-28T20:53:35","isFullCredit":false},{"lineNumber":19,"author":{"gitId":"Poon Wei Xuan"},"content":"        if (isDone) {","lastModifiedDate":"2026-01-28T20:53:35","isFullCredit":false},{"lineNumber":20,"author":{"gitId":"Poon Wei Xuan"},"content":"            return \"[X] \" + taskName;","lastModifiedDate":"2026-01-28T20:53:35","isFullCredit":false},{"lineNumber":21,"author":{"gitId":"Poon Wei Xuan"},"content":"        }","lastModifiedDate":"2026-01-28T20:53:35","isFullCredit":false},{"lineNumber":22,"author":{"gitId":"Poon Wei Xuan"},"content":"        return \"[ ] \" + taskName;","lastModifiedDate":"2026-01-28T20:53:35","isFullCredit":false},{"lineNumber":23,"author":{"gitId":"Poon Wei Xuan"},"content":"    }","lastModifiedDate":"2026-01-28T20:53:35","isFullCredit":false},{"lineNumber":24,"author":{"gitId":"Poon Wei Xuan"},"content":"}","lastModifiedDate":"2026-01-28T20:53:35","isFullCredit":false}],"authorContributionMap":{"Poon Wei Xuan":24}},{"path":"src/main/java/ToDo.java","fileType":"java","lines":[{"lineNumber":1,"author":{"gitId":"Poon Wei Xuan"},"content":"public class ToDo extends Task {","lastModifiedDate":"2026-01-28T22:34:00","isFullCredit":false},{"lineNumber":2,"author":{"gitId":"Poon Wei Xuan"},"content":"    public ToDo(String taskName) {","lastModifiedDate":"2026-01-28T22:34:00","isFullCredit":false},{"lineNumber":3,"author":{"gitId":"Poon Wei Xuan"},"content":"        super(taskName);","lastModifiedDate":"2026-01-28T22:34:00","isFullCredit":false},{"lineNumber":4,"author":{"gitId":"Poon Wei Xuan"},"content":"    }","lastModifiedDate":"2026-01-28T22:34:00","isFullCredit":false},{"lineNumber":5,"author":{"gitId":"Poon Wei Xuan"},"content":"","lastModifiedDate":"2026-01-28T22:34:00","isFullCredit":false},{"lineNumber":6,"author":{"gitId":"Poon Wei Xuan"},"content":"    public String toString() {","lastModifiedDate":"2026-01-28T22:34:00","isFullCredit":false},{"lineNumber":7,"author":{"gitId":"Poon Wei Xuan"},"content":"        return \"[T]\" + super.toString();","lastModifiedDate":"2026-01-29T17:12:10","isFullCredit":false},{"lineNumber":8,"author":{"gitId":"Poon Wei Xuan"},"content":"    }","lastModifiedDate":"2026-01-28T22:34:00","isFullCredit":false},{"lineNumber":9,"author":{"gitId":"Poon Wei Xuan"},"content":"}","lastModifiedDate":"2026-01-28T22:34:00","isFullCredit":false}],"authorContributionMap":{"Poon Wei Xuan":9}},{"path":"text-ui-test/input.txt","fileType":"txt","lines":[{"lineNumber":1,"author":{"gitId":"Poon Wei Xuan"},"content":"list","lastModifiedDate":"2026-01-29T16:02:23","isFullCredit":false},{"lineNumber":2,"author":{"gitId":"Poon Wei Xuan"},"content":"task 1","lastModifiedDate":"2026-01-29T16:02:23","isFullCredit":false},{"lineNumber":3,"author":{"gitId":"Poon Wei Xuan"},"content":"help","lastModifiedDate":"2026-01-31T22:58:18","isFullCredit":false},{"lineNumber":4,"author":{"gitId":"Poon Wei Xuan"},"content":"list","lastModifiedDate":"2026-01-29T16:02:23","isFullCredit":false},{"lineNumber":5,"author":{"gitId":"Poon Wei Xuan"},"content":"mark 1","lastModifiedDate":"2026-01-29T16:02:23","isFullCredit":false},{"lineNumber":6,"author":{"gitId":"Poon Wei Xuan"},"content":"mark abc","lastModifiedDate":"2026-01-31T23:23:45","isFullCredit":false},{"lineNumber":7,"author":{"gitId":"Poon Wei Xuan"},"content":"mark","lastModifiedDate":"2026-01-31T22:58:18","isFullCredit":false},{"lineNumber":8,"author":{"gitId":"Poon Wei Xuan"},"content":"unmark 1","lastModifiedDate":"2026-01-29T16:02:23","isFullCredit":false},{"lineNumber":9,"author":{"gitId":"Poon Wei Xuan"},"content":"todo","lastModifiedDate":"2026-01-31T22:58:18","isFullCredit":false},{"lineNumber":10,"author":{"gitId":"Poon Wei Xuan"},"content":"todo todo task 1","lastModifiedDate":"2026-01-29T16:02:23","isFullCredit":false},{"lineNumber":11,"author":{"gitId":"Poon Wei Xuan"},"content":"list","lastModifiedDate":"2026-01-29T16:02:23","isFullCredit":false},{"lineNumber":12,"author":{"gitId":"Poon Wei Xuan"},"content":"mark 1","lastModifiedDate":"2026-01-31T22:58:18","isFullCredit":false},{"lineNumber":13,"author":{"gitId":"Poon Wei Xuan"},"content":"list","lastModifiedDate":"2026-01-29T16:02:23","isFullCredit":false},{"lineNumber":14,"author":{"gitId":"Poon Wei Xuan"},"content":"delete","lastModifiedDate":"2026-01-31T23:23:45","isFullCredit":false},{"lineNumber":15,"author":{"gitId":"Poon Wei Xuan"},"content":"delete a","lastModifiedDate":"2026-01-31T23:23:45","isFullCredit":false},{"lineNumber":16,"author":{"gitId":"Poon Wei Xuan"},"content":"delete 3","lastModifiedDate":"2026-01-31T23:23:45","isFullCredit":false},{"lineNumber":17,"author":{"gitId":"Poon Wei Xuan"},"content":"delete 1","lastModifiedDate":"2026-01-31T23:23:45","isFullCredit":false},{"lineNumber":18,"author":{"gitId":"Poon Wei Xuan"},"content":"list","lastModifiedDate":"2026-01-31T23:23:45","isFullCredit":false},{"lineNumber":19,"author":{"gitId":"Poon Wei Xuan"},"content":"todo todo task 2","lastModifiedDate":"2026-01-31T23:23:45","isFullCredit":false},{"lineNumber":20,"author":{"gitId":"Poon Wei Xuan"},"content":"deadline","lastModifiedDate":"2026-01-31T22:58:18","isFullCredit":false},{"lineNumber":21,"author":{"gitId":"Poon Wei Xuan"},"content":"deadline/by 14th March","lastModifiedDate":"2026-01-31T22:58:18","isFullCredit":false},{"lineNumber":22,"author":{"gitId":"Poon Wei Xuan"},"content":"deadline /by 14th March","lastModifiedDate":"2026-01-31T22:58:18","isFullCredit":false},{"lineNumber":23,"author":{"gitId":"Poon Wei Xuan"},"content":"deadline test","lastModifiedDate":"2026-01-31T22:58:18","isFullCredit":false},{"lineNumber":24,"author":{"gitId":"Poon Wei Xuan"},"content":"deadline assignment1 /by 14th March","lastModifiedDate":"2026-01-31T22:58:18","isFullCredit":false},{"lineNumber":25,"author":{"gitId":"Poon Wei Xuan"},"content":"list","lastModifiedDate":"2026-01-29T16:02:23","isFullCredit":false},{"lineNumber":26,"author":{"gitId":"Poon Wei Xuan"},"content":"event","lastModifiedDate":"2026-01-31T22:58:18","isFullCredit":false},{"lineNumber":27,"author":{"gitId":"Poon Wei Xuan"},"content":"event /start 1000","lastModifiedDate":"2026-01-31T22:58:18","isFullCredit":false},{"lineNumber":28,"author":{"gitId":"Poon Wei Xuan"},"content":"event test /start 1000","lastModifiedDate":"2026-01-31T22:58:18","isFullCredit":false},{"lineNumber":29,"author":{"gitId":"Poon Wei Xuan"},"content":"event test /end 1000 /start 1100","lastModifiedDate":"2026-01-31T22:58:18","isFullCredit":false},{"lineNumber":30,"author":{"gitId":"Poon Wei Xuan"},"content":"event event task 1 /start 10th Feb 0800 /end 11th Feb 2100","lastModifiedDate":"2026-01-29T16:02:23","isFullCredit":false},{"lineNumber":31,"author":{"gitId":"Poon Wei Xuan"},"content":"list","lastModifiedDate":"2026-01-29T16:02:23","isFullCredit":false},{"lineNumber":32,"author":{"gitId":"Poon Wei Xuan"},"content":"mark 3","lastModifiedDate":"2026-01-31T22:58:18","isFullCredit":false},{"lineNumber":33,"author":{"gitId":"Poon Wei Xuan"},"content":"list","lastModifiedDate":"2026-01-29T16:02:23","isFullCredit":false},{"lineNumber":34,"author":{"gitId":"Poon Wei Xuan"},"content":"mark 2","lastModifiedDate":"2026-01-31T22:58:18","isFullCredit":false},{"lineNumber":35,"author":{"gitId":"Poon Wei Xuan"},"content":"list","lastModifiedDate":"2026-01-29T16:02:23","isFullCredit":false},{"lineNumber":36,"author":{"gitId":"Poon Wei Xuan"},"content":"unmark 1","lastModifiedDate":"2026-01-31T22:58:18","isFullCredit":false},{"lineNumber":37,"author":{"gitId":"Poon Wei Xuan"},"content":"todo todo task 3","lastModifiedDate":"2026-01-31T23:23:45","isFullCredit":false},{"lineNumber":38,"author":{"gitId":"Poon Wei Xuan"},"content":"list","lastModifiedDate":"2026-01-29T16:02:23","isFullCredit":false},{"lineNumber":39,"author":{"gitId":"Poon Wei Xuan"},"content":"bye","lastModifiedDate":"2026-01-29T16:02:23","isFullCredit":false}],"authorContributionMap":{"Poon Wei Xuan":39}}]
