{"authorDailyContributionsMap":{"Poon Wei Xuan":[{"date":"2026-01-27T00:00:00","commitResults":[{"hash":"39fa92dcbc6dfb9185271a4a30ccbbe3a44c82f1","isMergeCommit":false,"messageTitle":"Rename chatbot","messageBody":"","fileTypesAndContributionMap":{"java":{"insertions":6,"deletions":10}}},{"hash":"3d5d76f08db9458600a1b1ed13047efbb9ec8480","isMergeCommit":false,"messageTitle":"Implement basic greeting and exit","messageBody":"","tags":["Level-0"],"fileTypesAndContributionMap":{"java":{"insertions":6,"deletions":0}}},{"hash":"12f70ae810ff106a83f078003c0838dc7e135f69","isMergeCommit":false,"messageTitle":"Implement echo using scanner","messageBody":"","tags":["Level-1"],"fileTypesAndContributionMap":{"java":{"insertions":20,"deletions":6}}},{"hash":"297d29b799c75a6427c3a5c202594839642014ab","isMergeCommit":false,"messageTitle":"Make repeated line string a constant","messageBody":"","fileTypesAndContributionMap":{"java":{"insertions":7,"deletions":6}}},{"hash":"c19bf5632a29a62d1984ebdda34537a0b44d4fde","isMergeCommit":false,"messageTitle":"Implement add and list functionality","messageBody":"","tags":["Level-2"],"fileTypesAndContributionMap":{"java":{"insertions":17,"deletions":6}}}]},{"date":"2026-01-28T00:00:00","commitResults":[{"hash":"4c40aac8e55b578e69ddf9309ca4d619a1ab350c","isMergeCommit":false,"messageTitle":"Add Task.java","messageBody":"","fileTypesAndContributionMap":{"java":{"insertions":24,"deletions":0}}},{"hash":"2d1361bcdb76ea30aa0796b63341c1952d03a46b","isMergeCommit":false,"messageTitle":"Implement ability to mark tasks as done and undone","messageBody":"","tags":["Level-3"],"fileTypesAndContributionMap":{"java":{"insertions":23,"deletions":4}}},{"hash":"21021dc7c7fea82ac63216942a1f07bb09f12d71","isMergeCommit":false,"messageTitle":"Implement getters for task name and done status","messageBody":"","fileTypesAndContributionMap":{"java":{"insertions":8,"deletions":0}}},{"hash":"4abba9ae376a0a17e61a52cac506857a64239cb1","isMergeCommit":false,"messageTitle":"Add ToDo, Deadline, and Event subclasses","messageBody":"","fileTypesAndContributionMap":{"java":{"insertions":45,"deletions":1}}}]},{"date":"2026-01-29T00:00:00","commitResults":[{"hash":"2335a4a5910f3eb53b444d6a0283538600dd4f48","isMergeCommit":false,"messageTitle":"Add support for tracking ToDo, Event, and Deadline tasks","messageBody":"","fileTypesAndContributionMap":{"java":{"insertions":33,"deletions":1}}},{"hash":"74155c580bfa569b12a5c655185577ce0d150c79","isMergeCommit":false,"messageTitle":"Refactor Dill by extracting helper functions","messageBody":"","tags":["Level-4"],"fileTypesAndContributionMap":{"java":{"insertions":87,"deletions":66}}},{"hash":"2c61df4fd687850e5ca98157fd308d3e06189a13","isMergeCommit":false,"messageTitle":"Implement Automated Text UI Testing through level4","messageBody":"","tags":["A-TextUiTesting"],"fileTypesAndContributionMap":{"txt":{"insertions":28,"deletions":0},"java":{"insertions":1,"deletions":1}}},{"hash":"61fabb6097bc5b6405ca4edb1b0582f58dac1669","isMergeCommit":false,"messageTitle":"Refactor Task (and its subclasses)","messageBody":"Modify Task to be an abstract class and remove helper function addTask\nfrom Dill. Chatbot recognise three types of\ntasks instead of four (remove generic Task fallback when a task does not\nfall into todo, deadline, or event).\n\nMake subclasses of Task use super.toString() to reduce code duplication. Remove redundant getter functions from Task (getIsDone,\ngetTaskName) as a result.\n","fileTypesAndContributionMap":{"java":{"insertions":5,"deletions":27}}}]},{"date":"2026-01-31T00:00:00","commitResults":[{"hash":"e2e7e1c028e51b016bb1172224773747a1087b8d","isMergeCommit":false,"messageTitle":"Implement error handling and add help command","messageBody":"","fileTypesAndContributionMap":{"java":{"insertions":98,"deletions":29}}},{"hash":"10857e4510627404a2ea20f3ea7d73296638d390","isMergeCommit":false,"messageTitle":"Fix typo in output message","messageBody":"","fileTypesAndContributionMap":{"java":{"insertions":3,"deletions":3}}},{"hash":"fe21d8e2a75c9e4b232d5fd6de08fd9f88e630c0","isMergeCommit":false,"messageTitle":"Update A-TextUiTest","messageBody":"","tags":["Level-5"],"fileTypesAndContributionMap":{"txt":{"insertions":17,"deletions":13}}},{"hash":"f67dd3f2e1218079b8854195b00e7e35dce58308","isMergeCommit":false,"messageTitle":"Implement ability to delete tasks","messageBody":"","tags":["Level-6"],"fileTypesAndContributionMap":{"txt":{"insertions":8,"deletions":1},"java":{"insertions":18,"deletions":0}}},{"hash":"52a92d46a38e5778f9636daea9acb71d3d3a28f6","isMergeCommit":false,"messageTitle":"Refactor command extraction using enums","messageBody":"","tags":["A-Enums"],"fileTypesAndContributionMap":{"java":{"insertions":44,"deletions":9}}}]}]},"authorFileTypeContributionMap":{"Poon Wei Xuan":{"java":286,"md":0,"txt":39}},"authorContributionVariance":{"Poon Wei Xuan":4005.515},"authorDisplayNameMap":{"Poon Wei Xuan":"Poon Wei Xuan"}}
