[{"path":"src/main/java/Lilith.java","fileType":"java","lines":[{"lineNumber":1,"author":{"gitId":"Justin Adrian Halim"},"content":"import java.util.ArrayList;","lastModifiedDate":"2026-01-30T17:51:04","isFullCredit":false},{"lineNumber":2,"author":{"gitId":"Justin Adrian Halim"},"content":"import java.util.Scanner;","lastModifiedDate":"2026-01-30T17:45:55","isFullCredit":false},{"lineNumber":3,"author":{"gitId":"Justin Adrian Halim"},"content":"public class Lilith {","lastModifiedDate":"2026-01-30T17:45:55","isFullCredit":false},{"lineNumber":4,"author":{"gitId":"Justin Adrian Halim"},"content":"","lastModifiedDate":"2026-01-30T17:45:55","isFullCredit":false},{"lineNumber":5,"author":{"gitId":"Justin Adrian Halim"},"content":"    public static void main(String[] args) {","lastModifiedDate":"2026-01-30T17:45:55","isFullCredit":false},{"lineNumber":6,"author":{"gitId":"Justin Adrian Halim"},"content":"        System.out.println(\"Hello, I\u0027m Lilith!\");","lastModifiedDate":"2026-01-30T17:45:55","isFullCredit":false},{"lineNumber":7,"author":{"gitId":"Justin Adrian Halim"},"content":"        System.out.println(\"Would you like a strawberry cake?\");","lastModifiedDate":"2026-01-30T17:45:55","isFullCredit":false},{"lineNumber":8,"author":{"gitId":"Justin Adrian Halim"},"content":"","lastModifiedDate":"2026-01-30T17:45:55","isFullCredit":false},{"lineNumber":9,"author":{"gitId":"Justin Adrian Halim"},"content":"        Scanner scanner \u003d new Scanner(System.in);","lastModifiedDate":"2026-01-30T17:45:55","isFullCredit":false},{"lineNumber":10,"author":{"gitId":"Justin Adrian Halim"},"content":"        ArrayList\u003cTask\u003e tasklist \u003d new ArrayList\u003c\u003e();","lastModifiedDate":"2026-01-30T17:54:34","isFullCredit":false},{"lineNumber":11,"author":{"gitId":"Justin Adrian Halim"},"content":"","lastModifiedDate":"2026-01-30T17:45:55","isFullCredit":false},{"lineNumber":12,"author":{"gitId":"Justin Adrian Halim"},"content":"        while (true) {","lastModifiedDate":"2026-01-30T17:45:55","isFullCredit":false},{"lineNumber":13,"author":{"gitId":"Justin Adrian Halim"},"content":"            System.out.println(\"--------------------------------------------------------------\");","lastModifiedDate":"2026-01-30T17:45:55","isFullCredit":false},{"lineNumber":14,"author":{"gitId":"Justin Adrian Halim"},"content":"            String input \u003d scanner.nextLine();","lastModifiedDate":"2026-01-30T17:45:55","isFullCredit":false},{"lineNumber":15,"author":{"gitId":"Justin Adrian Halim"},"content":"","lastModifiedDate":"2026-01-30T17:45:55","isFullCredit":false},{"lineNumber":16,"author":{"gitId":"Justin Adrian Halim"},"content":"            if (input.equalsIgnoreCase(\"bye\")) {","lastModifiedDate":"2026-01-30T17:45:55","isFullCredit":false},{"lineNumber":17,"author":{"gitId":"Justin Adrian Halim"},"content":"                System.out.println(\"Bye-bye! I will always be here when you need me!\");","lastModifiedDate":"2026-01-30T17:54:34","isFullCredit":false},{"lineNumber":18,"author":{"gitId":"Justin Adrian Halim"},"content":"                break;","lastModifiedDate":"2026-01-30T17:45:55","isFullCredit":false},{"lineNumber":19,"author":{"gitId":"Justin Adrian Halim"},"content":"            }","lastModifiedDate":"2026-01-30T17:45:55","isFullCredit":false},{"lineNumber":20,"author":{"gitId":"Justin Adrian Halim"},"content":"","lastModifiedDate":"2026-01-30T18:00:21","isFullCredit":false},{"lineNumber":21,"author":{"gitId":"Justin Adrian Halim"},"content":"            else if (input.equalsIgnoreCase(\"yes\")) { ","lastModifiedDate":"2026-01-30T18:00:21","isFullCredit":false},{"lineNumber":22,"author":{"gitId":"Justin Adrian Halim"},"content":"                    System.out.println(\"Okay, but you\u0027ll need to convince the oven that it is not a time machine!\");","lastModifiedDate":"2026-01-30T18:00:21","isFullCredit":false},{"lineNumber":23,"author":{"gitId":"Justin Adrian Halim"},"content":"            }","lastModifiedDate":"2026-01-30T18:00:21","isFullCredit":false},{"lineNumber":24,"author":{"gitId":"Justin Adrian Halim"},"content":"            else if (input.equalsIgnoreCase(\"no\")) { ","lastModifiedDate":"2026-01-30T18:00:21","isFullCredit":false},{"lineNumber":25,"author":{"gitId":"Justin Adrian Halim"},"content":"                    System.out.println(\"Lilith is sad...\");","lastModifiedDate":"2026-01-30T18:00:21","isFullCredit":false},{"lineNumber":26,"author":{"gitId":"Justin Adrian Halim"},"content":"            }","lastModifiedDate":"2026-01-30T18:00:21","isFullCredit":false},{"lineNumber":27,"author":{"gitId":"Justin Adrian Halim"},"content":"","lastModifiedDate":"2026-01-30T18:00:21","isFullCredit":false},{"lineNumber":28,"author":{"gitId":"Justin Adrian Halim"},"content":"            else if (input.equalsIgnoreCase(\"list\")) {","lastModifiedDate":"2026-01-30T17:54:34","isFullCredit":false},{"lineNumber":29,"author":{"gitId":"Justin Adrian Halim"},"content":"                if(tasklist.isEmpty()){","lastModifiedDate":"2026-01-30T18:00:21","isFullCredit":false},{"lineNumber":30,"author":{"gitId":"Justin Adrian Halim"},"content":"                    System.out.println(\"You\u0027re free!\");","lastModifiedDate":"2026-01-30T18:03:08","isFullCredit":false},{"lineNumber":31,"author":{"gitId":"Justin Adrian Halim"},"content":"                }","lastModifiedDate":"2026-01-30T18:00:21","isFullCredit":false},{"lineNumber":32,"author":{"gitId":"Justin Adrian Halim"},"content":"                for (int i \u003d 0; i \u003c tasklist.size(); i++){   ","lastModifiedDate":"2026-01-30T17:54:34","isFullCredit":false},{"lineNumber":33,"author":{"gitId":"Justin Adrian Halim"},"content":"                    System.out.println((i+1) + \". \" + tasklist.get(i));","lastModifiedDate":"2026-01-30T17:54:34","isFullCredit":false},{"lineNumber":34,"author":{"gitId":"Justin Adrian Halim"},"content":"                }","lastModifiedDate":"2026-01-30T17:51:04","isFullCredit":false},{"lineNumber":35,"author":{"gitId":"Justin Adrian Halim"},"content":"            }","lastModifiedDate":"2026-01-30T17:51:04","isFullCredit":false},{"lineNumber":36,"author":{"gitId":"Justin Adrian Halim"},"content":"","lastModifiedDate":"2026-01-30T17:51:04","isFullCredit":false},{"lineNumber":37,"author":{"gitId":"Justin Adrian Halim"},"content":"            else if (input.startsWith(\"mark \")) {","lastModifiedDate":"2026-01-30T17:54:34","isFullCredit":false},{"lineNumber":38,"author":{"gitId":"Justin Adrian Halim"},"content":"                try {","lastModifiedDate":"2026-01-30T18:03:08","isFullCredit":false},{"lineNumber":39,"author":{"gitId":"Justin Adrian Halim"},"content":"                    int index \u003d Integer.parseInt(input.substring(5)) - 1;","lastModifiedDate":"2026-01-30T17:54:34","isFullCredit":false},{"lineNumber":40,"author":{"gitId":"Justin Adrian Halim"},"content":"                    tasklist.get(index).mark();","lastModifiedDate":"2026-01-30T17:54:34","isFullCredit":false},{"lineNumber":41,"author":{"gitId":"Justin Adrian Halim"},"content":"                    System.out.println(\"Nicely done! Good job!\");","lastModifiedDate":"2026-01-30T17:54:34","isFullCredit":false},{"lineNumber":42,"author":{"gitId":"Justin Adrian Halim"},"content":"                    System.out.println(tasklist.get(index));","lastModifiedDate":"2026-01-30T17:54:34","isFullCredit":false},{"lineNumber":43,"author":{"gitId":"Justin Adrian Halim"},"content":"                } ","lastModifiedDate":"2026-01-30T18:03:08","isFullCredit":false},{"lineNumber":44,"author":{"gitId":"Justin Adrian Halim"},"content":"                catch (IndexOutOfBoundsException e) {","lastModifiedDate":"2026-01-30T18:03:08","isFullCredit":false},{"lineNumber":45,"author":{"gitId":"Justin Adrian Halim"},"content":"                    System.out.println(\"That task does not exist!\");","lastModifiedDate":"2026-01-30T18:03:08","isFullCredit":false},{"lineNumber":46,"author":{"gitId":"Justin Adrian Halim"},"content":"                }","lastModifiedDate":"2026-01-30T18:03:08","isFullCredit":false},{"lineNumber":47,"author":{"gitId":"Justin Adrian Halim"},"content":"                catch (Exception e) {","lastModifiedDate":"2026-01-30T18:03:08","isFullCredit":false},{"lineNumber":48,"author":{"gitId":"Justin Adrian Halim"},"content":"                    System.out.println(\"Hey, write a proper number!\");","lastModifiedDate":"2026-01-30T18:03:08","isFullCredit":false},{"lineNumber":49,"author":{"gitId":"Justin Adrian Halim"},"content":"                }","lastModifiedDate":"2026-01-30T18:03:08","isFullCredit":false},{"lineNumber":50,"author":{"gitId":"Justin Adrian Halim"},"content":"            }","lastModifiedDate":"2026-01-30T17:54:34","isFullCredit":false},{"lineNumber":51,"author":{"gitId":"Justin Adrian Halim"},"content":"","lastModifiedDate":"2026-01-30T17:54:34","isFullCredit":false},{"lineNumber":52,"author":{"gitId":"Justin Adrian Halim"},"content":"            else if (input.startsWith(\"unmark \")) {","lastModifiedDate":"2026-01-30T17:54:34","isFullCredit":false},{"lineNumber":53,"author":{"gitId":"Justin Adrian Halim"},"content":"                try {","lastModifiedDate":"2026-01-30T18:03:08","isFullCredit":false},{"lineNumber":54,"author":{"gitId":"Justin Adrian Halim"},"content":"                    int index \u003d Integer.parseInt(input.substring(7)) - 1;","lastModifiedDate":"2026-01-30T17:54:34","isFullCredit":false},{"lineNumber":55,"author":{"gitId":"Justin Adrian Halim"},"content":"                    tasklist.get(index).unmark();","lastModifiedDate":"2026-01-30T17:54:34","isFullCredit":false},{"lineNumber":56,"author":{"gitId":"Justin Adrian Halim"},"content":"                    System.out.println(\"Make sure to finish it soon, ok?\");","lastModifiedDate":"2026-01-30T17:54:34","isFullCredit":false},{"lineNumber":57,"author":{"gitId":"Justin Adrian Halim"},"content":"                    System.out.println(tasklist.get(index));","lastModifiedDate":"2026-01-30T17:54:34","isFullCredit":false},{"lineNumber":58,"author":{"gitId":"Justin Adrian Halim"},"content":"                } ","lastModifiedDate":"2026-01-30T17:54:34","isFullCredit":false},{"lineNumber":59,"author":{"gitId":"Justin Adrian Halim"},"content":"                catch (IndexOutOfBoundsException e) {","lastModifiedDate":"2026-01-30T18:03:08","isFullCredit":false},{"lineNumber":60,"author":{"gitId":"Justin Adrian Halim"},"content":"                    System.out.println(\"That task does not exist!\");","lastModifiedDate":"2026-01-30T18:03:08","isFullCredit":false},{"lineNumber":61,"author":{"gitId":"Justin Adrian Halim"},"content":"                }","lastModifiedDate":"2026-01-30T18:03:08","isFullCredit":false},{"lineNumber":62,"author":{"gitId":"Justin Adrian Halim"},"content":"                catch (Exception e) {","lastModifiedDate":"2026-01-30T18:03:08","isFullCredit":false},{"lineNumber":63,"author":{"gitId":"Justin Adrian Halim"},"content":"                    System.out.println(\"Hey, write a proper number!\");","lastModifiedDate":"2026-01-30T18:03:08","isFullCredit":false},{"lineNumber":64,"author":{"gitId":"Justin Adrian Halim"},"content":"                }","lastModifiedDate":"2026-01-30T18:03:08","isFullCredit":false},{"lineNumber":65,"author":{"gitId":"Justin Adrian Halim"},"content":"                ","lastModifiedDate":"2026-01-30T18:03:08","isFullCredit":false},{"lineNumber":66,"author":{"gitId":"Justin Adrian Halim"},"content":"            }","lastModifiedDate":"2026-01-30T18:03:08","isFullCredit":false},{"lineNumber":67,"author":{"gitId":"Justin Adrian Halim"},"content":"","lastModifiedDate":"2026-01-30T17:54:34","isFullCredit":false},{"lineNumber":68,"author":{"gitId":"Justin Adrian Halim"},"content":"            else if (input.startsWith(\"todo \")) {","lastModifiedDate":"2026-01-30T17:56:26","isFullCredit":false},{"lineNumber":69,"author":{"gitId":"Justin Adrian Halim"},"content":"                input \u003d input.substring(5);","lastModifiedDate":"2026-01-30T17:56:26","isFullCredit":false},{"lineNumber":70,"author":{"gitId":"Justin Adrian Halim"},"content":"                Task task \u003d new Task(input, null, null);","lastModifiedDate":"2026-01-30T17:56:26","isFullCredit":false},{"lineNumber":71,"author":{"gitId":"Justin Adrian Halim"},"content":"                tasklist.add(task);","lastModifiedDate":"2026-01-30T17:56:26","isFullCredit":false},{"lineNumber":72,"author":{"gitId":"Justin Adrian Halim"},"content":"                task.setTask(Task.TaskType.ToDos);","lastModifiedDate":"2026-01-30T17:56:26","isFullCredit":false},{"lineNumber":73,"author":{"gitId":"Justin Adrian Halim"},"content":"                System.out.println(\"Got it. I\u0027ve added this task:\\n\" + task);","lastModifiedDate":"2026-01-30T17:56:26","isFullCredit":false},{"lineNumber":74,"author":{"gitId":"Justin Adrian Halim"},"content":"                System.out.println(\"Now you have \" + tasklist.size() + \" task(s) in the list.\");","lastModifiedDate":"2026-01-30T18:03:08","isFullCredit":false},{"lineNumber":75,"author":{"gitId":"Justin Adrian Halim"},"content":"            }","lastModifiedDate":"2026-01-30T17:56:26","isFullCredit":false},{"lineNumber":76,"author":{"gitId":"Justin Adrian Halim"},"content":"","lastModifiedDate":"2026-01-30T17:56:26","isFullCredit":false},{"lineNumber":77,"author":{"gitId":"Justin Adrian Halim"},"content":"            else if (input.startsWith(\"deadline \")) {","lastModifiedDate":"2026-01-30T17:56:26","isFullCredit":false},{"lineNumber":78,"author":{"gitId":"Justin Adrian Halim"},"content":"                try {","lastModifiedDate":"2026-01-30T18:00:21","isFullCredit":false},{"lineNumber":79,"author":{"gitId":"Justin Adrian Halim"},"content":"                input \u003d input.substring(9);","lastModifiedDate":"2026-01-30T17:56:26","isFullCredit":false},{"lineNumber":80,"author":{"gitId":"Justin Adrian Halim"},"content":"                String[] parts \u003d input.split(\"/by\");","lastModifiedDate":"2026-01-30T17:56:26","isFullCredit":false},{"lineNumber":81,"author":{"gitId":"Justin Adrian Halim"},"content":"                Task task \u003d new Task(parts[0], null, parts[1]);","lastModifiedDate":"2026-01-30T17:56:26","isFullCredit":false},{"lineNumber":82,"author":{"gitId":"Justin Adrian Halim"},"content":"                tasklist.add(task);","lastModifiedDate":"2026-01-30T17:56:26","isFullCredit":false},{"lineNumber":83,"author":{"gitId":"Justin Adrian Halim"},"content":"                task.setTask(Task.TaskType.Deadline);","lastModifiedDate":"2026-01-30T17:56:26","isFullCredit":false},{"lineNumber":84,"author":{"gitId":"Justin Adrian Halim"},"content":"                System.out.println(\"Got it. I\u0027ve added this task:\\n\" + task);","lastModifiedDate":"2026-01-30T17:56:26","isFullCredit":false},{"lineNumber":85,"author":{"gitId":"Justin Adrian Halim"},"content":"                System.out.println(\"Now you have \" + tasklist.size() + \" task(s) in the list.\");","lastModifiedDate":"2026-01-30T18:03:08","isFullCredit":false},{"lineNumber":86,"author":{"gitId":"Justin Adrian Halim"},"content":"                } ","lastModifiedDate":"2026-01-30T17:56:26","isFullCredit":false},{"lineNumber":87,"author":{"gitId":"Justin Adrian Halim"},"content":"                catch (IndexOutOfBoundsException e) {","lastModifiedDate":"2026-01-30T18:00:21","isFullCredit":false},{"lineNumber":88,"author":{"gitId":"Justin Adrian Halim"},"content":"                    System.out.println(\"Please write the task properly! \u0027deadline \u003ctask name\u003e /by \u003cend time/date\u003e\u0027\");","lastModifiedDate":"2026-01-30T18:00:21","isFullCredit":false},{"lineNumber":89,"author":{"gitId":"Justin Adrian Halim"},"content":"                }","lastModifiedDate":"2026-01-30T18:00:21","isFullCredit":false},{"lineNumber":90,"author":{"gitId":"Justin Adrian Halim"},"content":"                catch (Exception e) {","lastModifiedDate":"2026-01-30T18:00:21","isFullCredit":false},{"lineNumber":91,"author":{"gitId":"Justin Adrian Halim"},"content":"                }","lastModifiedDate":"2026-01-30T18:00:21","isFullCredit":false},{"lineNumber":92,"author":{"gitId":"Justin Adrian Halim"},"content":"","lastModifiedDate":"2026-01-30T18:00:21","isFullCredit":false},{"lineNumber":93,"author":{"gitId":"Justin Adrian Halim"},"content":"            }","lastModifiedDate":"2026-01-30T18:00:21","isFullCredit":false},{"lineNumber":94,"author":{"gitId":"Justin Adrian Halim"},"content":"","lastModifiedDate":"2026-01-30T17:56:26","isFullCredit":false},{"lineNumber":95,"author":{"gitId":"Justin Adrian Halim"},"content":"            else if (input.startsWith(\"event \")) {","lastModifiedDate":"2026-01-30T17:56:26","isFullCredit":false},{"lineNumber":96,"author":{"gitId":"Justin Adrian Halim"},"content":"                try {","lastModifiedDate":"2026-01-30T18:00:21","isFullCredit":false},{"lineNumber":97,"author":{"gitId":"Justin Adrian Halim"},"content":"                input \u003d input.substring(6);","lastModifiedDate":"2026-01-30T17:56:26","isFullCredit":false},{"lineNumber":98,"author":{"gitId":"Justin Adrian Halim"},"content":"                String[] parts \u003d input.split(\"/from\");","lastModifiedDate":"2026-01-30T17:56:26","isFullCredit":false},{"lineNumber":99,"author":{"gitId":"Justin Adrian Halim"},"content":"                Task task;","lastModifiedDate":"2026-01-30T17:56:26","isFullCredit":false},{"lineNumber":100,"author":{"gitId":"Justin Adrian Halim"},"content":"                if (parts[0].contains(\"/to\")){","lastModifiedDate":"2026-01-30T17:56:26","isFullCredit":false},{"lineNumber":101,"author":{"gitId":"Justin Adrian Halim"},"content":"                    String[] parts_sub \u003d parts[0].split(\"/to\");","lastModifiedDate":"2026-01-30T17:56:26","isFullCredit":false},{"lineNumber":102,"author":{"gitId":"Justin Adrian Halim"},"content":"                    task \u003d new Task(parts_sub[0], parts[1], parts_sub[1]);","lastModifiedDate":"2026-01-30T17:56:26","isFullCredit":false},{"lineNumber":103,"author":{"gitId":"Justin Adrian Halim"},"content":"                }","lastModifiedDate":"2026-01-30T17:56:26","isFullCredit":false},{"lineNumber":104,"author":{"gitId":"Justin Adrian Halim"},"content":"                else{","lastModifiedDate":"2026-01-30T17:51:04","isFullCredit":false},{"lineNumber":105,"author":{"gitId":"Justin Adrian Halim"},"content":"                    String[] parts_sub \u003d parts[1].split(\"/to\");","lastModifiedDate":"2026-01-30T17:56:26","isFullCredit":false},{"lineNumber":106,"author":{"gitId":"Justin Adrian Halim"},"content":"                    task \u003d new Task(parts[0], parts_sub[0], parts_sub[1]);","lastModifiedDate":"2026-01-30T17:56:26","isFullCredit":false},{"lineNumber":107,"author":{"gitId":"Justin Adrian Halim"},"content":"                }","lastModifiedDate":"2026-01-30T17:56:26","isFullCredit":false},{"lineNumber":108,"author":{"gitId":"Justin Adrian Halim"},"content":"                tasklist.add(task);","lastModifiedDate":"2026-01-30T17:56:26","isFullCredit":false},{"lineNumber":109,"author":{"gitId":"Justin Adrian Halim"},"content":"                task.setTask(Task.TaskType.Events);","lastModifiedDate":"2026-01-30T17:56:26","isFullCredit":false},{"lineNumber":110,"author":{"gitId":"Justin Adrian Halim"},"content":"                System.out.println(\"Got it. I\u0027ve added this task:\\n\" + task);","lastModifiedDate":"2026-01-30T17:56:26","isFullCredit":false},{"lineNumber":111,"author":{"gitId":"Justin Adrian Halim"},"content":"                System.out.println(\"Now you have \" + tasklist.size() + \" task(s) in the list.\");","lastModifiedDate":"2026-01-30T18:03:08","isFullCredit":false},{"lineNumber":112,"author":{"gitId":"Justin Adrian Halim"},"content":"                } ","lastModifiedDate":"2026-01-30T17:56:26","isFullCredit":false},{"lineNumber":113,"author":{"gitId":"Justin Adrian Halim"},"content":"                catch (IndexOutOfBoundsException e) {","lastModifiedDate":"2026-01-30T18:00:21","isFullCredit":false},{"lineNumber":114,"author":{"gitId":"Justin Adrian Halim"},"content":"                    System.out.println(\"Please write the task properly! \u0027event \u003ctask name\u003e /from \u003cstart time/date\u003e /to \u003cend time/date\u003e\u0027\");","lastModifiedDate":"2026-01-30T18:00:21","isFullCredit":false},{"lineNumber":115,"author":{"gitId":"Justin Adrian Halim"},"content":"                }","lastModifiedDate":"2026-01-30T18:00:21","isFullCredit":false},{"lineNumber":116,"author":{"gitId":"Justin Adrian Halim"},"content":"                catch (Exception e) {","lastModifiedDate":"2026-01-30T18:00:21","isFullCredit":false},{"lineNumber":117,"author":{"gitId":"Justin Adrian Halim"},"content":"                }","lastModifiedDate":"2026-01-30T18:00:21","isFullCredit":false},{"lineNumber":118,"author":{"gitId":"Justin Adrian Halim"},"content":"            }","lastModifiedDate":"2026-01-30T18:03:08","isFullCredit":false},{"lineNumber":119,"author":{"gitId":"Justin Adrian Halim"},"content":"            ","lastModifiedDate":"2026-01-30T17:56:26","isFullCredit":false},{"lineNumber":120,"author":{"gitId":"Justin Adrian Halim"},"content":"            else if (input.startsWith(\"delete \")){","lastModifiedDate":"2026-01-30T18:03:08","isFullCredit":false},{"lineNumber":121,"author":{"gitId":"Justin Adrian Halim"},"content":"                try {","lastModifiedDate":"2026-01-30T18:03:08","isFullCredit":false},{"lineNumber":122,"author":{"gitId":"Justin Adrian Halim"},"content":"                    int index \u003d Integer.parseInt(input.substring(7)) - 1;","lastModifiedDate":"2026-01-30T18:03:08","isFullCredit":false},{"lineNumber":123,"author":{"gitId":"Justin Adrian Halim"},"content":"                    Task task \u003d tasklist.get(index);","lastModifiedDate":"2026-01-30T18:03:08","isFullCredit":false},{"lineNumber":124,"author":{"gitId":"Justin Adrian Halim"},"content":"                    tasklist.remove(index);","lastModifiedDate":"2026-01-30T18:03:08","isFullCredit":false},{"lineNumber":125,"author":{"gitId":"Justin Adrian Halim"},"content":"                    System.out.println(\"Ta-da! I have removed the task:\");","lastModifiedDate":"2026-01-30T18:03:08","isFullCredit":false},{"lineNumber":126,"author":{"gitId":"Justin Adrian Halim"},"content":"                    System.out.println(task);","lastModifiedDate":"2026-01-30T18:03:08","isFullCredit":false},{"lineNumber":127,"author":{"gitId":"Justin Adrian Halim"},"content":"                    task \u003d null;","lastModifiedDate":"2026-01-30T18:03:08","isFullCredit":false},{"lineNumber":128,"author":{"gitId":"Justin Adrian Halim"},"content":"                    System.out.println(\"Now you have \" + tasklist.size() + \" task(s) in the list.\");","lastModifiedDate":"2026-01-30T18:03:08","isFullCredit":false},{"lineNumber":129,"author":{"gitId":"Justin Adrian Halim"},"content":"                }","lastModifiedDate":"2026-01-30T18:03:08","isFullCredit":false},{"lineNumber":130,"author":{"gitId":"Justin Adrian Halim"},"content":"                catch (IndexOutOfBoundsException e) {","lastModifiedDate":"2026-01-30T18:03:08","isFullCredit":false},{"lineNumber":131,"author":{"gitId":"Justin Adrian Halim"},"content":"                    System.out.println(\"That task does not exist!\");","lastModifiedDate":"2026-01-30T18:03:08","isFullCredit":false},{"lineNumber":132,"author":{"gitId":"Justin Adrian Halim"},"content":"                }","lastModifiedDate":"2026-01-30T18:03:08","isFullCredit":false},{"lineNumber":133,"author":{"gitId":"Justin Adrian Halim"},"content":"                catch (Exception e) {","lastModifiedDate":"2026-01-30T18:03:08","isFullCredit":false},{"lineNumber":134,"author":{"gitId":"Justin Adrian Halim"},"content":"                    System.out.println(\"Hey, write a proper number!\"); ","lastModifiedDate":"2026-01-30T18:03:08","isFullCredit":false},{"lineNumber":135,"author":{"gitId":"Justin Adrian Halim"},"content":"                }","lastModifiedDate":"2026-01-30T18:03:08","isFullCredit":false},{"lineNumber":136,"author":{"gitId":"Justin Adrian Halim"},"content":"            }","lastModifiedDate":"2026-01-30T18:00:21","isFullCredit":false},{"lineNumber":137,"author":{"gitId":"Justin Adrian Halim"},"content":"","lastModifiedDate":"2026-01-30T18:00:21","isFullCredit":false},{"lineNumber":138,"author":{"gitId":"Justin Adrian Halim"},"content":"            else if (input.startsWith(\"todo\") || input.startsWith(\"deadline\") || input.startsWith(\"event\") || input.startsWith(\"delete\")){","lastModifiedDate":"2026-01-30T18:03:08","isFullCredit":false},{"lineNumber":139,"author":{"gitId":"Justin Adrian Halim"},"content":"                System.out.println(\"Hey! Fill in the task properly! \");","lastModifiedDate":"2026-01-30T18:00:21","isFullCredit":false},{"lineNumber":140,"author":{"gitId":"Justin Adrian Halim"},"content":"            }","lastModifiedDate":"2026-01-30T18:00:21","isFullCredit":false},{"lineNumber":141,"author":{"gitId":"Justin Adrian Halim"},"content":"            else{","lastModifiedDate":"2026-01-30T17:56:26","isFullCredit":false},{"lineNumber":142,"author":{"gitId":"Justin Adrian Halim"},"content":"                System.out.println(\"Lilith cannot find the task type... \");","lastModifiedDate":"2026-01-30T17:56:26","isFullCredit":false},{"lineNumber":143,"author":{"gitId":"Justin Adrian Halim"},"content":"            }","lastModifiedDate":"2026-01-30T17:51:04","isFullCredit":false},{"lineNumber":144,"author":{"gitId":"Justin Adrian Halim"},"content":"        }","lastModifiedDate":"2026-01-30T17:45:55","isFullCredit":false},{"lineNumber":145,"author":{"gitId":"Justin Adrian Halim"},"content":"        scanner.close();","lastModifiedDate":"2026-01-30T17:45:55","isFullCredit":false},{"lineNumber":146,"author":{"gitId":"Justin Adrian Halim"},"content":"    }","lastModifiedDate":"2026-01-30T17:45:55","isFullCredit":false},{"lineNumber":147,"author":{"gitId":"Justin Adrian Halim"},"content":"}","lastModifiedDate":"2026-01-30T17:45:55","isFullCredit":false},{"lineNumber":148,"author":{"gitId":"Justin Adrian Halim"},"content":"","lastModifiedDate":"2026-01-30T17:54:34","isFullCredit":false},{"lineNumber":149,"author":{"gitId":"Justin Adrian Halim"},"content":"class Task{","lastModifiedDate":"2026-01-30T17:54:34","isFullCredit":false},{"lineNumber":150,"author":{"gitId":"Justin Adrian Halim"},"content":"    enum TaskType{","lastModifiedDate":"2026-01-30T17:56:26","isFullCredit":false},{"lineNumber":151,"author":{"gitId":"Justin Adrian Halim"},"content":"        ToDos, Deadline, Events","lastModifiedDate":"2026-01-30T17:56:26","isFullCredit":false},{"lineNumber":152,"author":{"gitId":"Justin Adrian Halim"},"content":"    }","lastModifiedDate":"2026-01-30T17:56:26","isFullCredit":false},{"lineNumber":153,"author":{"gitId":"Justin Adrian Halim"},"content":"","lastModifiedDate":"2026-01-30T17:56:26","isFullCredit":false},{"lineNumber":154,"author":{"gitId":"Justin Adrian Halim"},"content":"    String taskname;","lastModifiedDate":"2026-01-30T17:54:34","isFullCredit":false},{"lineNumber":155,"author":{"gitId":"Justin Adrian Halim"},"content":"    boolean status;","lastModifiedDate":"2026-01-30T17:54:34","isFullCredit":false},{"lineNumber":156,"author":{"gitId":"Justin Adrian Halim"},"content":"    TaskType tasktype;","lastModifiedDate":"2026-01-30T17:56:26","isFullCredit":false},{"lineNumber":157,"author":{"gitId":"Justin Adrian Halim"},"content":"    String startdetail;","lastModifiedDate":"2026-01-30T17:56:26","isFullCredit":false},{"lineNumber":158,"author":{"gitId":"Justin Adrian Halim"},"content":"    String enddetail;","lastModifiedDate":"2026-01-30T17:56:26","isFullCredit":false},{"lineNumber":159,"author":{"gitId":"Justin Adrian Halim"},"content":"","lastModifiedDate":"2026-01-30T17:54:34","isFullCredit":false},{"lineNumber":160,"author":{"gitId":"Justin Adrian Halim"},"content":"    Task(String taskname, String startdetail, String enddetail){","lastModifiedDate":"2026-01-30T17:56:26","isFullCredit":false},{"lineNumber":161,"author":{"gitId":"Justin Adrian Halim"},"content":"        this.taskname \u003d taskname;","lastModifiedDate":"2026-01-30T17:54:34","isFullCredit":false},{"lineNumber":162,"author":{"gitId":"Justin Adrian Halim"},"content":"        this.status \u003d false;","lastModifiedDate":"2026-01-30T17:54:34","isFullCredit":false},{"lineNumber":163,"author":{"gitId":"Justin Adrian Halim"},"content":"        this.tasktype \u003d TaskType.ToDos;","lastModifiedDate":"2026-01-30T17:56:26","isFullCredit":false},{"lineNumber":164,"author":{"gitId":"Justin Adrian Halim"},"content":"        this.startdetail \u003d startdetail;","lastModifiedDate":"2026-01-30T17:56:26","isFullCredit":false},{"lineNumber":165,"author":{"gitId":"Justin Adrian Halim"},"content":"        this.enddetail \u003d enddetail;","lastModifiedDate":"2026-01-30T17:56:26","isFullCredit":false},{"lineNumber":166,"author":{"gitId":"Justin Adrian Halim"},"content":"    }","lastModifiedDate":"2026-01-30T17:56:26","isFullCredit":false},{"lineNumber":167,"author":{"gitId":"Justin Adrian Halim"},"content":"","lastModifiedDate":"2026-01-30T17:56:26","isFullCredit":false},{"lineNumber":168,"author":{"gitId":"Justin Adrian Halim"},"content":"    public void setTask(TaskType input){","lastModifiedDate":"2026-01-30T17:56:26","isFullCredit":false},{"lineNumber":169,"author":{"gitId":"Justin Adrian Halim"},"content":"        tasktype \u003d input;","lastModifiedDate":"2026-01-30T17:56:26","isFullCredit":false},{"lineNumber":170,"author":{"gitId":"Justin Adrian Halim"},"content":"    }","lastModifiedDate":"2026-01-30T17:54:34","isFullCredit":false},{"lineNumber":171,"author":{"gitId":"Justin Adrian Halim"},"content":"","lastModifiedDate":"2026-01-30T17:54:34","isFullCredit":false},{"lineNumber":172,"author":{"gitId":"Justin Adrian Halim"},"content":"    void mark(){","lastModifiedDate":"2026-01-30T17:54:34","isFullCredit":false},{"lineNumber":173,"author":{"gitId":"Justin Adrian Halim"},"content":"        status \u003d true;","lastModifiedDate":"2026-01-30T17:54:34","isFullCredit":false},{"lineNumber":174,"author":{"gitId":"Justin Adrian Halim"},"content":"    }","lastModifiedDate":"2026-01-30T17:54:34","isFullCredit":false},{"lineNumber":175,"author":{"gitId":"Justin Adrian Halim"},"content":"","lastModifiedDate":"2026-01-30T17:54:34","isFullCredit":false},{"lineNumber":176,"author":{"gitId":"Justin Adrian Halim"},"content":"    void unmark(){","lastModifiedDate":"2026-01-30T17:54:34","isFullCredit":false},{"lineNumber":177,"author":{"gitId":"Justin Adrian Halim"},"content":"        status \u003d false;","lastModifiedDate":"2026-01-30T17:54:34","isFullCredit":false},{"lineNumber":178,"author":{"gitId":"Justin Adrian Halim"},"content":"    }","lastModifiedDate":"2026-01-30T17:54:34","isFullCredit":false},{"lineNumber":179,"author":{"gitId":"Justin Adrian Halim"},"content":"","lastModifiedDate":"2026-01-30T17:56:26","isFullCredit":false},{"lineNumber":180,"author":{"gitId":"Justin Adrian Halim"},"content":"    @Override","lastModifiedDate":"2026-01-30T17:54:34","isFullCredit":false},{"lineNumber":181,"author":{"gitId":"Justin Adrian Halim"},"content":"    public String toString() {","lastModifiedDate":"2026-01-30T17:54:34","isFullCredit":false},{"lineNumber":182,"author":{"gitId":"Justin Adrian Halim"},"content":"        switch (tasktype){","lastModifiedDate":"2026-01-30T17:56:26","isFullCredit":false},{"lineNumber":183,"author":{"gitId":"Justin Adrian Halim"},"content":"            case ToDos:","lastModifiedDate":"2026-01-30T17:56:26","isFullCredit":false},{"lineNumber":184,"author":{"gitId":"Justin Adrian Halim"},"content":"                return \"[T][\" + (status ? \"X\" : \" \") + \"] \" + taskname;","lastModifiedDate":"2026-01-30T17:56:26","isFullCredit":false},{"lineNumber":185,"author":{"gitId":"Justin Adrian Halim"},"content":"            case Deadline:","lastModifiedDate":"2026-01-30T17:56:26","isFullCredit":false},{"lineNumber":186,"author":{"gitId":"Justin Adrian Halim"},"content":"                return \"[D][\" + (status ? \"X\" : \" \") + \"] \" + taskname + \"(by: \" + enddetail + \")\";","lastModifiedDate":"2026-01-30T17:56:26","isFullCredit":false},{"lineNumber":187,"author":{"gitId":"Justin Adrian Halim"},"content":"            case Events:","lastModifiedDate":"2026-01-30T17:56:26","isFullCredit":false},{"lineNumber":188,"author":{"gitId":"Justin Adrian Halim"},"content":"                return \"[E][\" + (status ? \"X\" : \" \") + \"] \" + taskname + \"(from: \" + startdetail + \" to: \" + enddetail + \")\";","lastModifiedDate":"2026-01-30T18:00:21","isFullCredit":false},{"lineNumber":189,"author":{"gitId":"Justin Adrian Halim"},"content":"        }","lastModifiedDate":"2026-01-30T17:56:26","isFullCredit":false},{"lineNumber":190,"author":{"gitId":"Justin Adrian Halim"},"content":"        return \"[\" + (status ? \"X\" : \" \") + \"] \" + taskname;","lastModifiedDate":"2026-01-30T17:54:34","isFullCredit":false},{"lineNumber":191,"author":{"gitId":"Justin Adrian Halim"},"content":"    }","lastModifiedDate":"2026-01-30T17:54:34","isFullCredit":false},{"lineNumber":192,"author":{"gitId":"Justin Adrian Halim"},"content":"} ","lastModifiedDate":"2026-01-30T17:54:34","isFullCredit":false}],"authorContributionMap":{"Justin Adrian Halim":192}},{"path":"text-ui-test/input.txt","fileType":"txt","lines":[{"lineNumber":1,"author":{"gitId":"Justin Adrian Halim"},"content":"yes","lastModifiedDate":"2026-01-30T17:45:55","isFullCredit":false},{"lineNumber":2,"author":{"gitId":"Justin Adrian Halim"},"content":"no","lastModifiedDate":"2026-01-30T17:45:55","isFullCredit":false},{"lineNumber":3,"author":{"gitId":"Justin Adrian Halim"},"content":"todo","lastModifiedDate":"2026-01-30T17:45:55","isFullCredit":false},{"lineNumber":4,"author":{"gitId":"Justin Adrian Halim"},"content":"delete 1","lastModifiedDate":"2026-01-30T17:45:55","isFullCredit":false},{"lineNumber":5,"author":{"gitId":"Justin Adrian Halim"},"content":"blablA","lastModifiedDate":"2026-01-30T17:45:55","isFullCredit":false},{"lineNumber":6,"author":{"gitId":"Justin Adrian Halim"},"content":"list","lastModifiedDate":"2026-01-30T17:45:55","isFullCredit":false},{"lineNumber":7,"author":{"gitId":"Justin Adrian Halim"},"content":"event","lastModifiedDate":"2026-01-30T17:45:55","isFullCredit":false},{"lineNumber":8,"author":{"gitId":"Justin Adrian Halim"},"content":"event /from","lastModifiedDate":"2026-01-30T17:45:55","isFullCredit":false},{"lineNumber":9,"author":{"gitId":"Justin Adrian Halim"},"content":"deadline /by","lastModifiedDate":"2026-01-30T17:45:55","isFullCredit":false},{"lineNumber":10,"author":{"gitId":"Justin Adrian Halim"},"content":"todo xyz","lastModifiedDate":"2026-01-30T17:45:55","isFullCredit":false},{"lineNumber":11,"author":{"gitId":"Justin Adrian Halim"},"content":"deadline abc /by 12 Jan","lastModifiedDate":"2026-01-30T17:45:55","isFullCredit":false},{"lineNumber":12,"author":{"gitId":"Justin Adrian Halim"},"content":"event def /from 12 jan /to 14 jan","lastModifiedDate":"2026-01-30T17:45:55","isFullCredit":false},{"lineNumber":13,"author":{"gitId":"Justin Adrian Halim"},"content":"event ghi /to 2pm /from 12pm","lastModifiedDate":"2026-01-30T17:45:55","isFullCredit":false},{"lineNumber":14,"author":{"gitId":"Justin Adrian Halim"},"content":"list","lastModifiedDate":"2026-01-30T17:45:55","isFullCredit":false},{"lineNumber":15,"author":{"gitId":"Justin Adrian Halim"},"content":"mark 1","lastModifiedDate":"2026-01-30T17:45:55","isFullCredit":false},{"lineNumber":16,"author":{"gitId":"Justin Adrian Halim"},"content":"mark 2","lastModifiedDate":"2026-01-30T17:45:55","isFullCredit":false},{"lineNumber":17,"author":{"gitId":"Justin Adrian Halim"},"content":"mark 3","lastModifiedDate":"2026-01-30T17:45:55","isFullCredit":false},{"lineNumber":18,"author":{"gitId":"Justin Adrian Halim"},"content":"mark 24","lastModifiedDate":"2026-01-30T17:45:55","isFullCredit":false},{"lineNumber":19,"author":{"gitId":"Justin Adrian Halim"},"content":"unmark 1","lastModifiedDate":"2026-01-30T17:45:55","isFullCredit":false},{"lineNumber":20,"author":{"gitId":"Justin Adrian Halim"},"content":"list","lastModifiedDate":"2026-01-30T17:45:55","isFullCredit":false},{"lineNumber":21,"author":{"gitId":"Justin Adrian Halim"},"content":"unmark 2","lastModifiedDate":"2026-01-30T17:45:55","isFullCredit":false},{"lineNumber":22,"author":{"gitId":"Justin Adrian Halim"},"content":"unmark 3","lastModifiedDate":"2026-01-30T17:45:55","isFullCredit":false},{"lineNumber":23,"author":{"gitId":"Justin Adrian Halim"},"content":"unmark 24","lastModifiedDate":"2026-01-30T17:45:55","isFullCredit":false},{"lineNumber":24,"author":{"gitId":"Justin Adrian Halim"},"content":"list","lastModifiedDate":"2026-01-30T17:45:55","isFullCredit":false},{"lineNumber":25,"author":{"gitId":"Justin Adrian Halim"},"content":"delete 1","lastModifiedDate":"2026-01-30T17:45:55","isFullCredit":false},{"lineNumber":26,"author":{"gitId":"Justin Adrian Halim"},"content":"delete 3","lastModifiedDate":"2026-01-30T17:45:55","isFullCredit":false},{"lineNumber":27,"author":{"gitId":"Justin Adrian Halim"},"content":"list","lastModifiedDate":"2026-01-30T17:45:55","isFullCredit":false},{"lineNumber":28,"author":{"gitId":"Justin Adrian Halim"},"content":"bye","lastModifiedDate":"2026-01-30T17:45:55","isFullCredit":false}],"authorContributionMap":{"Justin Adrian Halim":28}}]
