{"authorDailyContributionsMap":{"Justin Adrian Halim":[{"date":"2026-01-30T00:00:00","commitResults":[{"hash":"57c14beb7c8a78d1ed2e0105fb3842d6403bf22f","isMergeCommit":false,"messageTitle":"Level-0, copied from my other repo (I previously forgot to change to the account i listed in the canvas) https://github.com/JustinAdrianHalim/ip","messageBody":"","tags":["Level-0"],"fileTypesAndContributionMap":{"txt":{"insertions":28,"deletions":0},"java":{"insertions":8,"deletions":10}}},{"hash":"9e9316e0ba058b918fc7cb91858c42489e1256a9","isMergeCommit":false,"messageTitle":"Revert \"Level-0, copied from my other repo (I previously forgot to change to the account i listed in the canvas) https://github.com/JustinAdrianHalim/ip\"","messageBody":"This reverts commit 57c14beb7c8a78d1ed2e0105fb3842d6403bf22f.\n","fileTypesAndContributionMap":{"txt":{"insertions":0,"deletions":28},"java":{"insertions":10,"deletions":8}}},{"hash":"a7518a8d2eda3d7ba9021fa1c647e3e0d3258d58","isMergeCommit":false,"messageTitle":"Level-1","messageBody":"","tags":["Level-1"],"fileTypesAndContributionMap":{"txt":{"insertions":28,"deletions":0},"java":{"insertions":27,"deletions":10}}},{"hash":"95cde882d29adcdc688c179163eb3d386d45b936","isMergeCommit":false,"messageTitle":"Level-2","messageBody":"","tags":["Level-2"],"fileTypesAndContributionMap":{"java":{"insertions":15,"deletions":4}}},{"hash":"3e9d45202f7bb611387fbbd1349af3e004dfb52e","isMergeCommit":false,"messageTitle":"Level-3","messageBody":"","tags":["Level-3"],"fileTypesAndContributionMap":{"java":{"insertions":44,"deletions":11}}},{"hash":"4dc31162edf12df8862b132058173c737dbc99fd","isMergeCommit":false,"messageTitle":"Level-4","messageBody":"","tags":["Level-4"],"fileTypesAndContributionMap":{"java":{"insertions":62,"deletions":4}}},{"hash":"8682d8ddf353e9b9bb494750ef62eacc0d78b1f3","isMergeCommit":false,"messageTitle":"Level-5","messageBody":"","tags":["Level-5"],"fileTypesAndContributionMap":{"java":{"insertions":33,"deletions":1}}},{"hash":"0ad1a11f7391f49cb1f9b128a43bebc5d05f033b","isMergeCommit":false,"messageTitle":"Level-6","messageBody":"","tags":["Level-6","A-TextUiTesting","A-Enums"],"fileTypesAndContributionMap":{"java":{"insertions":49,"deletions":18}}}]}]},"authorFileTypeContributionMap":{"Justin Adrian Halim":{"java":192,"md":0,"txt":28}},"authorContributionVariance":{"Justin Adrian Halim":5104.1294},"authorDisplayNameMap":{"Justin Adrian Halim":"Justin Adrian Halim"}}
