[{"path":"README.md","fileType":"md","lines":[{"lineNumber":1,"author":{"gitId":"YeowChunSiang"},"content":"# Listo project template","lastModifiedDate":"2026-01-28T20:21:52","isFullCredit":false},{"lineNumber":2,"author":{"gitId":"-"},"content":"","lastModifiedDate":"2020-05-25T00:03:55","isFullCredit":false},{"lineNumber":3,"author":{"gitId":"-"},"content":"This is a project template for a greenfield Java project. It\u0027s named after the Java mascot _Duke_. Given below are instructions on how to use it.","lastModifiedDate":"2020-05-25T00:03:55","isFullCredit":false},{"lineNumber":4,"author":{"gitId":"-"},"content":"","lastModifiedDate":"2020-05-25T00:03:55","isFullCredit":false},{"lineNumber":5,"author":{"gitId":"-"},"content":"## Setting up in IntelliJ","lastModifiedDate":"2025-01-09T20:59:01","isFullCredit":false},{"lineNumber":6,"author":{"gitId":"-"},"content":"","lastModifiedDate":"2020-05-25T00:03:55","isFullCredit":false},{"lineNumber":7,"author":{"gitId":"-"},"content":"Prerequisites: JDK 21.","lastModifiedDate":"2025-01-09T21:11:29","isFullCredit":false},{"lineNumber":8,"author":{"gitId":"-"},"content":"","lastModifiedDate":"2020-05-25T00:03:55","isFullCredit":false},{"lineNumber":9,"author":{"gitId":"-"},"content":"1. Open IntelliJ (if you are not in the welcome screen, click `File` \u003e `Close Project` to close the existing project first)","lastModifiedDate":"2025-01-09T20:59:01","isFullCredit":false},{"lineNumber":10,"author":{"gitId":"-"},"content":"1. Open the project into IntelliJ as follows:","lastModifiedDate":"2025-01-09T20:59:01","isFullCredit":false},{"lineNumber":11,"author":{"gitId":"-"},"content":"   1. Click `Open`.","lastModifiedDate":"2021-01-17T12:25:53","isFullCredit":false},{"lineNumber":12,"author":{"gitId":"-"},"content":"   1. Select the project directory, and click `OK`.","lastModifiedDate":"2021-01-17T12:25:53","isFullCredit":false},{"lineNumber":13,"author":{"gitId":"-"},"content":"   1. If there are any further prompts, accept the defaults.","lastModifiedDate":"2020-05-25T00:03:55","isFullCredit":false},{"lineNumber":14,"author":{"gitId":"-"},"content":"1. Configure the project to use **JDK 21** (not other versions) as explained in [here](https://www.jetbrains.com/help/idea/sdk.html#set-up-jdk).\u003cbr\u003e","lastModifiedDate":"2025-01-09T20:49:06","isFullCredit":false},{"lineNumber":15,"author":{"gitId":"-"},"content":"   In the same dialog, set the **Project language level** field to the `SDK default` option.","lastModifiedDate":"2021-07-29T20:29:39","isFullCredit":false},{"lineNumber":16,"author":{"gitId":"YeowChunSiang"},"content":"1. After that, locate the `src/main/java/Listo.java` file, right-click it, and choose `Run Listo.main()` (if the code editor is showing compile errors, try restarting the IDE). If the setup is correct, you should see something like the below as the output:","lastModifiedDate":"2026-01-28T20:21:52","isFullCredit":false},{"lineNumber":17,"author":{"gitId":"-"},"content":"   ```","lastModifiedDate":"2020-05-25T00:03:55","isFullCredit":false},{"lineNumber":18,"author":{"gitId":"-"},"content":"   Hello from","lastModifiedDate":"2020-05-25T00:03:55","isFullCredit":false},{"lineNumber":19,"author":{"gitId":"-"},"content":"    ____        _        ","lastModifiedDate":"2020-05-25T00:03:55","isFullCredit":false},{"lineNumber":20,"author":{"gitId":"-"},"content":"   |  _ \\ _   _| | _____ ","lastModifiedDate":"2020-05-25T00:03:55","isFullCredit":false},{"lineNumber":21,"author":{"gitId":"-"},"content":"   | | | | | | | |/ / _ \\","lastModifiedDate":"2020-05-25T00:03:55","isFullCredit":false},{"lineNumber":22,"author":{"gitId":"-"},"content":"   | |_| | |_| |   \u003c  __/","lastModifiedDate":"2020-05-25T00:03:55","isFullCredit":false},{"lineNumber":23,"author":{"gitId":"-"},"content":"   |____/ \\__,_|_|\\_\\___|","lastModifiedDate":"2020-05-25T00:03:55","isFullCredit":false},{"lineNumber":24,"author":{"gitId":"-"},"content":"   ```","lastModifiedDate":"2020-05-25T00:03:55","isFullCredit":false},{"lineNumber":25,"author":{"gitId":"-"},"content":"","lastModifiedDate":"2025-01-04T21:44:28","isFullCredit":false},{"lineNumber":26,"author":{"gitId":"-"},"content":"**Warning:** Keep the `src\\main\\java` folder as the root folder for Java files (i.e., don\u0027t rename those folders or move Java files to another folder outside of this folder path), as this is the default location some tools (e.g., Gradle) expect to find Java files.","lastModifiedDate":"2025-01-04T21:44:28","isFullCredit":false},{"lineNumber":27,"author":{"gitId":"-"},"content":"","lastModifiedDate":"2025-01-09T21:09:47","isFullCredit":false},{"lineNumber":28,"author":{"gitId":"-"},"content":"## Running Tests","lastModifiedDate":"2025-01-09T21:09:47","isFullCredit":false},{"lineNumber":29,"author":{"gitId":"-"},"content":"","lastModifiedDate":"2025-01-09T21:09:47","isFullCredit":false},{"lineNumber":30,"author":{"gitId":"-"},"content":"The project comes with a set of test scripts for different operating systems:","lastModifiedDate":"2025-01-09T21:09:47","isFullCredit":false},{"lineNumber":31,"author":{"gitId":"-"},"content":"","lastModifiedDate":"2025-01-09T21:09:47","isFullCredit":false},{"lineNumber":32,"author":{"gitId":"-"},"content":"- **MacOS/Linux**: Run the shell script","lastModifiedDate":"2025-01-09T21:09:47","isFullCredit":false},{"lineNumber":33,"author":{"gitId":"-"},"content":"  ```bash","lastModifiedDate":"2025-01-09T21:09:47","isFullCredit":false},{"lineNumber":34,"author":{"gitId":"-"},"content":"  cd text-ui-test","lastModifiedDate":"2025-01-09T21:09:47","isFullCredit":false},{"lineNumber":35,"author":{"gitId":"-"},"content":"  ./runtest.sh","lastModifiedDate":"2025-01-09T21:09:47","isFullCredit":false},{"lineNumber":36,"author":{"gitId":"-"},"content":"  ```","lastModifiedDate":"2025-01-09T21:09:47","isFullCredit":false},{"lineNumber":37,"author":{"gitId":"-"},"content":"","lastModifiedDate":"2025-01-09T21:09:47","isFullCredit":false},{"lineNumber":38,"author":{"gitId":"-"},"content":"- **Windows**: Run the batch script","lastModifiedDate":"2025-01-09T21:09:47","isFullCredit":false},{"lineNumber":39,"author":{"gitId":"-"},"content":"  ```batch","lastModifiedDate":"2025-01-09T21:09:47","isFullCredit":false},{"lineNumber":40,"author":{"gitId":"-"},"content":"  cd text-ui-test","lastModifiedDate":"2025-01-09T21:09:47","isFullCredit":false},{"lineNumber":41,"author":{"gitId":"-"},"content":"  runtest.bat","lastModifiedDate":"2025-01-09T21:09:47","isFullCredit":false},{"lineNumber":42,"author":{"gitId":"-"},"content":"  ```","lastModifiedDate":"2025-01-09T21:09:47","isFullCredit":false},{"lineNumber":43,"author":{"gitId":"-"},"content":"","lastModifiedDate":"2025-01-09T21:09:47","isFullCredit":false},{"lineNumber":44,"author":{"gitId":"-"},"content":"These scripts will compile the source files, run the tests, and compare the output against the expected output.","lastModifiedDate":"2025-01-09T21:09:47","isFullCredit":false}],"authorContributionMap":{"YeowChunSiang":2,"-":42}},{"path":"docs/README.md","fileType":"md","lines":[{"lineNumber":1,"author":{"gitId":"YeowChunSiang"},"content":"# Listo User Guide","lastModifiedDate":"2026-01-28T20:21:52","isFullCredit":false},{"lineNumber":2,"author":{"gitId":"-"},"content":"","lastModifiedDate":"2019-07-29T17:14:46","isFullCredit":false},{"lineNumber":3,"author":{"gitId":"-"},"content":"// Update the title above to match the actual product name","lastModifiedDate":"2024-01-07T18:33:52","isFullCredit":false},{"lineNumber":4,"author":{"gitId":"-"},"content":"","lastModifiedDate":"2019-07-29T17:14:46","isFullCredit":false},{"lineNumber":5,"author":{"gitId":"-"},"content":"// Product screenshot goes here","lastModifiedDate":"2024-01-07T18:33:52","isFullCredit":false},{"lineNumber":6,"author":{"gitId":"-"},"content":"","lastModifiedDate":"2021-07-17T16:49:07","isFullCredit":false},{"lineNumber":7,"author":{"gitId":"-"},"content":"// Product intro goes here","lastModifiedDate":"2024-01-07T18:33:52","isFullCredit":false},{"lineNumber":8,"author":{"gitId":"-"},"content":"","lastModifiedDate":"2021-07-17T16:49:07","isFullCredit":false},{"lineNumber":9,"author":{"gitId":"-"},"content":"## Adding deadlines","lastModifiedDate":"2024-01-07T18:33:52","isFullCredit":false},{"lineNumber":10,"author":{"gitId":"-"},"content":"","lastModifiedDate":"2021-07-17T16:49:07","isFullCredit":false},{"lineNumber":11,"author":{"gitId":"-"},"content":"// Describe the action and its outcome.","lastModifiedDate":"2024-01-07T18:33:52","isFullCredit":false},{"lineNumber":12,"author":{"gitId":"-"},"content":"","lastModifiedDate":"2019-07-29T17:14:46","isFullCredit":false},{"lineNumber":13,"author":{"gitId":"-"},"content":"// Give examples of usage","lastModifiedDate":"2024-01-07T18:33:52","isFullCredit":false},{"lineNumber":14,"author":{"gitId":"-"},"content":"","lastModifiedDate":"2019-07-29T17:14:46","isFullCredit":false},{"lineNumber":15,"author":{"gitId":"-"},"content":"Example: `keyword (optional arguments)`","lastModifiedDate":"2024-01-07T18:33:52","isFullCredit":false},{"lineNumber":16,"author":{"gitId":"-"},"content":"","lastModifiedDate":"2019-07-29T17:14:46","isFullCredit":false},{"lineNumber":17,"author":{"gitId":"-"},"content":"// A description of the expected outcome goes here","lastModifiedDate":"2024-01-07T18:33:52","isFullCredit":false},{"lineNumber":18,"author":{"gitId":"-"},"content":"","lastModifiedDate":"2019-07-29T17:14:46","isFullCredit":false},{"lineNumber":19,"author":{"gitId":"-"},"content":"```","lastModifiedDate":"2024-01-07T18:33:52","isFullCredit":false},{"lineNumber":20,"author":{"gitId":"-"},"content":"expected output","lastModifiedDate":"2024-01-07T18:33:52","isFullCredit":false},{"lineNumber":21,"author":{"gitId":"-"},"content":"```","lastModifiedDate":"2024-01-07T18:33:52","isFullCredit":false},{"lineNumber":22,"author":{"gitId":"-"},"content":"","lastModifiedDate":"2019-07-29T17:14:46","isFullCredit":false},{"lineNumber":23,"author":{"gitId":"-"},"content":"## Feature ABC","lastModifiedDate":"2024-01-07T18:33:52","isFullCredit":false},{"lineNumber":24,"author":{"gitId":"-"},"content":"","lastModifiedDate":"2019-07-29T17:14:46","isFullCredit":false},{"lineNumber":25,"author":{"gitId":"-"},"content":"// Feature details","lastModifiedDate":"2024-01-07T18:33:52","isFullCredit":false},{"lineNumber":26,"author":{"gitId":"-"},"content":"","lastModifiedDate":"2019-07-29T17:14:46","isFullCredit":false},{"lineNumber":27,"author":{"gitId":"-"},"content":"","lastModifiedDate":"2021-07-17T16:49:07","isFullCredit":false},{"lineNumber":28,"author":{"gitId":"-"},"content":"## Feature XYZ","lastModifiedDate":"2024-01-07T18:33:52","isFullCredit":false},{"lineNumber":29,"author":{"gitId":"-"},"content":"","lastModifiedDate":"2024-01-07T18:33:52","isFullCredit":false},{"lineNumber":30,"author":{"gitId":"-"},"content":"// Feature details","lastModifiedDate":"2024-01-07T18:33:52","isFullCredit":false}],"authorContributionMap":{"YeowChunSiang":1,"-":29}},{"path":"src/main/java/CommandType.java","fileType":"java","lines":[{"lineNumber":1,"author":{"gitId":"YeowChunSiang"},"content":"/**","lastModifiedDate":"2026-01-30T11:40:04","isFullCredit":false},{"lineNumber":2,"author":{"gitId":"YeowChunSiang"},"content":" * Represents the various commands that the user can execute.","lastModifiedDate":"2026-01-30T11:40:04","isFullCredit":false},{"lineNumber":3,"author":{"gitId":"YeowChunSiang"},"content":" * Used to map user input strings to specific actions.","lastModifiedDate":"2026-01-30T11:40:04","isFullCredit":false},{"lineNumber":4,"author":{"gitId":"YeowChunSiang"},"content":" */","lastModifiedDate":"2026-01-30T11:40:04","isFullCredit":false},{"lineNumber":5,"author":{"gitId":"YeowChunSiang"},"content":"public enum CommandType {","lastModifiedDate":"2026-01-30T11:40:04","isFullCredit":false},{"lineNumber":6,"author":{"gitId":"YeowChunSiang"},"content":"    LIST,","lastModifiedDate":"2026-01-30T11:40:04","isFullCredit":false},{"lineNumber":7,"author":{"gitId":"YeowChunSiang"},"content":"    MARK,","lastModifiedDate":"2026-01-30T11:40:04","isFullCredit":false},{"lineNumber":8,"author":{"gitId":"YeowChunSiang"},"content":"    UNMARK,","lastModifiedDate":"2026-01-30T11:40:04","isFullCredit":false},{"lineNumber":9,"author":{"gitId":"YeowChunSiang"},"content":"    TODO,","lastModifiedDate":"2026-01-30T11:40:04","isFullCredit":false},{"lineNumber":10,"author":{"gitId":"YeowChunSiang"},"content":"    DEADLINE,","lastModifiedDate":"2026-01-30T11:40:04","isFullCredit":false},{"lineNumber":11,"author":{"gitId":"YeowChunSiang"},"content":"    EVENT,","lastModifiedDate":"2026-01-30T11:40:04","isFullCredit":false},{"lineNumber":12,"author":{"gitId":"YeowChunSiang"},"content":"    DELETE,","lastModifiedDate":"2026-01-30T11:40:04","isFullCredit":false},{"lineNumber":13,"author":{"gitId":"YeowChunSiang"},"content":"    BYE,","lastModifiedDate":"2026-01-30T11:40:04","isFullCredit":false},{"lineNumber":14,"author":{"gitId":"YeowChunSiang"},"content":"    UNKNOWN // Used for invalid commands","lastModifiedDate":"2026-01-30T11:40:04","isFullCredit":false},{"lineNumber":15,"author":{"gitId":"YeowChunSiang"},"content":"}","lastModifiedDate":"2026-01-30T11:40:04","isFullCredit":false}],"authorContributionMap":{"YeowChunSiang":15}},{"path":"src/main/java/Deadline.java","fileType":"java","lines":[{"lineNumber":1,"author":{"gitId":"YeowChunSiang"},"content":"/**","lastModifiedDate":"2026-01-30T00:06:09","isFullCredit":false},{"lineNumber":2,"author":{"gitId":"YeowChunSiang"},"content":" * Represents a Deadline task.","lastModifiedDate":"2026-01-30T00:06:09","isFullCredit":false},{"lineNumber":3,"author":{"gitId":"YeowChunSiang"},"content":" * A task that needs to be done by a specific date/time.","lastModifiedDate":"2026-01-30T00:06:09","isFullCredit":false},{"lineNumber":4,"author":{"gitId":"YeowChunSiang"},"content":" */","lastModifiedDate":"2026-01-30T00:06:09","isFullCredit":false},{"lineNumber":5,"author":{"gitId":"YeowChunSiang"},"content":"public class Deadline extends Task {","lastModifiedDate":"2026-01-28T21:56:09","isFullCredit":false},{"lineNumber":6,"author":{"gitId":"YeowChunSiang"},"content":"","lastModifiedDate":"2026-01-28T21:56:09","isFullCredit":false},{"lineNumber":7,"author":{"gitId":"YeowChunSiang"},"content":"    protected String by;","lastModifiedDate":"2026-01-28T21:56:09","isFullCredit":false},{"lineNumber":8,"author":{"gitId":"YeowChunSiang"},"content":"","lastModifiedDate":"2026-01-28T21:56:09","isFullCredit":false},{"lineNumber":9,"author":{"gitId":"YeowChunSiang"},"content":"    /**","lastModifiedDate":"2026-01-30T00:06:09","isFullCredit":false},{"lineNumber":10,"author":{"gitId":"YeowChunSiang"},"content":"     * Creates a new Deadline task.","lastModifiedDate":"2026-01-30T00:06:09","isFullCredit":false},{"lineNumber":11,"author":{"gitId":"YeowChunSiang"},"content":"     *","lastModifiedDate":"2026-01-30T00:06:09","isFullCredit":false},{"lineNumber":12,"author":{"gitId":"YeowChunSiang"},"content":"     * @param description The task description.","lastModifiedDate":"2026-01-30T00:06:09","isFullCredit":false},{"lineNumber":13,"author":{"gitId":"YeowChunSiang"},"content":"     * @param by          The deadline date/time.","lastModifiedDate":"2026-01-30T00:06:09","isFullCredit":false},{"lineNumber":14,"author":{"gitId":"YeowChunSiang"},"content":"     */","lastModifiedDate":"2026-01-30T00:06:09","isFullCredit":false},{"lineNumber":15,"author":{"gitId":"YeowChunSiang"},"content":"    public Deadline(String description, String by) {","lastModifiedDate":"2026-01-28T21:56:09","isFullCredit":false},{"lineNumber":16,"author":{"gitId":"YeowChunSiang"},"content":"        super(description);","lastModifiedDate":"2026-01-28T21:56:09","isFullCredit":false},{"lineNumber":17,"author":{"gitId":"YeowChunSiang"},"content":"        this.by \u003d by;","lastModifiedDate":"2026-01-28T21:56:09","isFullCredit":false},{"lineNumber":18,"author":{"gitId":"YeowChunSiang"},"content":"    }","lastModifiedDate":"2026-01-28T21:56:09","isFullCredit":false},{"lineNumber":19,"author":{"gitId":"YeowChunSiang"},"content":"","lastModifiedDate":"2026-01-28T21:56:09","isFullCredit":false},{"lineNumber":20,"author":{"gitId":"YeowChunSiang"},"content":"    @Override","lastModifiedDate":"2026-01-28T21:56:09","isFullCredit":false},{"lineNumber":21,"author":{"gitId":"YeowChunSiang"},"content":"    public String toString() {","lastModifiedDate":"2026-01-28T21:56:09","isFullCredit":false},{"lineNumber":22,"author":{"gitId":"YeowChunSiang"},"content":"        return \"[D]\" + super.toString() + \" (by: \" + by + \")\";","lastModifiedDate":"2026-01-28T21:56:09","isFullCredit":false},{"lineNumber":23,"author":{"gitId":"YeowChunSiang"},"content":"    }","lastModifiedDate":"2026-01-28T21:56:09","isFullCredit":false},{"lineNumber":24,"author":{"gitId":"YeowChunSiang"},"content":"}","lastModifiedDate":"2026-01-28T21:56:09","isFullCredit":false}],"authorContributionMap":{"YeowChunSiang":24}},{"path":"src/main/java/Event.java","fileType":"java","lines":[{"lineNumber":1,"author":{"gitId":"YeowChunSiang"},"content":"/**","lastModifiedDate":"2026-01-30T00:06:09","isFullCredit":false},{"lineNumber":2,"author":{"gitId":"YeowChunSiang"},"content":" * Represents an Event task.","lastModifiedDate":"2026-01-30T00:06:09","isFullCredit":false},{"lineNumber":3,"author":{"gitId":"YeowChunSiang"},"content":" * A task that occurs over a specific time period.","lastModifiedDate":"2026-01-30T00:06:09","isFullCredit":false},{"lineNumber":4,"author":{"gitId":"YeowChunSiang"},"content":" */","lastModifiedDate":"2026-01-30T00:06:09","isFullCredit":false},{"lineNumber":5,"author":{"gitId":"YeowChunSiang"},"content":"public class Event extends Task {","lastModifiedDate":"2026-01-28T21:56:09","isFullCredit":false},{"lineNumber":6,"author":{"gitId":"YeowChunSiang"},"content":"","lastModifiedDate":"2026-01-28T21:56:09","isFullCredit":false},{"lineNumber":7,"author":{"gitId":"YeowChunSiang"},"content":"    protected String from;","lastModifiedDate":"2026-01-28T21:56:09","isFullCredit":false},{"lineNumber":8,"author":{"gitId":"YeowChunSiang"},"content":"    protected String to;","lastModifiedDate":"2026-01-28T21:56:09","isFullCredit":false},{"lineNumber":9,"author":{"gitId":"YeowChunSiang"},"content":"","lastModifiedDate":"2026-01-28T21:56:09","isFullCredit":false},{"lineNumber":10,"author":{"gitId":"YeowChunSiang"},"content":"    /**","lastModifiedDate":"2026-01-30T00:06:09","isFullCredit":false},{"lineNumber":11,"author":{"gitId":"YeowChunSiang"},"content":"     * Creates a new Event task.","lastModifiedDate":"2026-01-30T00:06:09","isFullCredit":false},{"lineNumber":12,"author":{"gitId":"YeowChunSiang"},"content":"     *","lastModifiedDate":"2026-01-30T00:06:09","isFullCredit":false},{"lineNumber":13,"author":{"gitId":"YeowChunSiang"},"content":"     * @param description The event description.","lastModifiedDate":"2026-01-30T00:06:09","isFullCredit":false},{"lineNumber":14,"author":{"gitId":"YeowChunSiang"},"content":"     * @param from        The start time of the event.","lastModifiedDate":"2026-01-30T00:06:09","isFullCredit":false},{"lineNumber":15,"author":{"gitId":"YeowChunSiang"},"content":"     * @param to          The end time of the event.","lastModifiedDate":"2026-01-30T00:06:09","isFullCredit":false},{"lineNumber":16,"author":{"gitId":"YeowChunSiang"},"content":"     */","lastModifiedDate":"2026-01-30T00:06:09","isFullCredit":false},{"lineNumber":17,"author":{"gitId":"YeowChunSiang"},"content":"    public Event(String description, String from, String to) {","lastModifiedDate":"2026-01-28T21:56:09","isFullCredit":false},{"lineNumber":18,"author":{"gitId":"YeowChunSiang"},"content":"        super(description);","lastModifiedDate":"2026-01-28T21:56:09","isFullCredit":false},{"lineNumber":19,"author":{"gitId":"YeowChunSiang"},"content":"        this.from \u003d from;","lastModifiedDate":"2026-01-28T21:56:09","isFullCredit":false},{"lineNumber":20,"author":{"gitId":"YeowChunSiang"},"content":"        this.to \u003d to;","lastModifiedDate":"2026-01-28T21:56:09","isFullCredit":false},{"lineNumber":21,"author":{"gitId":"YeowChunSiang"},"content":"    }","lastModifiedDate":"2026-01-28T21:56:09","isFullCredit":false},{"lineNumber":22,"author":{"gitId":"YeowChunSiang"},"content":"","lastModifiedDate":"2026-01-28T21:56:09","isFullCredit":false},{"lineNumber":23,"author":{"gitId":"YeowChunSiang"},"content":"    @Override","lastModifiedDate":"2026-01-28T21:56:09","isFullCredit":false},{"lineNumber":24,"author":{"gitId":"YeowChunSiang"},"content":"    public String toString() {","lastModifiedDate":"2026-01-28T21:56:09","isFullCredit":false},{"lineNumber":25,"author":{"gitId":"YeowChunSiang"},"content":"        return \"[E]\" + super.toString() + \" (from: \" + from + \" to: \" + to + \")\";","lastModifiedDate":"2026-01-28T21:56:09","isFullCredit":false},{"lineNumber":26,"author":{"gitId":"YeowChunSiang"},"content":"    }","lastModifiedDate":"2026-01-28T21:56:09","isFullCredit":false},{"lineNumber":27,"author":{"gitId":"YeowChunSiang"},"content":"}","lastModifiedDate":"2026-01-28T21:56:09","isFullCredit":false}],"authorContributionMap":{"YeowChunSiang":27}},{"path":"src/main/java/Listo.java","fileType":"java","lines":[{"lineNumber":1,"author":{"gitId":"YeowChunSiang"},"content":"/**","lastModifiedDate":"2026-01-30T00:13:46","isFullCredit":false},{"lineNumber":2,"author":{"gitId":"YeowChunSiang"},"content":" * The Listo class is a simple chatbot that helps users manage tasks.","lastModifiedDate":"2026-01-30T00:13:46","isFullCredit":false},{"lineNumber":3,"author":{"gitId":"YeowChunSiang"},"content":" * It supports adding Todo, Deadline, and Event tasks, as well as marking them as done/undone.","lastModifiedDate":"2026-01-30T00:13:46","isFullCredit":false},{"lineNumber":4,"author":{"gitId":"YeowChunSiang"},"content":" */","lastModifiedDate":"2026-01-30T00:13:46","isFullCredit":false},{"lineNumber":5,"author":{"gitId":"YeowChunSiang"},"content":"public class Listo {","lastModifiedDate":"2026-01-28T20:21:52","isFullCredit":false},{"lineNumber":6,"author":{"gitId":"YeowChunSiang"},"content":"","lastModifiedDate":"2026-01-28T20:21:52","isFullCredit":false},{"lineNumber":7,"author":{"gitId":"YeowChunSiang"},"content":"    /**","lastModifiedDate":"2026-01-30T00:13:46","isFullCredit":false},{"lineNumber":8,"author":{"gitId":"YeowChunSiang"},"content":"     * The entry point of the application.","lastModifiedDate":"2026-01-30T00:13:46","isFullCredit":false},{"lineNumber":9,"author":{"gitId":"YeowChunSiang"},"content":"     * Continuously reads user commands and delegates execution to the Parser","lastModifiedDate":"2026-01-30T00:13:46","isFullCredit":false},{"lineNumber":10,"author":{"gitId":"YeowChunSiang"},"content":"     * until the \"bye\" command is received.","lastModifiedDate":"2026-01-30T00:13:46","isFullCredit":false},{"lineNumber":11,"author":{"gitId":"YeowChunSiang"},"content":"     *","lastModifiedDate":"2026-01-30T00:13:46","isFullCredit":false},{"lineNumber":12,"author":{"gitId":"YeowChunSiang"},"content":"     * @param args Command line arguments (not used).","lastModifiedDate":"2026-01-30T00:13:46","isFullCredit":false},{"lineNumber":13,"author":{"gitId":"YeowChunSiang"},"content":"     */","lastModifiedDate":"2026-01-30T00:13:46","isFullCredit":false},{"lineNumber":14,"author":{"gitId":"YeowChunSiang"},"content":"    public static void main(String[] args) {","lastModifiedDate":"2026-01-30T00:13:46","isFullCredit":false},{"lineNumber":15,"author":{"gitId":"YeowChunSiang"},"content":"        Ui ui \u003d new Ui();","lastModifiedDate":"2026-01-30T00:13:46","isFullCredit":false},{"lineNumber":16,"author":{"gitId":"YeowChunSiang"},"content":"        TaskList tasks \u003d new TaskList();","lastModifiedDate":"2026-01-30T00:13:46","isFullCredit":false},{"lineNumber":17,"author":{"gitId":"YeowChunSiang"},"content":"","lastModifiedDate":"2026-01-28T21:00:31","isFullCredit":false},{"lineNumber":18,"author":{"gitId":"YeowChunSiang"},"content":"        ui.showWelcome();","lastModifiedDate":"2026-01-30T00:13:46","isFullCredit":false},{"lineNumber":19,"author":{"gitId":"YeowChunSiang"},"content":"","lastModifiedDate":"2026-01-28T20:50:46","isFullCredit":false},{"lineNumber":20,"author":{"gitId":"YeowChunSiang"},"content":"        while (true) {","lastModifiedDate":"2026-01-28T20:50:46","isFullCredit":false},{"lineNumber":21,"author":{"gitId":"YeowChunSiang"},"content":"            String input \u003d ui.readCommand();","lastModifiedDate":"2026-01-30T00:13:46","isFullCredit":false},{"lineNumber":22,"author":{"gitId":"YeowChunSiang"},"content":"","lastModifiedDate":"2026-01-28T21:00:31","isFullCredit":false},{"lineNumber":23,"author":{"gitId":"YeowChunSiang"},"content":"            if (input.equals(\"bye\")) {","lastModifiedDate":"2026-01-30T11:40:04","isFullCredit":false},{"lineNumber":24,"author":{"gitId":"YeowChunSiang"},"content":"                break;","lastModifiedDate":"2026-01-28T20:50:46","isFullCredit":false},{"lineNumber":25,"author":{"gitId":"YeowChunSiang"},"content":"            }","lastModifiedDate":"2026-01-28T20:50:46","isFullCredit":false},{"lineNumber":26,"author":{"gitId":"YeowChunSiang"},"content":"","lastModifiedDate":"2026-01-30T11:40:04","isFullCredit":false},{"lineNumber":27,"author":{"gitId":"YeowChunSiang"},"content":"            try {","lastModifiedDate":"2026-01-30T11:40:04","isFullCredit":false},{"lineNumber":28,"author":{"gitId":"YeowChunSiang"},"content":"                Parser.parseCommand(input, tasks, ui);","lastModifiedDate":"2026-01-30T11:40:04","isFullCredit":false},{"lineNumber":29,"author":{"gitId":"YeowChunSiang"},"content":"            } catch (ListoException e) {","lastModifiedDate":"2026-01-30T00:13:46","isFullCredit":false},{"lineNumber":30,"author":{"gitId":"YeowChunSiang"},"content":"                ui.showError(e.getMessage());","lastModifiedDate":"2026-01-30T00:13:46","isFullCredit":false},{"lineNumber":31,"author":{"gitId":"YeowChunSiang"},"content":"            }","lastModifiedDate":"2026-01-28T20:50:46","isFullCredit":false},{"lineNumber":32,"author":{"gitId":"YeowChunSiang"},"content":"        }","lastModifiedDate":"2026-01-30T00:13:46","isFullCredit":false},{"lineNumber":33,"author":{"gitId":"YeowChunSiang"},"content":"        ui.showGoodbye();","lastModifiedDate":"2026-01-30T00:13:46","isFullCredit":false},{"lineNumber":34,"author":{"gitId":"YeowChunSiang"},"content":"    }","lastModifiedDate":"2026-01-28T20:21:52","isFullCredit":false},{"lineNumber":35,"author":{"gitId":"YeowChunSiang"},"content":"}","lastModifiedDate":"2026-01-28T20:21:52","isFullCredit":false}],"authorContributionMap":{"YeowChunSiang":35}},{"path":"src/main/java/ListoException.java","fileType":"java","lines":[{"lineNumber":1,"author":{"gitId":"YeowChunSiang"},"content":"/**","lastModifiedDate":"2026-01-30T00:09:10","isFullCredit":false},{"lineNumber":2,"author":{"gitId":"YeowChunSiang"},"content":" * Represents exceptions specific to the Listo chatbot.","lastModifiedDate":"2026-01-30T00:09:10","isFullCredit":false},{"lineNumber":3,"author":{"gitId":"YeowChunSiang"},"content":" * Used for handling user input errors and logical constraints.","lastModifiedDate":"2026-01-30T00:09:10","isFullCredit":false},{"lineNumber":4,"author":{"gitId":"YeowChunSiang"},"content":" */","lastModifiedDate":"2026-01-30T00:09:10","isFullCredit":false},{"lineNumber":5,"author":{"gitId":"YeowChunSiang"},"content":"public class ListoException extends Exception {","lastModifiedDate":"2026-01-30T00:09:10","isFullCredit":false},{"lineNumber":6,"author":{"gitId":"YeowChunSiang"},"content":"    public ListoException(String message) {","lastModifiedDate":"2026-01-30T00:09:10","isFullCredit":false},{"lineNumber":7,"author":{"gitId":"YeowChunSiang"},"content":"        super(message);","lastModifiedDate":"2026-01-30T00:09:10","isFullCredit":false},{"lineNumber":8,"author":{"gitId":"YeowChunSiang"},"content":"    }","lastModifiedDate":"2026-01-30T00:09:10","isFullCredit":false},{"lineNumber":9,"author":{"gitId":"YeowChunSiang"},"content":"}","lastModifiedDate":"2026-01-30T00:06:09","isFullCredit":false}],"authorContributionMap":{"YeowChunSiang":9}},{"path":"src/main/java/Parser.java","fileType":"java","lines":[{"lineNumber":1,"author":{"gitId":"YeowChunSiang"},"content":"/**","lastModifiedDate":"2026-01-30T00:13:46","isFullCredit":false},{"lineNumber":2,"author":{"gitId":"YeowChunSiang"},"content":" * Handles the logic for parsing and executing user commands.","lastModifiedDate":"2026-01-30T00:13:46","isFullCredit":false},{"lineNumber":3,"author":{"gitId":"YeowChunSiang"},"content":" * Contains static methods to process specific command types.","lastModifiedDate":"2026-01-30T00:13:46","isFullCredit":false},{"lineNumber":4,"author":{"gitId":"YeowChunSiang"},"content":" */","lastModifiedDate":"2026-01-30T00:13:46","isFullCredit":false},{"lineNumber":5,"author":{"gitId":"YeowChunSiang"},"content":"public class Parser {","lastModifiedDate":"2026-01-30T00:06:09","isFullCredit":false},{"lineNumber":6,"author":{"gitId":"YeowChunSiang"},"content":"","lastModifiedDate":"2026-01-30T00:13:46","isFullCredit":false},{"lineNumber":7,"author":{"gitId":"YeowChunSiang"},"content":"    /**","lastModifiedDate":"2026-01-30T11:40:04","isFullCredit":false},{"lineNumber":8,"author":{"gitId":"YeowChunSiang"},"content":"     * Parses the user input and executes the corresponding command.","lastModifiedDate":"2026-01-30T11:40:04","isFullCredit":false},{"lineNumber":9,"author":{"gitId":"YeowChunSiang"},"content":"     * Maps the input string to a CommandType enum and executes the relevant logic.","lastModifiedDate":"2026-01-30T11:40:04","isFullCredit":false},{"lineNumber":10,"author":{"gitId":"YeowChunSiang"},"content":"     *","lastModifiedDate":"2026-01-30T11:40:04","isFullCredit":false},{"lineNumber":11,"author":{"gitId":"YeowChunSiang"},"content":"     * @param input The full user input string.","lastModifiedDate":"2026-01-30T11:40:04","isFullCredit":false},{"lineNumber":12,"author":{"gitId":"YeowChunSiang"},"content":"     * @param tasks The current list of tasks.","lastModifiedDate":"2026-01-30T11:40:04","isFullCredit":false},{"lineNumber":13,"author":{"gitId":"YeowChunSiang"},"content":"     * @param ui    The UI instance to display messages.","lastModifiedDate":"2026-01-30T11:40:04","isFullCredit":false},{"lineNumber":14,"author":{"gitId":"YeowChunSiang"},"content":"     * @throws ListoException If the command is invalid or execution fails.","lastModifiedDate":"2026-01-30T11:40:04","isFullCredit":false},{"lineNumber":15,"author":{"gitId":"YeowChunSiang"},"content":"     */","lastModifiedDate":"2026-01-30T11:40:04","isFullCredit":false},{"lineNumber":16,"author":{"gitId":"YeowChunSiang"},"content":"    public static void parseCommand(String input, TaskList tasks, Ui ui) throws ListoException {","lastModifiedDate":"2026-01-30T11:40:04","isFullCredit":false},{"lineNumber":17,"author":{"gitId":"YeowChunSiang"},"content":"        String[] parts \u003d input.split(\" \");","lastModifiedDate":"2026-01-30T11:40:04","isFullCredit":false},{"lineNumber":18,"author":{"gitId":"YeowChunSiang"},"content":"        String commandWord \u003d parts[0];","lastModifiedDate":"2026-01-30T11:40:04","isFullCredit":false},{"lineNumber":19,"author":{"gitId":"YeowChunSiang"},"content":"        CommandType command \u003d getCommandType(commandWord);","lastModifiedDate":"2026-01-30T11:40:04","isFullCredit":false},{"lineNumber":20,"author":{"gitId":"YeowChunSiang"},"content":"","lastModifiedDate":"2026-01-30T11:40:04","isFullCredit":false},{"lineNumber":21,"author":{"gitId":"YeowChunSiang"},"content":"        switch (command) {","lastModifiedDate":"2026-01-30T11:40:04","isFullCredit":false},{"lineNumber":22,"author":{"gitId":"YeowChunSiang"},"content":"            case LIST:","lastModifiedDate":"2026-01-30T11:40:04","isFullCredit":false},{"lineNumber":23,"author":{"gitId":"YeowChunSiang"},"content":"                ui.showList(tasks);","lastModifiedDate":"2026-01-30T11:40:04","isFullCredit":false},{"lineNumber":24,"author":{"gitId":"YeowChunSiang"},"content":"                break;","lastModifiedDate":"2026-01-30T11:40:04","isFullCredit":false},{"lineNumber":25,"author":{"gitId":"YeowChunSiang"},"content":"            case MARK:","lastModifiedDate":"2026-01-30T11:40:04","isFullCredit":false},{"lineNumber":26,"author":{"gitId":"YeowChunSiang"},"content":"                handleMark(input, tasks, ui);","lastModifiedDate":"2026-01-30T11:40:04","isFullCredit":false},{"lineNumber":27,"author":{"gitId":"YeowChunSiang"},"content":"                break;","lastModifiedDate":"2026-01-30T11:40:04","isFullCredit":false},{"lineNumber":28,"author":{"gitId":"YeowChunSiang"},"content":"            case UNMARK:","lastModifiedDate":"2026-01-30T11:40:04","isFullCredit":false},{"lineNumber":29,"author":{"gitId":"YeowChunSiang"},"content":"                handleUnmark(input, tasks, ui);","lastModifiedDate":"2026-01-30T11:40:04","isFullCredit":false},{"lineNumber":30,"author":{"gitId":"YeowChunSiang"},"content":"                break;","lastModifiedDate":"2026-01-30T11:40:04","isFullCredit":false},{"lineNumber":31,"author":{"gitId":"YeowChunSiang"},"content":"            case DELETE:","lastModifiedDate":"2026-01-30T11:40:04","isFullCredit":false},{"lineNumber":32,"author":{"gitId":"YeowChunSiang"},"content":"                handleDelete(input, tasks, ui);","lastModifiedDate":"2026-01-30T11:40:04","isFullCredit":false},{"lineNumber":33,"author":{"gitId":"YeowChunSiang"},"content":"                break;","lastModifiedDate":"2026-01-30T11:40:04","isFullCredit":false},{"lineNumber":34,"author":{"gitId":"YeowChunSiang"},"content":"            case TODO:","lastModifiedDate":"2026-01-30T11:40:04","isFullCredit":false},{"lineNumber":35,"author":{"gitId":"YeowChunSiang"},"content":"                addTodo(input, tasks, ui);","lastModifiedDate":"2026-01-30T11:40:04","isFullCredit":false},{"lineNumber":36,"author":{"gitId":"YeowChunSiang"},"content":"                break;","lastModifiedDate":"2026-01-30T11:40:04","isFullCredit":false},{"lineNumber":37,"author":{"gitId":"YeowChunSiang"},"content":"            case DEADLINE:","lastModifiedDate":"2026-01-30T11:40:04","isFullCredit":false},{"lineNumber":38,"author":{"gitId":"YeowChunSiang"},"content":"                addDeadline(input, tasks, ui);","lastModifiedDate":"2026-01-30T11:40:04","isFullCredit":false},{"lineNumber":39,"author":{"gitId":"YeowChunSiang"},"content":"                break;","lastModifiedDate":"2026-01-30T11:40:04","isFullCredit":false},{"lineNumber":40,"author":{"gitId":"YeowChunSiang"},"content":"            case EVENT:","lastModifiedDate":"2026-01-30T11:40:04","isFullCredit":false},{"lineNumber":41,"author":{"gitId":"YeowChunSiang"},"content":"                addEvent(input, tasks, ui);","lastModifiedDate":"2026-01-30T11:40:04","isFullCredit":false},{"lineNumber":42,"author":{"gitId":"YeowChunSiang"},"content":"                break;","lastModifiedDate":"2026-01-30T11:40:04","isFullCredit":false},{"lineNumber":43,"author":{"gitId":"YeowChunSiang"},"content":"            case BYE:","lastModifiedDate":"2026-01-30T11:40:04","isFullCredit":false},{"lineNumber":44,"author":{"gitId":"YeowChunSiang"},"content":"                // The \u0027bye\u0027 command is checked in the main loop to break execution,","lastModifiedDate":"2026-01-30T11:40:04","isFullCredit":false},{"lineNumber":45,"author":{"gitId":"YeowChunSiang"},"content":"                break;","lastModifiedDate":"2026-01-30T11:40:04","isFullCredit":false},{"lineNumber":46,"author":{"gitId":"YeowChunSiang"},"content":"            default:","lastModifiedDate":"2026-01-30T11:40:04","isFullCredit":false},{"lineNumber":47,"author":{"gitId":"YeowChunSiang"},"content":"                throw new ListoException(\"OOPS!!! Sorry, I don\u0027t know what you mean :(\");","lastModifiedDate":"2026-01-30T11:40:04","isFullCredit":false},{"lineNumber":48,"author":{"gitId":"YeowChunSiang"},"content":"        }","lastModifiedDate":"2026-01-30T11:40:04","isFullCredit":false},{"lineNumber":49,"author":{"gitId":"YeowChunSiang"},"content":"    }","lastModifiedDate":"2026-01-30T11:40:04","isFullCredit":false},{"lineNumber":50,"author":{"gitId":"YeowChunSiang"},"content":"","lastModifiedDate":"2026-01-30T11:40:04","isFullCredit":false},{"lineNumber":51,"author":{"gitId":"YeowChunSiang"},"content":"    /**","lastModifiedDate":"2026-01-30T11:40:04","isFullCredit":false},{"lineNumber":52,"author":{"gitId":"YeowChunSiang"},"content":"     * Converts a string command word into a CommandType enum.","lastModifiedDate":"2026-01-30T11:40:04","isFullCredit":false},{"lineNumber":53,"author":{"gitId":"YeowChunSiang"},"content":"     *","lastModifiedDate":"2026-01-30T11:40:04","isFullCredit":false},{"lineNumber":54,"author":{"gitId":"YeowChunSiang"},"content":"     * @param commandWord The first word of the user input.","lastModifiedDate":"2026-01-30T11:40:04","isFullCredit":false},{"lineNumber":55,"author":{"gitId":"YeowChunSiang"},"content":"     * @return The corresponding CommandType, or UNKNOWN if not recognized.","lastModifiedDate":"2026-01-30T11:40:04","isFullCredit":false},{"lineNumber":56,"author":{"gitId":"YeowChunSiang"},"content":"     */","lastModifiedDate":"2026-01-30T11:40:04","isFullCredit":false},{"lineNumber":57,"author":{"gitId":"YeowChunSiang"},"content":"    private static CommandType getCommandType(String commandWord) {","lastModifiedDate":"2026-01-30T11:40:04","isFullCredit":false},{"lineNumber":58,"author":{"gitId":"YeowChunSiang"},"content":"        try {","lastModifiedDate":"2026-01-30T11:40:04","isFullCredit":false},{"lineNumber":59,"author":{"gitId":"YeowChunSiang"},"content":"            return CommandType.valueOf(commandWord.toUpperCase());","lastModifiedDate":"2026-01-30T11:40:04","isFullCredit":false},{"lineNumber":60,"author":{"gitId":"YeowChunSiang"},"content":"        } catch (IllegalArgumentException e) {","lastModifiedDate":"2026-01-30T11:40:04","isFullCredit":false},{"lineNumber":61,"author":{"gitId":"YeowChunSiang"},"content":"            return CommandType.UNKNOWN;","lastModifiedDate":"2026-01-30T11:40:04","isFullCredit":false},{"lineNumber":62,"author":{"gitId":"YeowChunSiang"},"content":"        }","lastModifiedDate":"2026-01-30T11:40:04","isFullCredit":false},{"lineNumber":63,"author":{"gitId":"YeowChunSiang"},"content":"    }","lastModifiedDate":"2026-01-30T11:40:04","isFullCredit":false},{"lineNumber":64,"author":{"gitId":"YeowChunSiang"},"content":"","lastModifiedDate":"2026-01-30T11:40:04","isFullCredit":false},{"lineNumber":65,"author":{"gitId":"YeowChunSiang"},"content":"    /**","lastModifiedDate":"2026-01-30T00:13:46","isFullCredit":false},{"lineNumber":66,"author":{"gitId":"YeowChunSiang"},"content":"     * Parses the \"mark\" command to mark a task as done.","lastModifiedDate":"2026-01-30T00:13:46","isFullCredit":false},{"lineNumber":67,"author":{"gitId":"YeowChunSiang"},"content":"     *","lastModifiedDate":"2026-01-30T00:13:46","isFullCredit":false},{"lineNumber":68,"author":{"gitId":"YeowChunSiang"},"content":"     * @param input The full user input string (e.g., \"mark 1\").","lastModifiedDate":"2026-01-30T00:13:46","isFullCredit":false},{"lineNumber":69,"author":{"gitId":"YeowChunSiang"},"content":"     * @param tasks The current list of tasks.","lastModifiedDate":"2026-01-30T00:13:46","isFullCredit":false},{"lineNumber":70,"author":{"gitId":"YeowChunSiang"},"content":"     * @param ui    The UI instance to display messages.","lastModifiedDate":"2026-01-30T00:13:46","isFullCredit":false},{"lineNumber":71,"author":{"gitId":"YeowChunSiang"},"content":"     * @throws ListoException If the input format is invalid or the index is out of bounds.","lastModifiedDate":"2026-01-30T00:13:46","isFullCredit":false},{"lineNumber":72,"author":{"gitId":"YeowChunSiang"},"content":"     */","lastModifiedDate":"2026-01-30T00:13:46","isFullCredit":false},{"lineNumber":73,"author":{"gitId":"YeowChunSiang"},"content":"    public static void handleMark(String input, TaskList tasks, Ui ui) throws ListoException {","lastModifiedDate":"2026-01-30T00:13:46","isFullCredit":false},{"lineNumber":74,"author":{"gitId":"YeowChunSiang"},"content":"        String[] parts \u003d input.split(\" \");","lastModifiedDate":"2026-01-30T00:13:46","isFullCredit":false},{"lineNumber":75,"author":{"gitId":"YeowChunSiang"},"content":"        if (parts.length \u003c 2) {","lastModifiedDate":"2026-01-30T00:13:46","isFullCredit":false},{"lineNumber":76,"author":{"gitId":"YeowChunSiang"},"content":"            throw new ListoException(\"OOPS!!! Which task number do you want me to mark?\\nEg. mark 1\");","lastModifiedDate":"2026-01-30T00:13:46","isFullCredit":false},{"lineNumber":77,"author":{"gitId":"YeowChunSiang"},"content":"        }","lastModifiedDate":"2026-01-30T00:13:46","isFullCredit":false},{"lineNumber":78,"author":{"gitId":"YeowChunSiang"},"content":"        try {","lastModifiedDate":"2026-01-30T00:13:46","isFullCredit":false},{"lineNumber":79,"author":{"gitId":"YeowChunSiang"},"content":"            int index \u003d Integer.parseInt(parts[1]) - 1;","lastModifiedDate":"2026-01-30T00:13:46","isFullCredit":false},{"lineNumber":80,"author":{"gitId":"YeowChunSiang"},"content":"            if (index \u003c 0 || index \u003e\u003d tasks.getSize()) {","lastModifiedDate":"2026-01-30T00:13:46","isFullCredit":false},{"lineNumber":81,"author":{"gitId":"YeowChunSiang"},"content":"                throw new ListoException(\"OOPS!!! I can\u0027t find that task number, can you try again?\");","lastModifiedDate":"2026-01-30T00:13:46","isFullCredit":false},{"lineNumber":82,"author":{"gitId":"YeowChunSiang"},"content":"            }","lastModifiedDate":"2026-01-30T00:13:46","isFullCredit":false},{"lineNumber":83,"author":{"gitId":"YeowChunSiang"},"content":"            tasks.markDone(index);","lastModifiedDate":"2026-01-30T00:13:46","isFullCredit":false},{"lineNumber":84,"author":{"gitId":"YeowChunSiang"},"content":"            ui.showTaskMarked(tasks.getTask(index));","lastModifiedDate":"2026-01-30T00:13:46","isFullCredit":false},{"lineNumber":85,"author":{"gitId":"YeowChunSiang"},"content":"        } catch (NumberFormatException e) {","lastModifiedDate":"2026-01-30T00:13:46","isFullCredit":false},{"lineNumber":86,"author":{"gitId":"YeowChunSiang"},"content":"            throw new ListoException(\"OOPS!!! Please enter a valid number.\\nEg. mark 1\");","lastModifiedDate":"2026-01-30T00:13:46","isFullCredit":false},{"lineNumber":87,"author":{"gitId":"YeowChunSiang"},"content":"        }","lastModifiedDate":"2026-01-30T00:13:46","isFullCredit":false},{"lineNumber":88,"author":{"gitId":"YeowChunSiang"},"content":"    }","lastModifiedDate":"2026-01-30T00:13:46","isFullCredit":false},{"lineNumber":89,"author":{"gitId":"YeowChunSiang"},"content":"","lastModifiedDate":"2026-01-30T00:13:46","isFullCredit":false},{"lineNumber":90,"author":{"gitId":"YeowChunSiang"},"content":"    /**","lastModifiedDate":"2026-01-30T00:13:46","isFullCredit":false},{"lineNumber":91,"author":{"gitId":"YeowChunSiang"},"content":"     * Parses the \"unmark\" command to mark a task as not done.","lastModifiedDate":"2026-01-30T00:13:46","isFullCredit":false},{"lineNumber":92,"author":{"gitId":"YeowChunSiang"},"content":"     *","lastModifiedDate":"2026-01-30T00:13:46","isFullCredit":false},{"lineNumber":93,"author":{"gitId":"YeowChunSiang"},"content":"     * @param input The full user input string (e.g., \"unmark 1\").","lastModifiedDate":"2026-01-30T00:13:46","isFullCredit":false},{"lineNumber":94,"author":{"gitId":"YeowChunSiang"},"content":"     * @param tasks The current list of tasks.","lastModifiedDate":"2026-01-30T00:13:46","isFullCredit":false},{"lineNumber":95,"author":{"gitId":"YeowChunSiang"},"content":"     * @param ui    The UI instance to display messages.","lastModifiedDate":"2026-01-30T00:13:46","isFullCredit":false},{"lineNumber":96,"author":{"gitId":"YeowChunSiang"},"content":"     * @throws ListoException If the input format is invalid or the index is out of bounds.","lastModifiedDate":"2026-01-30T00:13:46","isFullCredit":false},{"lineNumber":97,"author":{"gitId":"YeowChunSiang"},"content":"     */","lastModifiedDate":"2026-01-30T00:13:46","isFullCredit":false},{"lineNumber":98,"author":{"gitId":"YeowChunSiang"},"content":"    public static void handleUnmark(String input, TaskList tasks, Ui ui) throws ListoException {","lastModifiedDate":"2026-01-30T00:13:46","isFullCredit":false},{"lineNumber":99,"author":{"gitId":"YeowChunSiang"},"content":"        String[] parts \u003d input.split(\" \");","lastModifiedDate":"2026-01-30T00:13:46","isFullCredit":false},{"lineNumber":100,"author":{"gitId":"YeowChunSiang"},"content":"        if (parts.length \u003c 2) {","lastModifiedDate":"2026-01-30T00:13:46","isFullCredit":false},{"lineNumber":101,"author":{"gitId":"YeowChunSiang"},"content":"            throw new ListoException(\"OOPS!!! Which task number do you want me to unmark?\\nEg. unmark 1\");","lastModifiedDate":"2026-01-30T00:13:46","isFullCredit":false},{"lineNumber":102,"author":{"gitId":"YeowChunSiang"},"content":"        }","lastModifiedDate":"2026-01-30T00:13:46","isFullCredit":false},{"lineNumber":103,"author":{"gitId":"YeowChunSiang"},"content":"        try {","lastModifiedDate":"2026-01-30T00:13:46","isFullCredit":false},{"lineNumber":104,"author":{"gitId":"YeowChunSiang"},"content":"            int index \u003d Integer.parseInt(parts[1]) - 1;","lastModifiedDate":"2026-01-30T00:13:46","isFullCredit":false},{"lineNumber":105,"author":{"gitId":"YeowChunSiang"},"content":"            if (index \u003c 0 || index \u003e\u003d tasks.getSize()) {","lastModifiedDate":"2026-01-30T00:13:46","isFullCredit":false},{"lineNumber":106,"author":{"gitId":"YeowChunSiang"},"content":"                throw new ListoException(\"OOPS!!! I can\u0027t find that task number, can you try again?\");","lastModifiedDate":"2026-01-30T00:13:46","isFullCredit":false},{"lineNumber":107,"author":{"gitId":"YeowChunSiang"},"content":"            }","lastModifiedDate":"2026-01-30T00:13:46","isFullCredit":false},{"lineNumber":108,"author":{"gitId":"YeowChunSiang"},"content":"            tasks.markNotDone(index);","lastModifiedDate":"2026-01-30T00:13:46","isFullCredit":false},{"lineNumber":109,"author":{"gitId":"YeowChunSiang"},"content":"            ui.showTaskUnmarked(tasks.getTask(index));","lastModifiedDate":"2026-01-30T00:13:46","isFullCredit":false},{"lineNumber":110,"author":{"gitId":"YeowChunSiang"},"content":"        } catch (NumberFormatException e) {","lastModifiedDate":"2026-01-30T00:13:46","isFullCredit":false},{"lineNumber":111,"author":{"gitId":"YeowChunSiang"},"content":"            throw new ListoException(\"OOPS!!! Please enter a valid number.\\nEg. unmark 1\");","lastModifiedDate":"2026-01-30T00:13:46","isFullCredit":false},{"lineNumber":112,"author":{"gitId":"YeowChunSiang"},"content":"        }","lastModifiedDate":"2026-01-30T00:13:46","isFullCredit":false},{"lineNumber":113,"author":{"gitId":"YeowChunSiang"},"content":"    }","lastModifiedDate":"2026-01-30T00:13:46","isFullCredit":false},{"lineNumber":114,"author":{"gitId":"YeowChunSiang"},"content":"","lastModifiedDate":"2026-01-30T00:13:46","isFullCredit":false},{"lineNumber":115,"author":{"gitId":"YeowChunSiang"},"content":"    /**","lastModifiedDate":"2026-01-30T11:18:05","isFullCredit":false},{"lineNumber":116,"author":{"gitId":"YeowChunSiang"},"content":"     * Parses the \"delete\" command and removes the specified task.","lastModifiedDate":"2026-01-30T11:18:05","isFullCredit":false},{"lineNumber":117,"author":{"gitId":"YeowChunSiang"},"content":"     * Checks if the task index exists and delegates the removal to TaskList and UI.","lastModifiedDate":"2026-01-30T11:18:05","isFullCredit":false},{"lineNumber":118,"author":{"gitId":"YeowChunSiang"},"content":"     *","lastModifiedDate":"2026-01-30T11:18:05","isFullCredit":false},{"lineNumber":119,"author":{"gitId":"YeowChunSiang"},"content":"     * @param input The full user input string (e.g., \"delete 1\").","lastModifiedDate":"2026-01-30T11:18:05","isFullCredit":false},{"lineNumber":120,"author":{"gitId":"YeowChunSiang"},"content":"     * @param tasks The current list of tasks.","lastModifiedDate":"2026-01-30T11:18:05","isFullCredit":false},{"lineNumber":121,"author":{"gitId":"YeowChunSiang"},"content":"     * @param ui    The UI instance to display confirmation messages.","lastModifiedDate":"2026-01-30T11:18:05","isFullCredit":false},{"lineNumber":122,"author":{"gitId":"YeowChunSiang"},"content":"     * @throws ListoException If the input format is invalid or the task number does not exist.","lastModifiedDate":"2026-01-30T11:18:05","isFullCredit":false},{"lineNumber":123,"author":{"gitId":"YeowChunSiang"},"content":"     */","lastModifiedDate":"2026-01-30T11:18:05","isFullCredit":false},{"lineNumber":124,"author":{"gitId":"YeowChunSiang"},"content":"    public static void handleDelete(String input, TaskList tasks, Ui ui) throws ListoException {","lastModifiedDate":"2026-01-30T11:18:05","isFullCredit":false},{"lineNumber":125,"author":{"gitId":"YeowChunSiang"},"content":"        String[] parts \u003d input.split(\" \");","lastModifiedDate":"2026-01-30T11:18:05","isFullCredit":false},{"lineNumber":126,"author":{"gitId":"YeowChunSiang"},"content":"        if (parts.length \u003c 2) {","lastModifiedDate":"2026-01-30T11:18:05","isFullCredit":false},{"lineNumber":127,"author":{"gitId":"YeowChunSiang"},"content":"            throw new ListoException(\"OOPS!!! Which task number do you want me to delete?\\nEg. delete 1\");","lastModifiedDate":"2026-01-30T11:18:05","isFullCredit":false},{"lineNumber":128,"author":{"gitId":"YeowChunSiang"},"content":"        }","lastModifiedDate":"2026-01-30T11:18:05","isFullCredit":false},{"lineNumber":129,"author":{"gitId":"YeowChunSiang"},"content":"        try {","lastModifiedDate":"2026-01-30T11:18:05","isFullCredit":false},{"lineNumber":130,"author":{"gitId":"YeowChunSiang"},"content":"            int index \u003d Integer.parseInt(parts[1]) - 1;","lastModifiedDate":"2026-01-30T11:18:05","isFullCredit":false},{"lineNumber":131,"author":{"gitId":"YeowChunSiang"},"content":"            if (index \u003c 0 || index \u003e\u003d tasks.getSize()) {","lastModifiedDate":"2026-01-30T11:18:05","isFullCredit":false},{"lineNumber":132,"author":{"gitId":"YeowChunSiang"},"content":"                throw new ListoException(\"OOPS!!! I can\u0027t find that task number, can you try again?\");","lastModifiedDate":"2026-01-30T11:18:05","isFullCredit":false},{"lineNumber":133,"author":{"gitId":"YeowChunSiang"},"content":"            }","lastModifiedDate":"2026-01-30T11:18:05","isFullCredit":false},{"lineNumber":134,"author":{"gitId":"YeowChunSiang"},"content":"            Task t \u003d tasks.getTask(index);","lastModifiedDate":"2026-01-30T11:18:05","isFullCredit":false},{"lineNumber":135,"author":{"gitId":"YeowChunSiang"},"content":"            tasks.deleteTask(index);","lastModifiedDate":"2026-01-30T11:18:05","isFullCredit":false},{"lineNumber":136,"author":{"gitId":"YeowChunSiang"},"content":"            ui.showTaskDeleted(t, tasks.getSize());","lastModifiedDate":"2026-01-30T11:18:05","isFullCredit":false},{"lineNumber":137,"author":{"gitId":"YeowChunSiang"},"content":"        } catch (NumberFormatException e) {","lastModifiedDate":"2026-01-30T11:18:05","isFullCredit":false},{"lineNumber":138,"author":{"gitId":"YeowChunSiang"},"content":"            throw new ListoException(\"OOPS!!! Please enter a valid number.\\nEg. delete 1\");","lastModifiedDate":"2026-01-30T11:18:05","isFullCredit":false},{"lineNumber":139,"author":{"gitId":"YeowChunSiang"},"content":"        }","lastModifiedDate":"2026-01-30T11:18:05","isFullCredit":false},{"lineNumber":140,"author":{"gitId":"YeowChunSiang"},"content":"    }","lastModifiedDate":"2026-01-30T11:18:05","isFullCredit":false},{"lineNumber":141,"author":{"gitId":"YeowChunSiang"},"content":"","lastModifiedDate":"2026-01-30T11:18:05","isFullCredit":false},{"lineNumber":142,"author":{"gitId":"YeowChunSiang"},"content":"    /**","lastModifiedDate":"2026-01-30T00:13:46","isFullCredit":false},{"lineNumber":143,"author":{"gitId":"YeowChunSiang"},"content":"     * Parses the \"todo\" command and adds a new Todo task.","lastModifiedDate":"2026-01-30T00:13:46","isFullCredit":false},{"lineNumber":144,"author":{"gitId":"YeowChunSiang"},"content":"     *","lastModifiedDate":"2026-01-30T00:13:46","isFullCredit":false},{"lineNumber":145,"author":{"gitId":"YeowChunSiang"},"content":"     * @param input The full user input string (e.g., \"todo read book\").","lastModifiedDate":"2026-01-30T00:13:46","isFullCredit":false},{"lineNumber":146,"author":{"gitId":"YeowChunSiang"},"content":"     * @param tasks The current list of tasks.","lastModifiedDate":"2026-01-30T00:13:46","isFullCredit":false},{"lineNumber":147,"author":{"gitId":"YeowChunSiang"},"content":"     * @param ui    The UI instance to display messages.","lastModifiedDate":"2026-01-30T00:13:46","isFullCredit":false},{"lineNumber":148,"author":{"gitId":"YeowChunSiang"},"content":"     * @throws ListoException If the description is empty.","lastModifiedDate":"2026-01-30T00:13:46","isFullCredit":false},{"lineNumber":149,"author":{"gitId":"YeowChunSiang"},"content":"     */","lastModifiedDate":"2026-01-30T00:13:46","isFullCredit":false},{"lineNumber":150,"author":{"gitId":"YeowChunSiang"},"content":"    public static void addTodo(String input, TaskList tasks, Ui ui) throws ListoException {","lastModifiedDate":"2026-01-30T00:13:46","isFullCredit":false},{"lineNumber":151,"author":{"gitId":"YeowChunSiang"},"content":"        String description \u003d input.substring(4).trim();","lastModifiedDate":"2026-01-30T00:13:46","isFullCredit":false},{"lineNumber":152,"author":{"gitId":"YeowChunSiang"},"content":"        if (description.isEmpty()) {","lastModifiedDate":"2026-01-30T00:13:46","isFullCredit":false},{"lineNumber":153,"author":{"gitId":"YeowChunSiang"},"content":"            throw new ListoException(\"OOPS!!! What is the name of the to do task?\\nEg. todo Do Tutorial 1\");","lastModifiedDate":"2026-01-30T00:13:46","isFullCredit":false},{"lineNumber":154,"author":{"gitId":"YeowChunSiang"},"content":"        }","lastModifiedDate":"2026-01-30T00:13:46","isFullCredit":false},{"lineNumber":155,"author":{"gitId":"YeowChunSiang"},"content":"        Task t \u003d new Todo(description);","lastModifiedDate":"2026-01-30T00:13:46","isFullCredit":false},{"lineNumber":156,"author":{"gitId":"YeowChunSiang"},"content":"        tasks.addTask(t);","lastModifiedDate":"2026-01-30T00:13:46","isFullCredit":false},{"lineNumber":157,"author":{"gitId":"YeowChunSiang"},"content":"        ui.showTaskAdded(t, tasks.getSize());","lastModifiedDate":"2026-01-30T00:13:46","isFullCredit":false},{"lineNumber":158,"author":{"gitId":"YeowChunSiang"},"content":"    }","lastModifiedDate":"2026-01-30T00:13:46","isFullCredit":false},{"lineNumber":159,"author":{"gitId":"YeowChunSiang"},"content":"","lastModifiedDate":"2026-01-30T00:13:46","isFullCredit":false},{"lineNumber":160,"author":{"gitId":"YeowChunSiang"},"content":"    /**","lastModifiedDate":"2026-01-30T00:13:46","isFullCredit":false},{"lineNumber":161,"author":{"gitId":"YeowChunSiang"},"content":"     * Parses the \"deadline\" command and adds a new Deadline task.","lastModifiedDate":"2026-01-30T00:13:46","isFullCredit":false},{"lineNumber":162,"author":{"gitId":"YeowChunSiang"},"content":"     *","lastModifiedDate":"2026-01-30T00:13:46","isFullCredit":false},{"lineNumber":163,"author":{"gitId":"YeowChunSiang"},"content":"     * @param input The full user input string.","lastModifiedDate":"2026-01-30T00:13:46","isFullCredit":false},{"lineNumber":164,"author":{"gitId":"YeowChunSiang"},"content":"     * @param tasks The current list of tasks.","lastModifiedDate":"2026-01-30T00:13:46","isFullCredit":false},{"lineNumber":165,"author":{"gitId":"YeowChunSiang"},"content":"     * @param ui    The UI instance to display messages.","lastModifiedDate":"2026-01-30T00:13:46","isFullCredit":false},{"lineNumber":166,"author":{"gitId":"YeowChunSiang"},"content":"     * @throws ListoException If the format is incorrect (missing /by) or description is empty.","lastModifiedDate":"2026-01-30T00:13:46","isFullCredit":false},{"lineNumber":167,"author":{"gitId":"YeowChunSiang"},"content":"     */","lastModifiedDate":"2026-01-30T00:13:46","isFullCredit":false},{"lineNumber":168,"author":{"gitId":"YeowChunSiang"},"content":"    public static void addDeadline(String input, TaskList tasks, Ui ui) throws ListoException {","lastModifiedDate":"2026-01-30T00:13:46","isFullCredit":false},{"lineNumber":169,"author":{"gitId":"YeowChunSiang"},"content":"        if (input.trim().equals(\"deadline\")) {","lastModifiedDate":"2026-01-30T00:13:46","isFullCredit":false},{"lineNumber":170,"author":{"gitId":"YeowChunSiang"},"content":"            throw new ListoException(\"OOPS!!! What is the name and due date for this task?\\nEg. deadline Do Tutorial 1 /by Monday\");","lastModifiedDate":"2026-01-30T00:13:46","isFullCredit":false},{"lineNumber":171,"author":{"gitId":"YeowChunSiang"},"content":"        }","lastModifiedDate":"2026-01-30T00:13:46","isFullCredit":false},{"lineNumber":172,"author":{"gitId":"YeowChunSiang"},"content":"        if (!input.contains(\"/by\")) {","lastModifiedDate":"2026-01-30T00:13:46","isFullCredit":false},{"lineNumber":173,"author":{"gitId":"YeowChunSiang"},"content":"            throw new ListoException(\"OOPS!!! What is the due date for this task?\\nEg. deadline Do Tutorial 1 /by Monday\");","lastModifiedDate":"2026-01-30T00:13:46","isFullCredit":false},{"lineNumber":174,"author":{"gitId":"YeowChunSiang"},"content":"        }","lastModifiedDate":"2026-01-30T00:13:46","isFullCredit":false},{"lineNumber":175,"author":{"gitId":"YeowChunSiang"},"content":"        String[] parts \u003d input.substring(8).split(\"/by\");","lastModifiedDate":"2026-01-30T00:13:46","isFullCredit":false},{"lineNumber":176,"author":{"gitId":"YeowChunSiang"},"content":"        if (parts.length \u003c 2) {","lastModifiedDate":"2026-01-30T00:13:46","isFullCredit":false},{"lineNumber":177,"author":{"gitId":"YeowChunSiang"},"content":"            throw new ListoException(\"OOPS!!! The due date cannot be empty.\\nWhat is the due date for this task?\\nEg. deadline Do Tutorial 1 /by Monday\");","lastModifiedDate":"2026-01-30T00:13:46","isFullCredit":false},{"lineNumber":178,"author":{"gitId":"YeowChunSiang"},"content":"        }","lastModifiedDate":"2026-01-30T00:13:46","isFullCredit":false},{"lineNumber":179,"author":{"gitId":"YeowChunSiang"},"content":"        String description \u003d parts[0].trim();","lastModifiedDate":"2026-01-30T00:13:46","isFullCredit":false},{"lineNumber":180,"author":{"gitId":"YeowChunSiang"},"content":"        if (description.isEmpty()) {","lastModifiedDate":"2026-01-30T00:13:46","isFullCredit":false},{"lineNumber":181,"author":{"gitId":"YeowChunSiang"},"content":"            throw new ListoException(\"OOPS!!! What is the name for this task?\\nEg. deadline Do Tutorial 1 /by Monday\");","lastModifiedDate":"2026-01-30T00:13:46","isFullCredit":false},{"lineNumber":182,"author":{"gitId":"YeowChunSiang"},"content":"        }","lastModifiedDate":"2026-01-30T00:13:46","isFullCredit":false},{"lineNumber":183,"author":{"gitId":"YeowChunSiang"},"content":"        String by \u003d parts[1].trim();","lastModifiedDate":"2026-01-30T00:13:46","isFullCredit":false},{"lineNumber":184,"author":{"gitId":"YeowChunSiang"},"content":"        Task t \u003d new Deadline(description, by);","lastModifiedDate":"2026-01-30T00:13:46","isFullCredit":false},{"lineNumber":185,"author":{"gitId":"YeowChunSiang"},"content":"        tasks.addTask(t);","lastModifiedDate":"2026-01-30T00:13:46","isFullCredit":false},{"lineNumber":186,"author":{"gitId":"YeowChunSiang"},"content":"        ui.showTaskAdded(t, tasks.getSize());","lastModifiedDate":"2026-01-30T00:13:46","isFullCredit":false},{"lineNumber":187,"author":{"gitId":"YeowChunSiang"},"content":"    }","lastModifiedDate":"2026-01-30T00:13:46","isFullCredit":false},{"lineNumber":188,"author":{"gitId":"YeowChunSiang"},"content":"","lastModifiedDate":"2026-01-30T00:13:46","isFullCredit":false},{"lineNumber":189,"author":{"gitId":"YeowChunSiang"},"content":"    /**","lastModifiedDate":"2026-01-30T00:13:46","isFullCredit":false},{"lineNumber":190,"author":{"gitId":"YeowChunSiang"},"content":"     * Parses the \"event\" command and adds a new Event task.","lastModifiedDate":"2026-01-30T00:13:46","isFullCredit":false},{"lineNumber":191,"author":{"gitId":"YeowChunSiang"},"content":"     *","lastModifiedDate":"2026-01-30T00:13:46","isFullCredit":false},{"lineNumber":192,"author":{"gitId":"YeowChunSiang"},"content":"     * @param input The full user input string.","lastModifiedDate":"2026-01-30T00:13:46","isFullCredit":false},{"lineNumber":193,"author":{"gitId":"YeowChunSiang"},"content":"     * @param tasks The current list of tasks.","lastModifiedDate":"2026-01-30T00:13:46","isFullCredit":false},{"lineNumber":194,"author":{"gitId":"YeowChunSiang"},"content":"     * @param ui    The UI instance to display messages.","lastModifiedDate":"2026-01-30T00:13:46","isFullCredit":false},{"lineNumber":195,"author":{"gitId":"YeowChunSiang"},"content":"     * @throws ListoException If the format is incorrect (missing /from or /to) or description is empty.","lastModifiedDate":"2026-01-30T00:13:46","isFullCredit":false},{"lineNumber":196,"author":{"gitId":"YeowChunSiang"},"content":"     */","lastModifiedDate":"2026-01-30T00:13:46","isFullCredit":false},{"lineNumber":197,"author":{"gitId":"YeowChunSiang"},"content":"    public static void addEvent(String input, TaskList tasks, Ui ui) throws ListoException {","lastModifiedDate":"2026-01-30T00:13:46","isFullCredit":false},{"lineNumber":198,"author":{"gitId":"YeowChunSiang"},"content":"        if (input.trim().equals(\"event\")) {","lastModifiedDate":"2026-01-30T00:13:46","isFullCredit":false},{"lineNumber":199,"author":{"gitId":"YeowChunSiang"},"content":"            throw new ListoException(\"OOPS!!! What is the name, start and end date for this task?\\nEg. event Do Tutorial 1 /from Monday /to Tuesday\");","lastModifiedDate":"2026-01-30T00:13:46","isFullCredit":false},{"lineNumber":200,"author":{"gitId":"YeowChunSiang"},"content":"        }","lastModifiedDate":"2026-01-30T00:13:46","isFullCredit":false},{"lineNumber":201,"author":{"gitId":"YeowChunSiang"},"content":"        if (!input.contains(\"/from\") || !input.contains(\"/to\")) {","lastModifiedDate":"2026-01-30T00:13:46","isFullCredit":false},{"lineNumber":202,"author":{"gitId":"YeowChunSiang"},"content":"            throw new ListoException(\"OOPS!!! What is the start and/or end date for this task?\\nEg. event Do Tutorial 1 /from Monday /to Tuesday\");","lastModifiedDate":"2026-01-30T00:13:46","isFullCredit":false},{"lineNumber":203,"author":{"gitId":"YeowChunSiang"},"content":"        }","lastModifiedDate":"2026-01-30T00:13:46","isFullCredit":false},{"lineNumber":204,"author":{"gitId":"YeowChunSiang"},"content":"        String[] parts \u003d input.substring(5).split(\"/from\");","lastModifiedDate":"2026-01-30T00:13:46","isFullCredit":false},{"lineNumber":205,"author":{"gitId":"YeowChunSiang"},"content":"        String description \u003d parts[0].trim();","lastModifiedDate":"2026-01-30T00:13:46","isFullCredit":false},{"lineNumber":206,"author":{"gitId":"YeowChunSiang"},"content":"        if (description.isEmpty()) {","lastModifiedDate":"2026-01-30T00:13:46","isFullCredit":false},{"lineNumber":207,"author":{"gitId":"YeowChunSiang"},"content":"            throw new ListoException(\"OOPS!!! What is the name of the event task?\\nEg. event Do Tutorial 1 /from Monday /to Tuesday\");","lastModifiedDate":"2026-01-30T00:13:46","isFullCredit":false},{"lineNumber":208,"author":{"gitId":"YeowChunSiang"},"content":"        }","lastModifiedDate":"2026-01-30T00:13:46","isFullCredit":false},{"lineNumber":209,"author":{"gitId":"YeowChunSiang"},"content":"        if (parts.length \u003c 2) {","lastModifiedDate":"2026-01-30T00:13:46","isFullCredit":false},{"lineNumber":210,"author":{"gitId":"YeowChunSiang"},"content":"            throw new ListoException(\"OOPS!!! Please enter \u0027/from\u0027 time before \u0027/to\u0027 time.\\nEg. event Do Tutorial 1 /from Monday /to Tuesday\");","lastModifiedDate":"2026-01-30T00:13:46","isFullCredit":false},{"lineNumber":211,"author":{"gitId":"YeowChunSiang"},"content":"        }","lastModifiedDate":"2026-01-30T00:13:46","isFullCredit":false},{"lineNumber":212,"author":{"gitId":"YeowChunSiang"},"content":"        String[] timeParts \u003d parts[1].split(\"/to\");","lastModifiedDate":"2026-01-30T00:13:46","isFullCredit":false},{"lineNumber":213,"author":{"gitId":"YeowChunSiang"},"content":"        if (timeParts.length \u003d\u003d 0) {","lastModifiedDate":"2026-01-30T00:13:46","isFullCredit":false},{"lineNumber":214,"author":{"gitId":"YeowChunSiang"},"content":"            throw new ListoException(\"OOPS!!! An event must have a valid \u0027/from\u0027 time.\\nEg. event Do Tutorial 1 /from Monday /to Tuesday\");","lastModifiedDate":"2026-01-30T00:13:46","isFullCredit":false},{"lineNumber":215,"author":{"gitId":"YeowChunSiang"},"content":"        }","lastModifiedDate":"2026-01-30T00:13:46","isFullCredit":false},{"lineNumber":216,"author":{"gitId":"YeowChunSiang"},"content":"        if (timeParts.length \u003c 2) {","lastModifiedDate":"2026-01-30T00:13:46","isFullCredit":false},{"lineNumber":217,"author":{"gitId":"YeowChunSiang"},"content":"            throw new ListoException(\"OOPS!!! An event must have a valid \u0027/to\u0027 time.\\nEg. event Do Tutorial 1 /from Monday /to Tuesday\");","lastModifiedDate":"2026-01-30T00:13:46","isFullCredit":false},{"lineNumber":218,"author":{"gitId":"YeowChunSiang"},"content":"        }","lastModifiedDate":"2026-01-30T00:13:46","isFullCredit":false},{"lineNumber":219,"author":{"gitId":"YeowChunSiang"},"content":"        String from \u003d timeParts[0].trim();","lastModifiedDate":"2026-01-30T00:13:46","isFullCredit":false},{"lineNumber":220,"author":{"gitId":"YeowChunSiang"},"content":"        String to \u003d timeParts[1].trim();","lastModifiedDate":"2026-01-30T00:13:46","isFullCredit":false},{"lineNumber":221,"author":{"gitId":"YeowChunSiang"},"content":"        Task t \u003d new Event(description, from, to);","lastModifiedDate":"2026-01-30T00:13:46","isFullCredit":false},{"lineNumber":222,"author":{"gitId":"YeowChunSiang"},"content":"        tasks.addTask(t);","lastModifiedDate":"2026-01-30T00:13:46","isFullCredit":false},{"lineNumber":223,"author":{"gitId":"YeowChunSiang"},"content":"        ui.showTaskAdded(t, tasks.getSize());","lastModifiedDate":"2026-01-30T00:13:46","isFullCredit":false},{"lineNumber":224,"author":{"gitId":"YeowChunSiang"},"content":"    }","lastModifiedDate":"2026-01-30T00:13:46","isFullCredit":false},{"lineNumber":225,"author":{"gitId":"YeowChunSiang"},"content":"}","lastModifiedDate":"2026-01-30T00:06:09","isFullCredit":false}],"authorContributionMap":{"YeowChunSiang":225}},{"path":"src/main/java/Task.java","fileType":"java","lines":[{"lineNumber":1,"author":{"gitId":"YeowChunSiang"},"content":"/**","lastModifiedDate":"2026-01-30T00:06:09","isFullCredit":false},{"lineNumber":2,"author":{"gitId":"YeowChunSiang"},"content":" * Represents a generic task.","lastModifiedDate":"2026-01-30T00:06:09","isFullCredit":false},{"lineNumber":3,"author":{"gitId":"YeowChunSiang"},"content":" * Serves as the base class for Todo, Deadline, and Event.","lastModifiedDate":"2026-01-30T00:06:09","isFullCredit":false},{"lineNumber":4,"author":{"gitId":"YeowChunSiang"},"content":" */","lastModifiedDate":"2026-01-30T00:06:09","isFullCredit":false},{"lineNumber":5,"author":{"gitId":"YeowChunSiang"},"content":"public class Task {","lastModifiedDate":"2026-01-28T21:20:01","isFullCredit":false},{"lineNumber":6,"author":{"gitId":"YeowChunSiang"},"content":"    protected String description;","lastModifiedDate":"2026-01-28T21:20:01","isFullCredit":false},{"lineNumber":7,"author":{"gitId":"YeowChunSiang"},"content":"    protected boolean isDone;","lastModifiedDate":"2026-01-28T21:20:01","isFullCredit":false},{"lineNumber":8,"author":{"gitId":"YeowChunSiang"},"content":"","lastModifiedDate":"2026-01-28T21:20:01","isFullCredit":false},{"lineNumber":9,"author":{"gitId":"YeowChunSiang"},"content":"    public Task(String description) {","lastModifiedDate":"2026-01-28T21:20:01","isFullCredit":false},{"lineNumber":10,"author":{"gitId":"YeowChunSiang"},"content":"        this.description \u003d description;","lastModifiedDate":"2026-01-28T21:20:01","isFullCredit":false},{"lineNumber":11,"author":{"gitId":"YeowChunSiang"},"content":"        this.isDone \u003d false;","lastModifiedDate":"2026-01-28T21:20:01","isFullCredit":false},{"lineNumber":12,"author":{"gitId":"YeowChunSiang"},"content":"    }","lastModifiedDate":"2026-01-28T21:20:01","isFullCredit":false},{"lineNumber":13,"author":{"gitId":"YeowChunSiang"},"content":"","lastModifiedDate":"2026-01-28T21:20:01","isFullCredit":false},{"lineNumber":14,"author":{"gitId":"YeowChunSiang"},"content":"    public String getStatusIcon() {","lastModifiedDate":"2026-01-28T21:20:01","isFullCredit":false},{"lineNumber":15,"author":{"gitId":"YeowChunSiang"},"content":"        if (this.isDone) {","lastModifiedDate":"2026-01-28T21:20:01","isFullCredit":false},{"lineNumber":16,"author":{"gitId":"YeowChunSiang"},"content":"            return \"X\";","lastModifiedDate":"2026-01-28T21:20:01","isFullCredit":false},{"lineNumber":17,"author":{"gitId":"YeowChunSiang"},"content":"        } else {","lastModifiedDate":"2026-01-28T21:20:01","isFullCredit":false},{"lineNumber":18,"author":{"gitId":"YeowChunSiang"},"content":"            return \" \";","lastModifiedDate":"2026-01-28T21:20:01","isFullCredit":false},{"lineNumber":19,"author":{"gitId":"YeowChunSiang"},"content":"        }","lastModifiedDate":"2026-01-28T21:20:01","isFullCredit":false},{"lineNumber":20,"author":{"gitId":"YeowChunSiang"},"content":"    }","lastModifiedDate":"2026-01-28T21:20:01","isFullCredit":false},{"lineNumber":21,"author":{"gitId":"YeowChunSiang"},"content":"","lastModifiedDate":"2026-01-28T21:20:01","isFullCredit":false},{"lineNumber":22,"author":{"gitId":"YeowChunSiang"},"content":"    public void markAsDone() {","lastModifiedDate":"2026-01-28T21:20:01","isFullCredit":false},{"lineNumber":23,"author":{"gitId":"YeowChunSiang"},"content":"        this.isDone \u003d true;","lastModifiedDate":"2026-01-28T21:20:01","isFullCredit":false},{"lineNumber":24,"author":{"gitId":"YeowChunSiang"},"content":"    }","lastModifiedDate":"2026-01-28T21:20:01","isFullCredit":false},{"lineNumber":25,"author":{"gitId":"YeowChunSiang"},"content":"","lastModifiedDate":"2026-01-28T21:20:01","isFullCredit":false},{"lineNumber":26,"author":{"gitId":"YeowChunSiang"},"content":"    public void markAsNotDone() {","lastModifiedDate":"2026-01-28T21:20:01","isFullCredit":false},{"lineNumber":27,"author":{"gitId":"YeowChunSiang"},"content":"        this.isDone \u003d false;","lastModifiedDate":"2026-01-28T21:20:01","isFullCredit":false},{"lineNumber":28,"author":{"gitId":"YeowChunSiang"},"content":"    }","lastModifiedDate":"2026-01-28T21:20:01","isFullCredit":false},{"lineNumber":29,"author":{"gitId":"YeowChunSiang"},"content":"","lastModifiedDate":"2026-01-28T21:20:01","isFullCredit":false},{"lineNumber":30,"author":{"gitId":"YeowChunSiang"},"content":"    @Override","lastModifiedDate":"2026-01-28T21:20:01","isFullCredit":false},{"lineNumber":31,"author":{"gitId":"YeowChunSiang"},"content":"    public String toString() {","lastModifiedDate":"2026-01-28T21:20:01","isFullCredit":false},{"lineNumber":32,"author":{"gitId":"YeowChunSiang"},"content":"        return \"[\" + getStatusIcon() + \"] \" + description;","lastModifiedDate":"2026-01-28T21:20:01","isFullCredit":false},{"lineNumber":33,"author":{"gitId":"YeowChunSiang"},"content":"    }","lastModifiedDate":"2026-01-28T21:20:01","isFullCredit":false},{"lineNumber":34,"author":{"gitId":"YeowChunSiang"},"content":"}","lastModifiedDate":"2026-01-28T21:20:01","isFullCredit":false}],"authorContributionMap":{"YeowChunSiang":34}},{"path":"src/main/java/TaskList.java","fileType":"java","lines":[{"lineNumber":1,"author":{"gitId":"YeowChunSiang"},"content":"import java.util.ArrayList;","lastModifiedDate":"2026-01-30T00:09:10","isFullCredit":false},{"lineNumber":2,"author":{"gitId":"YeowChunSiang"},"content":"","lastModifiedDate":"2026-01-30T00:06:09","isFullCredit":false},{"lineNumber":3,"author":{"gitId":"YeowChunSiang"},"content":"/**","lastModifiedDate":"2026-01-30T00:09:10","isFullCredit":false},{"lineNumber":4,"author":{"gitId":"YeowChunSiang"},"content":" * Manages the list of tasks.","lastModifiedDate":"2026-01-30T00:09:10","isFullCredit":false},{"lineNumber":5,"author":{"gitId":"YeowChunSiang"},"content":" * Encapsulates an ArrayList of Task objects and provides methods to manipulate them.","lastModifiedDate":"2026-01-30T00:09:10","isFullCredit":false},{"lineNumber":6,"author":{"gitId":"YeowChunSiang"},"content":" */","lastModifiedDate":"2026-01-30T00:09:10","isFullCredit":false},{"lineNumber":7,"author":{"gitId":"YeowChunSiang"},"content":"public class TaskList {","lastModifiedDate":"2026-01-30T00:06:09","isFullCredit":false},{"lineNumber":8,"author":{"gitId":"YeowChunSiang"},"content":"    private ArrayList\u003cTask\u003e tasks;","lastModifiedDate":"2026-01-30T00:09:10","isFullCredit":false},{"lineNumber":9,"author":{"gitId":"YeowChunSiang"},"content":"","lastModifiedDate":"2026-01-30T00:09:10","isFullCredit":false},{"lineNumber":10,"author":{"gitId":"YeowChunSiang"},"content":"    public TaskList() {","lastModifiedDate":"2026-01-30T00:09:10","isFullCredit":false},{"lineNumber":11,"author":{"gitId":"YeowChunSiang"},"content":"        this.tasks \u003d new ArrayList\u003c\u003e();","lastModifiedDate":"2026-01-30T00:09:10","isFullCredit":false},{"lineNumber":12,"author":{"gitId":"YeowChunSiang"},"content":"    }","lastModifiedDate":"2026-01-30T00:09:10","isFullCredit":false},{"lineNumber":13,"author":{"gitId":"YeowChunSiang"},"content":"","lastModifiedDate":"2026-01-30T00:09:10","isFullCredit":false},{"lineNumber":14,"author":{"gitId":"YeowChunSiang"},"content":"    public void addTask(Task t) {","lastModifiedDate":"2026-01-30T00:09:10","isFullCredit":false},{"lineNumber":15,"author":{"gitId":"YeowChunSiang"},"content":"        tasks.add(t);","lastModifiedDate":"2026-01-30T00:09:10","isFullCredit":false},{"lineNumber":16,"author":{"gitId":"YeowChunSiang"},"content":"    }","lastModifiedDate":"2026-01-30T00:09:10","isFullCredit":false},{"lineNumber":17,"author":{"gitId":"YeowChunSiang"},"content":"","lastModifiedDate":"2026-01-30T00:09:10","isFullCredit":false},{"lineNumber":18,"author":{"gitId":"YeowChunSiang"},"content":"    public void deleteTask(int index) {","lastModifiedDate":"2026-01-30T11:18:05","isFullCredit":false},{"lineNumber":19,"author":{"gitId":"YeowChunSiang"},"content":"        tasks.remove(index);","lastModifiedDate":"2026-01-30T11:18:05","isFullCredit":false},{"lineNumber":20,"author":{"gitId":"YeowChunSiang"},"content":"    }","lastModifiedDate":"2026-01-30T11:18:05","isFullCredit":false},{"lineNumber":21,"author":{"gitId":"YeowChunSiang"},"content":"","lastModifiedDate":"2026-01-30T11:18:05","isFullCredit":false},{"lineNumber":22,"author":{"gitId":"YeowChunSiang"},"content":"    public Task getTask(int index) {","lastModifiedDate":"2026-01-30T00:09:10","isFullCredit":false},{"lineNumber":23,"author":{"gitId":"YeowChunSiang"},"content":"        return tasks.get(index);","lastModifiedDate":"2026-01-30T00:09:10","isFullCredit":false},{"lineNumber":24,"author":{"gitId":"YeowChunSiang"},"content":"    }","lastModifiedDate":"2026-01-30T00:09:10","isFullCredit":false},{"lineNumber":25,"author":{"gitId":"YeowChunSiang"},"content":"","lastModifiedDate":"2026-01-30T00:09:10","isFullCredit":false},{"lineNumber":26,"author":{"gitId":"YeowChunSiang"},"content":"    public int getSize() {","lastModifiedDate":"2026-01-30T00:09:10","isFullCredit":false},{"lineNumber":27,"author":{"gitId":"YeowChunSiang"},"content":"        return tasks.size();","lastModifiedDate":"2026-01-30T00:09:10","isFullCredit":false},{"lineNumber":28,"author":{"gitId":"YeowChunSiang"},"content":"    }","lastModifiedDate":"2026-01-30T00:09:10","isFullCredit":false},{"lineNumber":29,"author":{"gitId":"YeowChunSiang"},"content":"","lastModifiedDate":"2026-01-30T00:09:10","isFullCredit":false},{"lineNumber":30,"author":{"gitId":"YeowChunSiang"},"content":"    public void markDone(int index) {","lastModifiedDate":"2026-01-30T00:09:10","isFullCredit":false},{"lineNumber":31,"author":{"gitId":"YeowChunSiang"},"content":"        tasks.get(index).markAsDone();","lastModifiedDate":"2026-01-30T00:09:10","isFullCredit":false},{"lineNumber":32,"author":{"gitId":"YeowChunSiang"},"content":"    }","lastModifiedDate":"2026-01-30T00:09:10","isFullCredit":false},{"lineNumber":33,"author":{"gitId":"YeowChunSiang"},"content":"","lastModifiedDate":"2026-01-30T00:09:10","isFullCredit":false},{"lineNumber":34,"author":{"gitId":"YeowChunSiang"},"content":"    public void markNotDone(int index) {","lastModifiedDate":"2026-01-30T00:09:10","isFullCredit":false},{"lineNumber":35,"author":{"gitId":"YeowChunSiang"},"content":"        tasks.get(index).markAsNotDone();","lastModifiedDate":"2026-01-30T00:09:10","isFullCredit":false},{"lineNumber":36,"author":{"gitId":"YeowChunSiang"},"content":"    }","lastModifiedDate":"2026-01-30T00:09:10","isFullCredit":false},{"lineNumber":37,"author":{"gitId":"YeowChunSiang"},"content":"}","lastModifiedDate":"2026-01-30T00:06:09","isFullCredit":false}],"authorContributionMap":{"YeowChunSiang":37}},{"path":"src/main/java/Todo.java","fileType":"java","lines":[{"lineNumber":1,"author":{"gitId":"YeowChunSiang"},"content":"/**","lastModifiedDate":"2026-01-30T00:06:09","isFullCredit":false},{"lineNumber":2,"author":{"gitId":"YeowChunSiang"},"content":" * Represents a Todo task.","lastModifiedDate":"2026-01-30T00:06:09","isFullCredit":false},{"lineNumber":3,"author":{"gitId":"YeowChunSiang"},"content":" * A simple task with only a description.","lastModifiedDate":"2026-01-30T00:06:09","isFullCredit":false},{"lineNumber":4,"author":{"gitId":"YeowChunSiang"},"content":" */","lastModifiedDate":"2026-01-30T00:06:09","isFullCredit":false},{"lineNumber":5,"author":{"gitId":"YeowChunSiang"},"content":"public class Todo extends Task {","lastModifiedDate":"2026-01-28T21:56:09","isFullCredit":false},{"lineNumber":6,"author":{"gitId":"YeowChunSiang"},"content":"","lastModifiedDate":"2026-01-28T21:56:09","isFullCredit":false},{"lineNumber":7,"author":{"gitId":"YeowChunSiang"},"content":"    /**","lastModifiedDate":"2026-01-30T00:06:09","isFullCredit":false},{"lineNumber":8,"author":{"gitId":"YeowChunSiang"},"content":"     * Creates a new Todo task.","lastModifiedDate":"2026-01-30T00:06:09","isFullCredit":false},{"lineNumber":9,"author":{"gitId":"YeowChunSiang"},"content":"     *","lastModifiedDate":"2026-01-30T00:06:09","isFullCredit":false},{"lineNumber":10,"author":{"gitId":"YeowChunSiang"},"content":"     * @param description The task description.","lastModifiedDate":"2026-01-30T00:06:09","isFullCredit":false},{"lineNumber":11,"author":{"gitId":"YeowChunSiang"},"content":"     */","lastModifiedDate":"2026-01-30T00:06:09","isFullCredit":false},{"lineNumber":12,"author":{"gitId":"YeowChunSiang"},"content":"    public Todo(String description) {","lastModifiedDate":"2026-01-28T21:56:09","isFullCredit":false},{"lineNumber":13,"author":{"gitId":"YeowChunSiang"},"content":"        super(description);","lastModifiedDate":"2026-01-28T21:56:09","isFullCredit":false},{"lineNumber":14,"author":{"gitId":"YeowChunSiang"},"content":"    }","lastModifiedDate":"2026-01-28T21:56:09","isFullCredit":false},{"lineNumber":15,"author":{"gitId":"YeowChunSiang"},"content":"","lastModifiedDate":"2026-01-28T21:56:09","isFullCredit":false},{"lineNumber":16,"author":{"gitId":"YeowChunSiang"},"content":"    @Override","lastModifiedDate":"2026-01-28T21:56:09","isFullCredit":false},{"lineNumber":17,"author":{"gitId":"YeowChunSiang"},"content":"    public String toString() {","lastModifiedDate":"2026-01-28T21:56:09","isFullCredit":false},{"lineNumber":18,"author":{"gitId":"YeowChunSiang"},"content":"        return \"[T]\" + super.toString();","lastModifiedDate":"2026-01-28T21:56:09","isFullCredit":false},{"lineNumber":19,"author":{"gitId":"YeowChunSiang"},"content":"    }","lastModifiedDate":"2026-01-28T21:56:09","isFullCredit":false},{"lineNumber":20,"author":{"gitId":"YeowChunSiang"},"content":"}","lastModifiedDate":"2026-01-28T21:56:09","isFullCredit":false}],"authorContributionMap":{"YeowChunSiang":20}},{"path":"src/main/java/Ui.java","fileType":"java","lines":[{"lineNumber":1,"author":{"gitId":"YeowChunSiang"},"content":"import java.util.Scanner;","lastModifiedDate":"2026-01-30T00:13:46","isFullCredit":false},{"lineNumber":2,"author":{"gitId":"YeowChunSiang"},"content":"","lastModifiedDate":"2026-01-30T00:06:09","isFullCredit":false},{"lineNumber":3,"author":{"gitId":"YeowChunSiang"},"content":"/**","lastModifiedDate":"2026-01-30T00:13:46","isFullCredit":false},{"lineNumber":4,"author":{"gitId":"YeowChunSiang"},"content":" * Handles all user interaction, including reading input and printing messages.","lastModifiedDate":"2026-01-30T00:13:46","isFullCredit":false},{"lineNumber":5,"author":{"gitId":"YeowChunSiang"},"content":" */","lastModifiedDate":"2026-01-30T00:13:46","isFullCredit":false},{"lineNumber":6,"author":{"gitId":"YeowChunSiang"},"content":"public class Ui {","lastModifiedDate":"2026-01-30T00:06:09","isFullCredit":false},{"lineNumber":7,"author":{"gitId":"YeowChunSiang"},"content":"    private Scanner scanner;","lastModifiedDate":"2026-01-30T00:13:46","isFullCredit":false},{"lineNumber":8,"author":{"gitId":"YeowChunSiang"},"content":"","lastModifiedDate":"2026-01-30T00:13:46","isFullCredit":false},{"lineNumber":9,"author":{"gitId":"YeowChunSiang"},"content":"    public Ui() {","lastModifiedDate":"2026-01-30T00:13:46","isFullCredit":false},{"lineNumber":10,"author":{"gitId":"YeowChunSiang"},"content":"        this.scanner \u003d new Scanner(System.in);","lastModifiedDate":"2026-01-30T00:13:46","isFullCredit":false},{"lineNumber":11,"author":{"gitId":"YeowChunSiang"},"content":"    }","lastModifiedDate":"2026-01-30T00:13:46","isFullCredit":false},{"lineNumber":12,"author":{"gitId":"YeowChunSiang"},"content":"","lastModifiedDate":"2026-01-30T00:13:46","isFullCredit":false},{"lineNumber":13,"author":{"gitId":"YeowChunSiang"},"content":"    public String readCommand() {","lastModifiedDate":"2026-01-30T00:13:46","isFullCredit":false},{"lineNumber":14,"author":{"gitId":"YeowChunSiang"},"content":"        return scanner.nextLine();","lastModifiedDate":"2026-01-30T00:13:46","isFullCredit":false},{"lineNumber":15,"author":{"gitId":"YeowChunSiang"},"content":"    }","lastModifiedDate":"2026-01-30T00:13:46","isFullCredit":false},{"lineNumber":16,"author":{"gitId":"YeowChunSiang"},"content":"","lastModifiedDate":"2026-01-30T00:13:46","isFullCredit":false},{"lineNumber":17,"author":{"gitId":"YeowChunSiang"},"content":"    public void showWelcome() {","lastModifiedDate":"2026-01-30T00:13:46","isFullCredit":false},{"lineNumber":18,"author":{"gitId":"YeowChunSiang"},"content":"        System.out.println(\"Hello! I\u0027m Listo :)\\nHow can I help you?\");","lastModifiedDate":"2026-01-30T00:13:46","isFullCredit":false},{"lineNumber":19,"author":{"gitId":"YeowChunSiang"},"content":"    }","lastModifiedDate":"2026-01-30T00:13:46","isFullCredit":false},{"lineNumber":20,"author":{"gitId":"YeowChunSiang"},"content":"","lastModifiedDate":"2026-01-30T00:13:46","isFullCredit":false},{"lineNumber":21,"author":{"gitId":"YeowChunSiang"},"content":"    public void showGoodbye() {","lastModifiedDate":"2026-01-30T00:13:46","isFullCredit":false},{"lineNumber":22,"author":{"gitId":"YeowChunSiang"},"content":"        System.out.println(\"Bye. Hope to see you again soon!\");","lastModifiedDate":"2026-01-30T00:13:46","isFullCredit":false},{"lineNumber":23,"author":{"gitId":"YeowChunSiang"},"content":"    }","lastModifiedDate":"2026-01-30T00:13:46","isFullCredit":false},{"lineNumber":24,"author":{"gitId":"YeowChunSiang"},"content":"","lastModifiedDate":"2026-01-30T00:13:46","isFullCredit":false},{"lineNumber":25,"author":{"gitId":"YeowChunSiang"},"content":"    public void showError(String message) {","lastModifiedDate":"2026-01-30T00:13:46","isFullCredit":false},{"lineNumber":26,"author":{"gitId":"YeowChunSiang"},"content":"        System.out.println(message);","lastModifiedDate":"2026-01-30T00:13:46","isFullCredit":false},{"lineNumber":27,"author":{"gitId":"YeowChunSiang"},"content":"    }","lastModifiedDate":"2026-01-30T00:13:46","isFullCredit":false},{"lineNumber":28,"author":{"gitId":"YeowChunSiang"},"content":"","lastModifiedDate":"2026-01-30T00:13:46","isFullCredit":false},{"lineNumber":29,"author":{"gitId":"YeowChunSiang"},"content":"    public void showTaskAdded(Task t, int count) {","lastModifiedDate":"2026-01-30T00:13:46","isFullCredit":false},{"lineNumber":30,"author":{"gitId":"YeowChunSiang"},"content":"        System.out.println(\"Got it. I\u0027ve added this task:\");","lastModifiedDate":"2026-01-30T00:13:46","isFullCredit":false},{"lineNumber":31,"author":{"gitId":"YeowChunSiang"},"content":"        System.out.println(\"  \" + t.toString());","lastModifiedDate":"2026-01-30T00:13:46","isFullCredit":false},{"lineNumber":32,"author":{"gitId":"YeowChunSiang"},"content":"        System.out.println(\"Now you have \" + count + \" tasks in the list.\");","lastModifiedDate":"2026-01-30T00:13:46","isFullCredit":false},{"lineNumber":33,"author":{"gitId":"YeowChunSiang"},"content":"    }","lastModifiedDate":"2026-01-30T00:13:46","isFullCredit":false},{"lineNumber":34,"author":{"gitId":"YeowChunSiang"},"content":"","lastModifiedDate":"2026-01-30T00:13:46","isFullCredit":false},{"lineNumber":35,"author":{"gitId":"YeowChunSiang"},"content":"    public void showTaskDeleted(Task t, int count) {","lastModifiedDate":"2026-01-30T11:18:05","isFullCredit":false},{"lineNumber":36,"author":{"gitId":"YeowChunSiang"},"content":"        System.out.println(\"Noted. I\u0027ve removed this task:\");","lastModifiedDate":"2026-01-30T11:18:05","isFullCredit":false},{"lineNumber":37,"author":{"gitId":"YeowChunSiang"},"content":"        System.out.println(\"  \" + t.toString());","lastModifiedDate":"2026-01-30T11:18:05","isFullCredit":false},{"lineNumber":38,"author":{"gitId":"YeowChunSiang"},"content":"        System.out.println(\"Now you have \" + count + \" tasks in the list.\");","lastModifiedDate":"2026-01-30T11:18:05","isFullCredit":false},{"lineNumber":39,"author":{"gitId":"YeowChunSiang"},"content":"    }","lastModifiedDate":"2026-01-30T11:18:05","isFullCredit":false},{"lineNumber":40,"author":{"gitId":"YeowChunSiang"},"content":"","lastModifiedDate":"2026-01-30T11:18:05","isFullCredit":false},{"lineNumber":41,"author":{"gitId":"YeowChunSiang"},"content":"    public void showTaskMarked(Task t) {","lastModifiedDate":"2026-01-30T00:13:46","isFullCredit":false},{"lineNumber":42,"author":{"gitId":"YeowChunSiang"},"content":"        System.out.println(\"Nice! I\u0027ve marked this task as done:\");","lastModifiedDate":"2026-01-30T00:13:46","isFullCredit":false},{"lineNumber":43,"author":{"gitId":"YeowChunSiang"},"content":"        System.out.println(\"  \" + t.toString());","lastModifiedDate":"2026-01-30T00:13:46","isFullCredit":false},{"lineNumber":44,"author":{"gitId":"YeowChunSiang"},"content":"    }","lastModifiedDate":"2026-01-30T00:13:46","isFullCredit":false},{"lineNumber":45,"author":{"gitId":"YeowChunSiang"},"content":"","lastModifiedDate":"2026-01-30T00:13:46","isFullCredit":false},{"lineNumber":46,"author":{"gitId":"YeowChunSiang"},"content":"    public void showTaskUnmarked(Task t) {","lastModifiedDate":"2026-01-30T00:13:46","isFullCredit":false},{"lineNumber":47,"author":{"gitId":"YeowChunSiang"},"content":"        System.out.println(\"OK, I\u0027ve marked this task as not done yet:\");","lastModifiedDate":"2026-01-30T00:13:46","isFullCredit":false},{"lineNumber":48,"author":{"gitId":"YeowChunSiang"},"content":"        System.out.println(\"  \" + t.toString());","lastModifiedDate":"2026-01-30T00:13:46","isFullCredit":false},{"lineNumber":49,"author":{"gitId":"YeowChunSiang"},"content":"    }","lastModifiedDate":"2026-01-30T00:13:46","isFullCredit":false},{"lineNumber":50,"author":{"gitId":"YeowChunSiang"},"content":"","lastModifiedDate":"2026-01-30T00:13:46","isFullCredit":false},{"lineNumber":51,"author":{"gitId":"YeowChunSiang"},"content":"    public void showList(TaskList tasks) {","lastModifiedDate":"2026-01-30T00:13:46","isFullCredit":false},{"lineNumber":52,"author":{"gitId":"YeowChunSiang"},"content":"        if (tasks.getSize() \u003d\u003d 0) {","lastModifiedDate":"2026-01-30T00:13:46","isFullCredit":false},{"lineNumber":53,"author":{"gitId":"YeowChunSiang"},"content":"            System.out.println(\"Take a break! There\u0027s no tasks to be done for now.\");","lastModifiedDate":"2026-01-30T00:13:46","isFullCredit":false},{"lineNumber":54,"author":{"gitId":"YeowChunSiang"},"content":"        } else {","lastModifiedDate":"2026-01-30T00:13:46","isFullCredit":false},{"lineNumber":55,"author":{"gitId":"YeowChunSiang"},"content":"            System.out.println(\"Things to do:\");","lastModifiedDate":"2026-01-30T00:13:46","isFullCredit":false},{"lineNumber":56,"author":{"gitId":"YeowChunSiang"},"content":"            for (int i \u003d 0; i \u003c tasks.getSize(); i++) {","lastModifiedDate":"2026-01-30T00:13:46","isFullCredit":false},{"lineNumber":57,"author":{"gitId":"YeowChunSiang"},"content":"                System.out.println((i + 1) + \".\" + tasks.getTask(i).toString());","lastModifiedDate":"2026-01-30T00:13:46","isFullCredit":false},{"lineNumber":58,"author":{"gitId":"YeowChunSiang"},"content":"            }","lastModifiedDate":"2026-01-30T00:13:46","isFullCredit":false},{"lineNumber":59,"author":{"gitId":"YeowChunSiang"},"content":"        }","lastModifiedDate":"2026-01-30T00:13:46","isFullCredit":false},{"lineNumber":60,"author":{"gitId":"YeowChunSiang"},"content":"    }","lastModifiedDate":"2026-01-30T00:13:46","isFullCredit":false},{"lineNumber":61,"author":{"gitId":"YeowChunSiang"},"content":"}","lastModifiedDate":"2026-01-30T00:06:09","isFullCredit":false}],"authorContributionMap":{"YeowChunSiang":61}},{"path":"text-ui-test/input.txt","fileType":"txt","lines":[{"lineNumber":1,"author":{"gitId":"YeowChunSiang"},"content":"list","lastModifiedDate":"2026-01-30T12:07:49","isFullCredit":false},{"lineNumber":2,"author":{"gitId":"YeowChunSiang"},"content":"todo read book","lastModifiedDate":"2026-01-30T12:07:49","isFullCredit":false},{"lineNumber":3,"author":{"gitId":"YeowChunSiang"},"content":"deadline return book /by Sunday","lastModifiedDate":"2026-01-30T12:07:49","isFullCredit":false},{"lineNumber":4,"author":{"gitId":"YeowChunSiang"},"content":"event project meeting /from Mon 2pm /to 4pm","lastModifiedDate":"2026-01-30T12:07:49","isFullCredit":false},{"lineNumber":5,"author":{"gitId":"YeowChunSiang"},"content":"list","lastModifiedDate":"2026-01-30T12:07:49","isFullCredit":false},{"lineNumber":6,"author":{"gitId":"YeowChunSiang"},"content":"mark 1","lastModifiedDate":"2026-01-30T12:07:49","isFullCredit":false},{"lineNumber":7,"author":{"gitId":"YeowChunSiang"},"content":"mark 2","lastModifiedDate":"2026-01-30T12:07:49","isFullCredit":false},{"lineNumber":8,"author":{"gitId":"YeowChunSiang"},"content":"unmark 1","lastModifiedDate":"2026-01-30T12:07:49","isFullCredit":false},{"lineNumber":9,"author":{"gitId":"YeowChunSiang"},"content":"delete 2","lastModifiedDate":"2026-01-30T12:07:49","isFullCredit":false},{"lineNumber":10,"author":{"gitId":"YeowChunSiang"},"content":"list","lastModifiedDate":"2026-01-30T12:07:49","isFullCredit":false},{"lineNumber":11,"author":{"gitId":"YeowChunSiang"},"content":"bye","lastModifiedDate":"2026-01-30T12:07:49","isFullCredit":false}],"authorContributionMap":{"YeowChunSiang":11}}]
