{"authorDailyContributionsMap":{"YeowChunSiang":[{"date":"2026-01-28T00:00:00","commitResults":[{"hash":"b2874cd542ab974c976d43776aa111f53cf61d2f","isMergeCommit":false,"messageTitle":"Rename to Listo and add greet/exit","messageBody":"","tags":["Level-0"],"fileTypesAndContributionMap":{"java":{"insertions":9,"deletions":10},"md":{"insertions":3,"deletions":3}}},{"hash":"590ff64bfb9e4786d97e2139c7323672c344d149","isMergeCommit":false,"messageTitle":"Add echo feature and bye command","messageBody":"","tags":["Level-1"],"fileTypesAndContributionMap":{"java":{"insertions":14,"deletions":1}}},{"hash":"29b0eacb91c83f285dd8bab80bd48a2095ab2ed9","isMergeCommit":false,"messageTitle":"Add list and add commands","messageBody":"","tags":["Level-2"],"fileTypesAndContributionMap":{"java":{"insertions":13,"deletions":2}}},{"hash":"09a85ca38d71abd56490a631b181c450b84f412c","isMergeCommit":false,"messageTitle":"Add Task class and mark/unmark commands","messageBody":"","tags":["Level-3"],"fileTypesAndContributionMap":{"java":{"insertions":49,"deletions":7}}},{"hash":"c611597ff251167077709320402b7207dbb28d00","isMergeCommit":false,"messageTitle":"Add Todo, Deadline and Event task types","messageBody":"","tags":["Level-4"],"fileTypesAndContributionMap":{"java":{"insertions":72,"deletions":6}}}]},{"date":"2026-01-30T00:00:00","commitResults":[{"hash":"a9a8cf3cd84d579e7ed8a4ab6ecbbe1a7d09b310","isMergeCommit":false,"messageTitle":"Add comments to Task.java, Todo.java, Deadline.java, Event.java","messageBody":"","fileTypesAndContributionMap":{"java":{"insertions":50,"deletions":0}}},{"hash":"6967d316505f405f7cb5299170fb323caaadd034","isMergeCommit":false,"messageTitle":"Add ListoException.java, TaskList.java","messageBody":"","fileTypesAndContributionMap":{"java":{"insertions":40,"deletions":6}}},{"hash":"54858753ccf8846c7aeea445c7e0385d194225a9","isMergeCommit":false,"messageTitle":"Add Parser.java, Ui.java and clean Listo.java","messageBody":"","tags":["Level-5"],"fileTypesAndContributionMap":{"java":{"insertions":234,"deletions":63}}},{"hash":"61e015377c684befe92a8068b4e1d6ec63a984cf","isMergeCommit":false,"messageTitle":"Implement delete functionality","messageBody":"","tags":["Level-6"],"fileTypesAndContributionMap":{"java":{"insertions":40,"deletions":0}}},{"hash":"8268c2e5b7cc5105d0db9c97da51262c9a4aeea4","isMergeCommit":false,"messageTitle":"Implement use of Enum for command processing","messageBody":"","tags":["A-Enums"],"fileTypesAndContributionMap":{"java":{"insertions":78,"deletions":27}}},{"hash":"c2cb53c528a04da6e60ebbdfcf31d04e1be55533","isMergeCommit":false,"messageTitle":"Add input.txt, EXPECTED.txt","messageBody":"","tags":["A-TextUiTesting"],"fileTypesAndContributionMap":{"txt":{"insertions":11,"deletions":0}}}]}]},"authorFileTypeContributionMap":{"YeowChunSiang":{"java":487,"md":3,"txt":11}},"authorContributionVariance":{"YeowChunSiang":10632.24},"authorDisplayNameMap":{"YeowChunSiang":"YeowChunSiang"}}
