[{"path":"README.md","fileType":"md","lines":[{"lineNumber":1,"author":{"gitId":"LEDTOMATO"},"content":"# Orange project template","lastModifiedDate":"2026-01-29T03:01:46","isFullCredit":false},{"lineNumber":2,"author":{"gitId":"-"},"content":"","lastModifiedDate":"2020-05-25T00:03:55","isFullCredit":false},{"lineNumber":3,"author":{"gitId":"-"},"content":"This is a project template for a greenfield Java project. It\u0027s named after the Java mascot _Duke_. Given below are instructions on how to use it.","lastModifiedDate":"2020-05-25T00:03:55","isFullCredit":false},{"lineNumber":4,"author":{"gitId":"-"},"content":"","lastModifiedDate":"2020-05-25T00:03:55","isFullCredit":false},{"lineNumber":5,"author":{"gitId":"-"},"content":"## Setting up in IntelliJ","lastModifiedDate":"2025-01-09T20:59:01","isFullCredit":false},{"lineNumber":6,"author":{"gitId":"-"},"content":"","lastModifiedDate":"2020-05-25T00:03:55","isFullCredit":false},{"lineNumber":7,"author":{"gitId":"-"},"content":"Prerequisites: JDK 21.","lastModifiedDate":"2025-01-09T21:11:29","isFullCredit":false},{"lineNumber":8,"author":{"gitId":"-"},"content":"","lastModifiedDate":"2020-05-25T00:03:55","isFullCredit":false},{"lineNumber":9,"author":{"gitId":"-"},"content":"1. Open IntelliJ (if you are not in the welcome screen, click `File` \u003e `Close Project` to close the existing project first)","lastModifiedDate":"2025-01-09T20:59:01","isFullCredit":false},{"lineNumber":10,"author":{"gitId":"-"},"content":"1. Open the project into IntelliJ as follows:","lastModifiedDate":"2025-01-09T20:59:01","isFullCredit":false},{"lineNumber":11,"author":{"gitId":"-"},"content":"   1. Click `Open`.","lastModifiedDate":"2021-01-17T12:25:53","isFullCredit":false},{"lineNumber":12,"author":{"gitId":"-"},"content":"   1. Select the project directory, and click `OK`.","lastModifiedDate":"2021-01-17T12:25:53","isFullCredit":false},{"lineNumber":13,"author":{"gitId":"-"},"content":"   1. If there are any further prompts, accept the defaults.","lastModifiedDate":"2020-05-25T00:03:55","isFullCredit":false},{"lineNumber":14,"author":{"gitId":"-"},"content":"1. Configure the project to use **JDK 21** (not other versions) as explained in [here](https://www.jetbrains.com/help/idea/sdk.html#set-up-jdk).\u003cbr\u003e","lastModifiedDate":"2025-01-09T20:49:06","isFullCredit":false},{"lineNumber":15,"author":{"gitId":"-"},"content":"   In the same dialog, set the **Project language level** field to the `SDK default` option.","lastModifiedDate":"2021-07-29T20:29:39","isFullCredit":false},{"lineNumber":16,"author":{"gitId":"LEDTOMATO"},"content":"1. After that, locate the `src/main/java/Orange.java` file, right-click it, and choose `Run Orange.main()` (if the code editor is showing compile errors, try restarting the IDE). If the setup is correct, you should see something like the below as the output:","lastModifiedDate":"2026-01-29T03:01:46","isFullCredit":false},{"lineNumber":17,"author":{"gitId":"-"},"content":"   ```","lastModifiedDate":"2020-05-25T00:03:55","isFullCredit":false},{"lineNumber":18,"author":{"gitId":"-"},"content":"   Hello from","lastModifiedDate":"2020-05-25T00:03:55","isFullCredit":false},{"lineNumber":19,"author":{"gitId":"-"},"content":"    ____        _        ","lastModifiedDate":"2020-05-25T00:03:55","isFullCredit":false},{"lineNumber":20,"author":{"gitId":"-"},"content":"   |  _ \\ _   _| | _____ ","lastModifiedDate":"2020-05-25T00:03:55","isFullCredit":false},{"lineNumber":21,"author":{"gitId":"-"},"content":"   | | | | | | | |/ / _ \\","lastModifiedDate":"2020-05-25T00:03:55","isFullCredit":false},{"lineNumber":22,"author":{"gitId":"-"},"content":"   | |_| | |_| |   \u003c  __/","lastModifiedDate":"2020-05-25T00:03:55","isFullCredit":false},{"lineNumber":23,"author":{"gitId":"-"},"content":"   |____/ \\__,_|_|\\_\\___|","lastModifiedDate":"2020-05-25T00:03:55","isFullCredit":false},{"lineNumber":24,"author":{"gitId":"-"},"content":"   ```","lastModifiedDate":"2020-05-25T00:03:55","isFullCredit":false},{"lineNumber":25,"author":{"gitId":"-"},"content":"","lastModifiedDate":"2025-01-04T21:44:28","isFullCredit":false},{"lineNumber":26,"author":{"gitId":"-"},"content":"**Warning:** Keep the `src\\main\\java` folder as the root folder for Java files (i.e., don\u0027t rename those folders or move Java files to another folder outside of this folder path), as this is the default location some tools (e.g., Gradle) expect to find Java files.","lastModifiedDate":"2025-01-04T21:44:28","isFullCredit":false},{"lineNumber":27,"author":{"gitId":"-"},"content":"","lastModifiedDate":"2025-01-09T21:09:47","isFullCredit":false},{"lineNumber":28,"author":{"gitId":"-"},"content":"## Running Tests","lastModifiedDate":"2025-01-09T21:09:47","isFullCredit":false},{"lineNumber":29,"author":{"gitId":"-"},"content":"","lastModifiedDate":"2025-01-09T21:09:47","isFullCredit":false},{"lineNumber":30,"author":{"gitId":"-"},"content":"The project comes with a set of test scripts for different operating systems:","lastModifiedDate":"2025-01-09T21:09:47","isFullCredit":false},{"lineNumber":31,"author":{"gitId":"-"},"content":"","lastModifiedDate":"2025-01-09T21:09:47","isFullCredit":false},{"lineNumber":32,"author":{"gitId":"-"},"content":"- **MacOS/Linux**: Run the shell script","lastModifiedDate":"2025-01-09T21:09:47","isFullCredit":false},{"lineNumber":33,"author":{"gitId":"-"},"content":"  ```bash","lastModifiedDate":"2025-01-09T21:09:47","isFullCredit":false},{"lineNumber":34,"author":{"gitId":"-"},"content":"  cd text-ui-test","lastModifiedDate":"2025-01-09T21:09:47","isFullCredit":false},{"lineNumber":35,"author":{"gitId":"-"},"content":"  ./runtest.sh","lastModifiedDate":"2025-01-09T21:09:47","isFullCredit":false},{"lineNumber":36,"author":{"gitId":"-"},"content":"  ```","lastModifiedDate":"2025-01-09T21:09:47","isFullCredit":false},{"lineNumber":37,"author":{"gitId":"-"},"content":"","lastModifiedDate":"2025-01-09T21:09:47","isFullCredit":false},{"lineNumber":38,"author":{"gitId":"-"},"content":"- **Windows**: Run the batch script","lastModifiedDate":"2025-01-09T21:09:47","isFullCredit":false},{"lineNumber":39,"author":{"gitId":"-"},"content":"  ```batch","lastModifiedDate":"2025-01-09T21:09:47","isFullCredit":false},{"lineNumber":40,"author":{"gitId":"-"},"content":"  cd text-ui-test","lastModifiedDate":"2025-01-09T21:09:47","isFullCredit":false},{"lineNumber":41,"author":{"gitId":"-"},"content":"  runtest.bat","lastModifiedDate":"2025-01-09T21:09:47","isFullCredit":false},{"lineNumber":42,"author":{"gitId":"-"},"content":"  ```","lastModifiedDate":"2025-01-09T21:09:47","isFullCredit":false},{"lineNumber":43,"author":{"gitId":"-"},"content":"","lastModifiedDate":"2025-01-09T21:09:47","isFullCredit":false},{"lineNumber":44,"author":{"gitId":"-"},"content":"These scripts will compile the source files, run the tests, and compare the output against the expected output.","lastModifiedDate":"2025-01-09T21:09:47","isFullCredit":false}],"authorContributionMap":{"LEDTOMATO":2,"-":42}},{"path":"docs/README.md","fileType":"md","lines":[{"lineNumber":1,"author":{"gitId":"LEDTOMATO"},"content":"# Orange User Guide","lastModifiedDate":"2026-01-29T03:01:46","isFullCredit":false},{"lineNumber":2,"author":{"gitId":"-"},"content":"","lastModifiedDate":"2019-07-29T17:14:46","isFullCredit":false},{"lineNumber":3,"author":{"gitId":"-"},"content":"// Update the title above to match the actual product name","lastModifiedDate":"2024-01-07T18:33:52","isFullCredit":false},{"lineNumber":4,"author":{"gitId":"-"},"content":"","lastModifiedDate":"2019-07-29T17:14:46","isFullCredit":false},{"lineNumber":5,"author":{"gitId":"-"},"content":"// Product screenshot goes here","lastModifiedDate":"2024-01-07T18:33:52","isFullCredit":false},{"lineNumber":6,"author":{"gitId":"-"},"content":"","lastModifiedDate":"2021-07-17T16:49:07","isFullCredit":false},{"lineNumber":7,"author":{"gitId":"-"},"content":"// Product intro goes here","lastModifiedDate":"2024-01-07T18:33:52","isFullCredit":false},{"lineNumber":8,"author":{"gitId":"-"},"content":"","lastModifiedDate":"2021-07-17T16:49:07","isFullCredit":false},{"lineNumber":9,"author":{"gitId":"-"},"content":"## Adding deadlines","lastModifiedDate":"2024-01-07T18:33:52","isFullCredit":false},{"lineNumber":10,"author":{"gitId":"-"},"content":"","lastModifiedDate":"2021-07-17T16:49:07","isFullCredit":false},{"lineNumber":11,"author":{"gitId":"-"},"content":"// Describe the action and its outcome.","lastModifiedDate":"2024-01-07T18:33:52","isFullCredit":false},{"lineNumber":12,"author":{"gitId":"-"},"content":"","lastModifiedDate":"2019-07-29T17:14:46","isFullCredit":false},{"lineNumber":13,"author":{"gitId":"-"},"content":"// Give examples of usage","lastModifiedDate":"2024-01-07T18:33:52","isFullCredit":false},{"lineNumber":14,"author":{"gitId":"-"},"content":"","lastModifiedDate":"2019-07-29T17:14:46","isFullCredit":false},{"lineNumber":15,"author":{"gitId":"-"},"content":"Example: `keyword (optional arguments)`","lastModifiedDate":"2024-01-07T18:33:52","isFullCredit":false},{"lineNumber":16,"author":{"gitId":"-"},"content":"","lastModifiedDate":"2019-07-29T17:14:46","isFullCredit":false},{"lineNumber":17,"author":{"gitId":"-"},"content":"// A description of the expected outcome goes here","lastModifiedDate":"2024-01-07T18:33:52","isFullCredit":false},{"lineNumber":18,"author":{"gitId":"-"},"content":"","lastModifiedDate":"2019-07-29T17:14:46","isFullCredit":false},{"lineNumber":19,"author":{"gitId":"-"},"content":"```","lastModifiedDate":"2024-01-07T18:33:52","isFullCredit":false},{"lineNumber":20,"author":{"gitId":"-"},"content":"expected output","lastModifiedDate":"2024-01-07T18:33:52","isFullCredit":false},{"lineNumber":21,"author":{"gitId":"-"},"content":"```","lastModifiedDate":"2024-01-07T18:33:52","isFullCredit":false},{"lineNumber":22,"author":{"gitId":"-"},"content":"","lastModifiedDate":"2019-07-29T17:14:46","isFullCredit":false},{"lineNumber":23,"author":{"gitId":"-"},"content":"## Feature ABC","lastModifiedDate":"2024-01-07T18:33:52","isFullCredit":false},{"lineNumber":24,"author":{"gitId":"-"},"content":"","lastModifiedDate":"2019-07-29T17:14:46","isFullCredit":false},{"lineNumber":25,"author":{"gitId":"-"},"content":"// Feature details","lastModifiedDate":"2024-01-07T18:33:52","isFullCredit":false},{"lineNumber":26,"author":{"gitId":"-"},"content":"","lastModifiedDate":"2019-07-29T17:14:46","isFullCredit":false},{"lineNumber":27,"author":{"gitId":"-"},"content":"","lastModifiedDate":"2021-07-17T16:49:07","isFullCredit":false},{"lineNumber":28,"author":{"gitId":"-"},"content":"## Feature XYZ","lastModifiedDate":"2024-01-07T18:33:52","isFullCredit":false},{"lineNumber":29,"author":{"gitId":"-"},"content":"","lastModifiedDate":"2024-01-07T18:33:52","isFullCredit":false},{"lineNumber":30,"author":{"gitId":"-"},"content":"// Feature details","lastModifiedDate":"2024-01-07T18:33:52","isFullCredit":false}],"authorContributionMap":{"LEDTOMATO":1,"-":29}},{"path":"src/main/java/Deadline.java","fileType":"java","lines":[{"lineNumber":1,"author":{"gitId":"LEDTOMATO"},"content":"public class Deadline extends Task {","lastModifiedDate":"2026-01-30T02:43:44","isFullCredit":false},{"lineNumber":2,"author":{"gitId":"LEDTOMATO"},"content":"    protected String by;","lastModifiedDate":"2026-01-30T02:43:44","isFullCredit":false},{"lineNumber":3,"author":{"gitId":"LEDTOMATO"},"content":"","lastModifiedDate":"2026-01-30T02:43:44","isFullCredit":false},{"lineNumber":4,"author":{"gitId":"LEDTOMATO"},"content":"    public Deadline(String description, String by) {","lastModifiedDate":"2026-01-30T02:43:44","isFullCredit":false},{"lineNumber":5,"author":{"gitId":"LEDTOMATO"},"content":"        super(description, TaskType.DEADLINE);","lastModifiedDate":"2026-01-30T12:51:28","isFullCredit":false},{"lineNumber":6,"author":{"gitId":"LEDTOMATO"},"content":"        this.by \u003d by;","lastModifiedDate":"2026-01-30T02:43:44","isFullCredit":false},{"lineNumber":7,"author":{"gitId":"LEDTOMATO"},"content":"    }","lastModifiedDate":"2026-01-30T02:43:44","isFullCredit":false},{"lineNumber":8,"author":{"gitId":"LEDTOMATO"},"content":"","lastModifiedDate":"2026-01-30T02:43:44","isFullCredit":false},{"lineNumber":9,"author":{"gitId":"LEDTOMATO"},"content":"    @Override","lastModifiedDate":"2026-01-30T02:43:44","isFullCredit":false},{"lineNumber":10,"author":{"gitId":"LEDTOMATO"},"content":"    public String toString() {","lastModifiedDate":"2026-01-30T02:43:44","isFullCredit":false},{"lineNumber":11,"author":{"gitId":"LEDTOMATO"},"content":"        return super.toString() + \" (by: \" + by + \")\";","lastModifiedDate":"2026-01-30T12:51:28","isFullCredit":false},{"lineNumber":12,"author":{"gitId":"LEDTOMATO"},"content":"    }","lastModifiedDate":"2026-01-30T02:43:44","isFullCredit":false},{"lineNumber":13,"author":{"gitId":"LEDTOMATO"},"content":"}","lastModifiedDate":"2026-01-30T02:43:44","isFullCredit":false}],"authorContributionMap":{"LEDTOMATO":13}},{"path":"src/main/java/Event.java","fileType":"java","lines":[{"lineNumber":1,"author":{"gitId":"LEDTOMATO"},"content":"public class Event extends Task {","lastModifiedDate":"2026-01-30T02:43:44","isFullCredit":false},{"lineNumber":2,"author":{"gitId":"LEDTOMATO"},"content":"    protected String from;","lastModifiedDate":"2026-01-30T02:43:44","isFullCredit":false},{"lineNumber":3,"author":{"gitId":"LEDTOMATO"},"content":"    protected String to;","lastModifiedDate":"2026-01-30T02:43:44","isFullCredit":false},{"lineNumber":4,"author":{"gitId":"LEDTOMATO"},"content":"","lastModifiedDate":"2026-01-30T02:43:44","isFullCredit":false},{"lineNumber":5,"author":{"gitId":"LEDTOMATO"},"content":"    public Event(String description, String from, String to) {","lastModifiedDate":"2026-01-30T02:43:44","isFullCredit":false},{"lineNumber":6,"author":{"gitId":"LEDTOMATO"},"content":"        super(description, TaskType.EVENT);","lastModifiedDate":"2026-01-30T12:51:28","isFullCredit":false},{"lineNumber":7,"author":{"gitId":"LEDTOMATO"},"content":"        this.from \u003d from;","lastModifiedDate":"2026-01-30T02:43:44","isFullCredit":false},{"lineNumber":8,"author":{"gitId":"LEDTOMATO"},"content":"        this.to \u003d to;","lastModifiedDate":"2026-01-30T02:43:44","isFullCredit":false},{"lineNumber":9,"author":{"gitId":"LEDTOMATO"},"content":"    }","lastModifiedDate":"2026-01-30T02:43:44","isFullCredit":false},{"lineNumber":10,"author":{"gitId":"LEDTOMATO"},"content":"","lastModifiedDate":"2026-01-30T02:43:44","isFullCredit":false},{"lineNumber":11,"author":{"gitId":"LEDTOMATO"},"content":"    @Override","lastModifiedDate":"2026-01-30T02:43:44","isFullCredit":false},{"lineNumber":12,"author":{"gitId":"LEDTOMATO"},"content":"    public String toString() {","lastModifiedDate":"2026-01-30T02:43:44","isFullCredit":false},{"lineNumber":13,"author":{"gitId":"LEDTOMATO"},"content":"        return super.toString()","lastModifiedDate":"2026-01-30T12:51:28","isFullCredit":false},{"lineNumber":14,"author":{"gitId":"LEDTOMATO"},"content":"                + \" (from: \" + from + \" to: \" + to + \")\";","lastModifiedDate":"2026-01-30T12:51:28","isFullCredit":false},{"lineNumber":15,"author":{"gitId":"LEDTOMATO"},"content":"    }","lastModifiedDate":"2026-01-30T02:43:44","isFullCredit":false},{"lineNumber":16,"author":{"gitId":"LEDTOMATO"},"content":"}","lastModifiedDate":"2026-01-30T02:43:44","isFullCredit":false}],"authorContributionMap":{"LEDTOMATO":16}},{"path":"src/main/java/Orange.java","fileType":"java","lines":[{"lineNumber":1,"author":{"gitId":"LEDTOMATO"},"content":"import java.util.Scanner;","lastModifiedDate":"2026-01-30T01:09:46","isFullCredit":false},{"lineNumber":2,"author":{"gitId":"LEDTOMATO"},"content":"","lastModifiedDate":"2026-01-30T01:09:46","isFullCredit":false},{"lineNumber":3,"author":{"gitId":"LEDTOMATO"},"content":"public class Orange {","lastModifiedDate":"2026-01-29T03:01:46","isFullCredit":false},{"lineNumber":4,"author":{"gitId":"LEDTOMATO"},"content":"    private static final String LINE \u003d \"____________________________________________________________\";","lastModifiedDate":"2026-01-30T02:43:44","isFullCredit":false},{"lineNumber":5,"author":{"gitId":"LEDTOMATO"},"content":"    private static final int MAX_TASKS \u003d 100;","lastModifiedDate":"2026-01-30T02:43:44","isFullCredit":false},{"lineNumber":6,"author":{"gitId":"LEDTOMATO"},"content":"","lastModifiedDate":"2026-01-30T02:43:44","isFullCredit":false},{"lineNumber":7,"author":{"gitId":"LEDTOMATO"},"content":"    private static Task[] tasks \u003d new Task[MAX_TASKS];","lastModifiedDate":"2026-01-30T02:43:44","isFullCredit":false},{"lineNumber":8,"author":{"gitId":"LEDTOMATO"},"content":"    private static int taskCount \u003d 0;","lastModifiedDate":"2026-01-30T02:43:44","isFullCredit":false},{"lineNumber":9,"author":{"gitId":"LEDTOMATO"},"content":"","lastModifiedDate":"2026-01-30T02:43:44","isFullCredit":false},{"lineNumber":10,"author":{"gitId":"LEDTOMATO"},"content":"    public static void main(String[] args) {","lastModifiedDate":"2026-01-29T03:01:46","isFullCredit":false},{"lineNumber":11,"author":{"gitId":"LEDTOMATO"},"content":"        greet();","lastModifiedDate":"2026-01-30T02:43:44","isFullCredit":false},{"lineNumber":12,"author":{"gitId":"LEDTOMATO"},"content":"","lastModifiedDate":"2026-01-30T01:22:31","isFullCredit":false},{"lineNumber":13,"author":{"gitId":"LEDTOMATO"},"content":"        Scanner scanner \u003d new Scanner(System.in);","lastModifiedDate":"2026-01-30T01:09:46","isFullCredit":false},{"lineNumber":14,"author":{"gitId":"LEDTOMATO"},"content":"","lastModifiedDate":"2026-01-30T01:09:46","isFullCredit":false},{"lineNumber":15,"author":{"gitId":"LEDTOMATO"},"content":"        while (true) {","lastModifiedDate":"2026-01-30T01:09:46","isFullCredit":false},{"lineNumber":16,"author":{"gitId":"LEDTOMATO"},"content":"            String input \u003d scanner.nextLine();","lastModifiedDate":"2026-01-30T01:09:46","isFullCredit":false},{"lineNumber":17,"author":{"gitId":"LEDTOMATO"},"content":"            String command \u003d getCommandWord(input);","lastModifiedDate":"2026-01-30T02:43:44","isFullCredit":false},{"lineNumber":18,"author":{"gitId":"LEDTOMATO"},"content":"","lastModifiedDate":"2026-01-30T01:09:46","isFullCredit":false},{"lineNumber":19,"author":{"gitId":"LEDTOMATO"},"content":"            switch (command) {","lastModifiedDate":"2026-01-30T02:43:44","isFullCredit":false},{"lineNumber":20,"author":{"gitId":"LEDTOMATO"},"content":"                case \"bye\":","lastModifiedDate":"2026-01-30T02:43:44","isFullCredit":false},{"lineNumber":21,"author":{"gitId":"LEDTOMATO"},"content":"                    exit();","lastModifiedDate":"2026-01-30T02:43:44","isFullCredit":false},{"lineNumber":22,"author":{"gitId":"LEDTOMATO"},"content":"                    return;","lastModifiedDate":"2026-01-30T02:43:44","isFullCredit":false},{"lineNumber":23,"author":{"gitId":"LEDTOMATO"},"content":"","lastModifiedDate":"2026-01-30T02:43:44","isFullCredit":false},{"lineNumber":24,"author":{"gitId":"LEDTOMATO"},"content":"                case \"list\":","lastModifiedDate":"2026-01-30T02:43:44","isFullCredit":false},{"lineNumber":25,"author":{"gitId":"LEDTOMATO"},"content":"                    listTasks();","lastModifiedDate":"2026-01-30T02:43:44","isFullCredit":false},{"lineNumber":26,"author":{"gitId":"LEDTOMATO"},"content":"                    break;","lastModifiedDate":"2026-01-30T02:43:44","isFullCredit":false},{"lineNumber":27,"author":{"gitId":"LEDTOMATO"},"content":"","lastModifiedDate":"2026-01-30T02:43:44","isFullCredit":false},{"lineNumber":28,"author":{"gitId":"LEDTOMATO"},"content":"                case \"mark\":","lastModifiedDate":"2026-01-30T02:43:44","isFullCredit":false},{"lineNumber":29,"author":{"gitId":"LEDTOMATO"},"content":"                    markTask(input);","lastModifiedDate":"2026-01-30T02:43:44","isFullCredit":false},{"lineNumber":30,"author":{"gitId":"LEDTOMATO"},"content":"                    break;","lastModifiedDate":"2026-01-30T02:43:44","isFullCredit":false},{"lineNumber":31,"author":{"gitId":"LEDTOMATO"},"content":"","lastModifiedDate":"2026-01-30T02:43:44","isFullCredit":false},{"lineNumber":32,"author":{"gitId":"LEDTOMATO"},"content":"                case \"unmark\":","lastModifiedDate":"2026-01-30T02:43:44","isFullCredit":false},{"lineNumber":33,"author":{"gitId":"LEDTOMATO"},"content":"                    unmarkTask(input);","lastModifiedDate":"2026-01-30T02:43:44","isFullCredit":false},{"lineNumber":34,"author":{"gitId":"LEDTOMATO"},"content":"                    break;","lastModifiedDate":"2026-01-30T02:43:44","isFullCredit":false},{"lineNumber":35,"author":{"gitId":"LEDTOMATO"},"content":"","lastModifiedDate":"2026-01-30T02:43:44","isFullCredit":false},{"lineNumber":36,"author":{"gitId":"LEDTOMATO"},"content":"                case \"todo\":","lastModifiedDate":"2026-01-30T02:43:44","isFullCredit":false},{"lineNumber":37,"author":{"gitId":"LEDTOMATO"},"content":"                    addTodo(input);","lastModifiedDate":"2026-01-30T02:43:44","isFullCredit":false},{"lineNumber":38,"author":{"gitId":"LEDTOMATO"},"content":"                    break;","lastModifiedDate":"2026-01-30T02:43:44","isFullCredit":false},{"lineNumber":39,"author":{"gitId":"LEDTOMATO"},"content":"","lastModifiedDate":"2026-01-30T02:43:44","isFullCredit":false},{"lineNumber":40,"author":{"gitId":"LEDTOMATO"},"content":"                case \"deadline\":","lastModifiedDate":"2026-01-30T02:43:44","isFullCredit":false},{"lineNumber":41,"author":{"gitId":"LEDTOMATO"},"content":"                    addDeadline(input);","lastModifiedDate":"2026-01-30T02:43:44","isFullCredit":false},{"lineNumber":42,"author":{"gitId":"LEDTOMATO"},"content":"                    break;","lastModifiedDate":"2026-01-30T02:43:44","isFullCredit":false},{"lineNumber":43,"author":{"gitId":"LEDTOMATO"},"content":"","lastModifiedDate":"2026-01-30T02:43:44","isFullCredit":false},{"lineNumber":44,"author":{"gitId":"LEDTOMATO"},"content":"                case \"event\":","lastModifiedDate":"2026-01-30T02:43:44","isFullCredit":false},{"lineNumber":45,"author":{"gitId":"LEDTOMATO"},"content":"                    addEvent(input);","lastModifiedDate":"2026-01-30T02:43:44","isFullCredit":false},{"lineNumber":46,"author":{"gitId":"LEDTOMATO"},"content":"                    break;","lastModifiedDate":"2026-01-30T02:43:44","isFullCredit":false},{"lineNumber":47,"author":{"gitId":"LEDTOMATO"},"content":"","lastModifiedDate":"2026-01-30T02:43:44","isFullCredit":false},{"lineNumber":48,"author":{"gitId":"LEDTOMATO"},"content":"                case \"delete\":","lastModifiedDate":"2026-01-30T12:37:04","isFullCredit":false},{"lineNumber":49,"author":{"gitId":"LEDTOMATO"},"content":"                    deleteTask(input);","lastModifiedDate":"2026-01-30T12:37:04","isFullCredit":false},{"lineNumber":50,"author":{"gitId":"LEDTOMATO"},"content":"                    break;","lastModifiedDate":"2026-01-30T12:37:04","isFullCredit":false},{"lineNumber":51,"author":{"gitId":"LEDTOMATO"},"content":"","lastModifiedDate":"2026-01-30T12:37:04","isFullCredit":false},{"lineNumber":52,"author":{"gitId":"LEDTOMATO"},"content":"                default:","lastModifiedDate":"2026-01-30T02:43:44","isFullCredit":false},{"lineNumber":53,"author":{"gitId":"LEDTOMATO"},"content":"                    printError(\"What do you mean? \\uD83C\\uDFB5\\\"\");","lastModifiedDate":"2026-01-30T12:17:17","isFullCredit":false},{"lineNumber":54,"author":{"gitId":"LEDTOMATO"},"content":"            }","lastModifiedDate":"2026-01-30T01:09:46","isFullCredit":false},{"lineNumber":55,"author":{"gitId":"LEDTOMATO"},"content":"        }","lastModifiedDate":"2026-01-30T02:43:44","isFullCredit":false},{"lineNumber":56,"author":{"gitId":"LEDTOMATO"},"content":"    }","lastModifiedDate":"2026-01-30T02:43:44","isFullCredit":false},{"lineNumber":57,"author":{"gitId":"LEDTOMATO"},"content":"","lastModifiedDate":"2026-01-30T02:43:44","isFullCredit":false},{"lineNumber":58,"author":{"gitId":"LEDTOMATO"},"content":"    // \u003d\u003d\u003d\u003d\u003d UI \u003d\u003d\u003d\u003d\u003d","lastModifiedDate":"2026-01-30T02:43:44","isFullCredit":false},{"lineNumber":59,"author":{"gitId":"LEDTOMATO"},"content":"    private static void greet() {","lastModifiedDate":"2026-01-30T02:43:44","isFullCredit":false},{"lineNumber":60,"author":{"gitId":"LEDTOMATO"},"content":"        System.out.println(LINE);","lastModifiedDate":"2026-01-30T02:43:44","isFullCredit":false},{"lineNumber":61,"author":{"gitId":"LEDTOMATO"},"content":"        System.out.println(\"Hello! I\u0027m Orange\");","lastModifiedDate":"2026-01-30T02:43:44","isFullCredit":false},{"lineNumber":62,"author":{"gitId":"LEDTOMATO"},"content":"        System.out.println(\"What can I do for you?\");","lastModifiedDate":"2026-01-30T02:43:44","isFullCredit":false},{"lineNumber":63,"author":{"gitId":"LEDTOMATO"},"content":"        System.out.println(LINE);","lastModifiedDate":"2026-01-30T02:43:44","isFullCredit":false},{"lineNumber":64,"author":{"gitId":"LEDTOMATO"},"content":"    }","lastModifiedDate":"2026-01-30T02:43:44","isFullCredit":false},{"lineNumber":65,"author":{"gitId":"LEDTOMATO"},"content":"","lastModifiedDate":"2026-01-30T02:43:44","isFullCredit":false},{"lineNumber":66,"author":{"gitId":"LEDTOMATO"},"content":"    private static void exit() {","lastModifiedDate":"2026-01-30T02:43:44","isFullCredit":false},{"lineNumber":67,"author":{"gitId":"LEDTOMATO"},"content":"        System.out.println(LINE);","lastModifiedDate":"2026-01-30T02:43:44","isFullCredit":false},{"lineNumber":68,"author":{"gitId":"LEDTOMATO"},"content":"        System.out.println(\"Bye. Hope to see you again soon!\");","lastModifiedDate":"2026-01-30T02:43:44","isFullCredit":false},{"lineNumber":69,"author":{"gitId":"LEDTOMATO"},"content":"        System.out.println(LINE);","lastModifiedDate":"2026-01-30T02:43:44","isFullCredit":false},{"lineNumber":70,"author":{"gitId":"LEDTOMATO"},"content":"    }","lastModifiedDate":"2026-01-30T02:43:44","isFullCredit":false},{"lineNumber":71,"author":{"gitId":"LEDTOMATO"},"content":"","lastModifiedDate":"2026-01-30T02:43:44","isFullCredit":false},{"lineNumber":72,"author":{"gitId":"LEDTOMATO"},"content":"    // \u003d\u003d\u003d\u003d\u003d Command helpers \u003d\u003d\u003d\u003d\u003d","lastModifiedDate":"2026-01-30T02:43:44","isFullCredit":false},{"lineNumber":73,"author":{"gitId":"LEDTOMATO"},"content":"    private static String getCommandWord(String input) {","lastModifiedDate":"2026-01-30T02:43:44","isFullCredit":false},{"lineNumber":74,"author":{"gitId":"LEDTOMATO"},"content":"        return input.split(\" \")[0];","lastModifiedDate":"2026-01-30T02:43:44","isFullCredit":false},{"lineNumber":75,"author":{"gitId":"LEDTOMATO"},"content":"    }","lastModifiedDate":"2026-01-30T02:43:44","isFullCredit":false},{"lineNumber":76,"author":{"gitId":"LEDTOMATO"},"content":"","lastModifiedDate":"2026-01-30T01:22:31","isFullCredit":false},{"lineNumber":77,"author":{"gitId":"LEDTOMATO"},"content":"    // \u003d\u003d\u003d\u003d\u003d Task actions \u003d\u003d\u003d\u003d\u003d","lastModifiedDate":"2026-01-30T02:43:44","isFullCredit":false},{"lineNumber":78,"author":{"gitId":"LEDTOMATO"},"content":"    private static void listTasks() {","lastModifiedDate":"2026-01-30T02:43:44","isFullCredit":false},{"lineNumber":79,"author":{"gitId":"LEDTOMATO"},"content":"        System.out.println(LINE);","lastModifiedDate":"2026-01-30T02:43:44","isFullCredit":false},{"lineNumber":80,"author":{"gitId":"LEDTOMATO"},"content":"        System.out.println(\"Here are the tasks in your list:\");","lastModifiedDate":"2026-01-30T01:45:25","isFullCredit":false},{"lineNumber":81,"author":{"gitId":"LEDTOMATO"},"content":"        for (int i \u003d 0; i \u003c taskCount; i++) {","lastModifiedDate":"2026-01-30T01:22:31","isFullCredit":false},{"lineNumber":82,"author":{"gitId":"LEDTOMATO"},"content":"            System.out.println((i + 1) + \". \" + tasks[i]);","lastModifiedDate":"2026-01-30T01:22:31","isFullCredit":false},{"lineNumber":83,"author":{"gitId":"LEDTOMATO"},"content":"        }","lastModifiedDate":"2026-01-30T01:22:31","isFullCredit":false},{"lineNumber":84,"author":{"gitId":"LEDTOMATO"},"content":"        System.out.println(LINE);","lastModifiedDate":"2026-01-30T02:43:44","isFullCredit":false},{"lineNumber":85,"author":{"gitId":"LEDTOMATO"},"content":"    }","lastModifiedDate":"2026-01-30T02:43:44","isFullCredit":false},{"lineNumber":86,"author":{"gitId":"LEDTOMATO"},"content":"","lastModifiedDate":"2026-01-30T02:43:44","isFullCredit":false},{"lineNumber":87,"author":{"gitId":"LEDTOMATO"},"content":"    private static void markTask(String input) {","lastModifiedDate":"2026-01-30T02:43:44","isFullCredit":false},{"lineNumber":88,"author":{"gitId":"LEDTOMATO"},"content":"        int index \u003d Integer.parseInt(input.split(\" \")[1]) - 1;","lastModifiedDate":"2026-01-30T02:43:44","isFullCredit":false},{"lineNumber":89,"author":{"gitId":"LEDTOMATO"},"content":"        tasks[index].markDone();","lastModifiedDate":"2026-01-30T01:45:25","isFullCredit":false},{"lineNumber":90,"author":{"gitId":"LEDTOMATO"},"content":"","lastModifiedDate":"2026-01-30T01:45:25","isFullCredit":false},{"lineNumber":91,"author":{"gitId":"LEDTOMATO"},"content":"        System.out.println(LINE);","lastModifiedDate":"2026-01-30T02:43:44","isFullCredit":false},{"lineNumber":92,"author":{"gitId":"LEDTOMATO"},"content":"        System.out.println(\"Nice! I\u0027ve marked this task as done:\");","lastModifiedDate":"2026-01-30T01:45:25","isFullCredit":false},{"lineNumber":93,"author":{"gitId":"LEDTOMATO"},"content":"        System.out.println(\"  \" + tasks[index]);","lastModifiedDate":"2026-01-30T01:45:25","isFullCredit":false},{"lineNumber":94,"author":{"gitId":"LEDTOMATO"},"content":"        System.out.println(LINE);","lastModifiedDate":"2026-01-30T02:43:44","isFullCredit":false},{"lineNumber":95,"author":{"gitId":"LEDTOMATO"},"content":"    }","lastModifiedDate":"2026-01-30T02:43:44","isFullCredit":false},{"lineNumber":96,"author":{"gitId":"LEDTOMATO"},"content":"","lastModifiedDate":"2026-01-30T02:43:44","isFullCredit":false},{"lineNumber":97,"author":{"gitId":"LEDTOMATO"},"content":"    private static void unmarkTask(String input) {","lastModifiedDate":"2026-01-30T02:43:44","isFullCredit":false},{"lineNumber":98,"author":{"gitId":"LEDTOMATO"},"content":"        int index \u003d Integer.parseInt(input.split(\" \")[1]) - 1;","lastModifiedDate":"2026-01-30T02:43:44","isFullCredit":false},{"lineNumber":99,"author":{"gitId":"LEDTOMATO"},"content":"        tasks[index].unmark();","lastModifiedDate":"2026-01-30T01:45:25","isFullCredit":false},{"lineNumber":100,"author":{"gitId":"LEDTOMATO"},"content":"","lastModifiedDate":"2026-01-30T01:45:25","isFullCredit":false},{"lineNumber":101,"author":{"gitId":"LEDTOMATO"},"content":"        System.out.println(LINE);","lastModifiedDate":"2026-01-30T02:43:44","isFullCredit":false},{"lineNumber":102,"author":{"gitId":"LEDTOMATO"},"content":"        System.out.println(\"OK, I\u0027ve marked this task as not done yet:\");","lastModifiedDate":"2026-01-30T01:45:25","isFullCredit":false},{"lineNumber":103,"author":{"gitId":"LEDTOMATO"},"content":"        System.out.println(\"  \" + tasks[index]);","lastModifiedDate":"2026-01-30T01:45:25","isFullCredit":false},{"lineNumber":104,"author":{"gitId":"LEDTOMATO"},"content":"        System.out.println(LINE);","lastModifiedDate":"2026-01-30T02:43:44","isFullCredit":false},{"lineNumber":105,"author":{"gitId":"LEDTOMATO"},"content":"    }","lastModifiedDate":"2026-01-30T02:43:44","isFullCredit":false},{"lineNumber":106,"author":{"gitId":"LEDTOMATO"},"content":"","lastModifiedDate":"2026-01-30T02:43:44","isFullCredit":false},{"lineNumber":107,"author":{"gitId":"LEDTOMATO"},"content":"    private static void addTodo(String input) {","lastModifiedDate":"2026-01-30T02:43:44","isFullCredit":false},{"lineNumber":108,"author":{"gitId":"LEDTOMATO"},"content":"        if (input.length() \u003c\u003d 5) {","lastModifiedDate":"2026-01-30T12:17:17","isFullCredit":false},{"lineNumber":109,"author":{"gitId":"LEDTOMATO"},"content":"            printError(\"Write details for todo task pls.\");","lastModifiedDate":"2026-01-30T12:17:17","isFullCredit":false},{"lineNumber":110,"author":{"gitId":"LEDTOMATO"},"content":"            return;","lastModifiedDate":"2026-01-30T12:17:17","isFullCredit":false},{"lineNumber":111,"author":{"gitId":"LEDTOMATO"},"content":"        }","lastModifiedDate":"2026-01-30T12:17:17","isFullCredit":false},{"lineNumber":112,"author":{"gitId":"LEDTOMATO"},"content":"        String description \u003d input.substring(5);","lastModifiedDate":"2026-01-30T02:43:44","isFullCredit":false},{"lineNumber":113,"author":{"gitId":"LEDTOMATO"},"content":"        tasks[taskCount++] \u003d new Todo(description);","lastModifiedDate":"2026-01-30T02:43:44","isFullCredit":false},{"lineNumber":114,"author":{"gitId":"LEDTOMATO"},"content":"        printAddMessage();","lastModifiedDate":"2026-01-30T02:43:44","isFullCredit":false},{"lineNumber":115,"author":{"gitId":"LEDTOMATO"},"content":"    }","lastModifiedDate":"2026-01-30T02:43:44","isFullCredit":false},{"lineNumber":116,"author":{"gitId":"LEDTOMATO"},"content":"","lastModifiedDate":"2026-01-30T01:22:31","isFullCredit":false},{"lineNumber":117,"author":{"gitId":"LEDTOMATO"},"content":"    private static void addDeadline(String input) {","lastModifiedDate":"2026-01-30T02:43:44","isFullCredit":false},{"lineNumber":118,"author":{"gitId":"LEDTOMATO"},"content":"        if (input.length() \u003c\u003d 9) {","lastModifiedDate":"2026-01-30T12:17:17","isFullCredit":false},{"lineNumber":119,"author":{"gitId":"LEDTOMATO"},"content":"            printError(\"Write details for deadline task pls.\");","lastModifiedDate":"2026-01-30T12:17:17","isFullCredit":false},{"lineNumber":120,"author":{"gitId":"LEDTOMATO"},"content":"            return;","lastModifiedDate":"2026-01-30T12:17:17","isFullCredit":false},{"lineNumber":121,"author":{"gitId":"LEDTOMATO"},"content":"        }","lastModifiedDate":"2026-01-30T12:17:17","isFullCredit":false},{"lineNumber":122,"author":{"gitId":"LEDTOMATO"},"content":"","lastModifiedDate":"2026-01-30T12:17:17","isFullCredit":false},{"lineNumber":123,"author":{"gitId":"LEDTOMATO"},"content":"        try {","lastModifiedDate":"2026-01-30T12:17:17","isFullCredit":false},{"lineNumber":124,"author":{"gitId":"LEDTOMATO"},"content":"            String[] parts \u003d input.substring(9).split(\" by \");","lastModifiedDate":"2026-01-30T12:17:17","isFullCredit":false},{"lineNumber":125,"author":{"gitId":"LEDTOMATO"},"content":"            if (parts.length \u003c 2) {","lastModifiedDate":"2026-01-30T12:17:17","isFullCredit":false},{"lineNumber":126,"author":{"gitId":"LEDTOMATO"},"content":"                printError(\"Please use format: deadline [description] by [time]\");","lastModifiedDate":"2026-01-30T12:17:17","isFullCredit":false},{"lineNumber":127,"author":{"gitId":"LEDTOMATO"},"content":"                return;","lastModifiedDate":"2026-01-30T12:17:17","isFullCredit":false},{"lineNumber":128,"author":{"gitId":"LEDTOMATO"},"content":"            }","lastModifiedDate":"2026-01-30T12:17:17","isFullCredit":false},{"lineNumber":129,"author":{"gitId":"LEDTOMATO"},"content":"            tasks[taskCount++] \u003d new Deadline(parts[0], parts[1]);","lastModifiedDate":"2026-01-30T02:43:44","isFullCredit":false},{"lineNumber":130,"author":{"gitId":"LEDTOMATO"},"content":"            printAddMessage();","lastModifiedDate":"2026-01-30T02:43:44","isFullCredit":false},{"lineNumber":131,"author":{"gitId":"LEDTOMATO"},"content":"        } catch (ArrayIndexOutOfBoundsException e) {","lastModifiedDate":"2026-01-30T12:17:17","isFullCredit":false},{"lineNumber":132,"author":{"gitId":"LEDTOMATO"},"content":"            printError(\"Invalid format! Please use: deadline [description] by [time]\");","lastModifiedDate":"2026-01-30T12:17:17","isFullCredit":false},{"lineNumber":133,"author":{"gitId":"LEDTOMATO"},"content":"        }","lastModifiedDate":"2026-01-30T12:17:17","isFullCredit":false},{"lineNumber":134,"author":{"gitId":"LEDTOMATO"},"content":"    }","lastModifiedDate":"2026-01-30T01:22:31","isFullCredit":false},{"lineNumber":135,"author":{"gitId":"LEDTOMATO"},"content":"","lastModifiedDate":"2026-01-30T02:43:44","isFullCredit":false},{"lineNumber":136,"author":{"gitId":"LEDTOMATO"},"content":"    private static void addEvent(String input) {","lastModifiedDate":"2026-01-30T02:43:44","isFullCredit":false},{"lineNumber":137,"author":{"gitId":"LEDTOMATO"},"content":"        if (input.length() \u003c\u003d 5) {","lastModifiedDate":"2026-01-30T12:17:17","isFullCredit":false},{"lineNumber":138,"author":{"gitId":"LEDTOMATO"},"content":"            printError(\"Write details for event task pls.\");","lastModifiedDate":"2026-01-30T12:17:17","isFullCredit":false},{"lineNumber":139,"author":{"gitId":"LEDTOMATO"},"content":"            return;","lastModifiedDate":"2026-01-30T12:17:17","isFullCredit":false},{"lineNumber":140,"author":{"gitId":"LEDTOMATO"},"content":"        }","lastModifiedDate":"2026-01-30T12:17:17","isFullCredit":false},{"lineNumber":141,"author":{"gitId":"LEDTOMATO"},"content":"        String[] parts \u003d input.substring(6).split(\" from | to \");","lastModifiedDate":"2026-01-30T12:17:17","isFullCredit":false},{"lineNumber":142,"author":{"gitId":"LEDTOMATO"},"content":"        if (parts.length \u003c 3) {","lastModifiedDate":"2026-01-30T12:17:17","isFullCredit":false},{"lineNumber":143,"author":{"gitId":"LEDTOMATO"},"content":"            printError(\"Please use format: event [description] from [start] to [end]\\nExample: event meeting from Monday 2pm to 3pm\");","lastModifiedDate":"2026-01-30T12:17:17","isFullCredit":false},{"lineNumber":144,"author":{"gitId":"LEDTOMATO"},"content":"            return;","lastModifiedDate":"2026-01-30T12:17:17","isFullCredit":false},{"lineNumber":145,"author":{"gitId":"LEDTOMATO"},"content":"        }","lastModifiedDate":"2026-01-30T12:17:17","isFullCredit":false},{"lineNumber":146,"author":{"gitId":"LEDTOMATO"},"content":"        tasks[taskCount++] \u003d new Event(parts[0], parts[1], parts[2]);","lastModifiedDate":"2026-01-30T02:43:44","isFullCredit":false},{"lineNumber":147,"author":{"gitId":"LEDTOMATO"},"content":"        printAddMessage();","lastModifiedDate":"2026-01-30T02:43:44","isFullCredit":false},{"lineNumber":148,"author":{"gitId":"LEDTOMATO"},"content":"    }","lastModifiedDate":"2026-01-30T01:09:46","isFullCredit":false},{"lineNumber":149,"author":{"gitId":"LEDTOMATO"},"content":"","lastModifiedDate":"2026-01-30T01:09:46","isFullCredit":false},{"lineNumber":150,"author":{"gitId":"LEDTOMATO"},"content":"    private static void printAddMessage() {","lastModifiedDate":"2026-01-30T02:43:44","isFullCredit":false},{"lineNumber":151,"author":{"gitId":"LEDTOMATO"},"content":"        System.out.println(LINE);","lastModifiedDate":"2026-01-30T02:43:44","isFullCredit":false},{"lineNumber":152,"author":{"gitId":"LEDTOMATO"},"content":"        System.out.println(\"Got it. I\u0027ve added this task:\");","lastModifiedDate":"2026-01-30T02:43:44","isFullCredit":false},{"lineNumber":153,"author":{"gitId":"LEDTOMATO"},"content":"        System.out.println(\"  \" + tasks[taskCount - 1]);","lastModifiedDate":"2026-01-30T02:43:44","isFullCredit":false},{"lineNumber":154,"author":{"gitId":"LEDTOMATO"},"content":"        System.out.println(\"Now you have \" + taskCount + \" tasks in the list.\");","lastModifiedDate":"2026-01-30T02:43:44","isFullCredit":false},{"lineNumber":155,"author":{"gitId":"LEDTOMATO"},"content":"        System.out.println(LINE);","lastModifiedDate":"2026-01-30T02:43:44","isFullCredit":false},{"lineNumber":156,"author":{"gitId":"LEDTOMATO"},"content":"    }","lastModifiedDate":"2026-01-29T03:01:46","isFullCredit":false},{"lineNumber":157,"author":{"gitId":"LEDTOMATO"},"content":"    private static void printError(String message) {","lastModifiedDate":"2026-01-30T12:17:17","isFullCredit":false},{"lineNumber":158,"author":{"gitId":"LEDTOMATO"},"content":"        System.out.println(LINE);","lastModifiedDate":"2026-01-30T12:17:17","isFullCredit":false},{"lineNumber":159,"author":{"gitId":"LEDTOMATO"},"content":"        System.out.println(\"Haha (´ー`) \" + message);","lastModifiedDate":"2026-01-30T12:17:17","isFullCredit":false},{"lineNumber":160,"author":{"gitId":"LEDTOMATO"},"content":"        System.out.println(LINE);","lastModifiedDate":"2026-01-30T12:17:17","isFullCredit":false},{"lineNumber":161,"author":{"gitId":"LEDTOMATO"},"content":"    }","lastModifiedDate":"2026-01-30T12:17:17","isFullCredit":false},{"lineNumber":162,"author":{"gitId":"LEDTOMATO"},"content":"    private static boolean isValidIndex(int index) {","lastModifiedDate":"2026-01-30T12:37:04","isFullCredit":false},{"lineNumber":163,"author":{"gitId":"LEDTOMATO"},"content":"        return index \u003e\u003d 0 \u0026\u0026 index \u003c taskCount;","lastModifiedDate":"2026-01-30T12:37:04","isFullCredit":false},{"lineNumber":164,"author":{"gitId":"LEDTOMATO"},"content":"    }","lastModifiedDate":"2026-01-30T12:37:04","isFullCredit":false},{"lineNumber":165,"author":{"gitId":"LEDTOMATO"},"content":"","lastModifiedDate":"2026-01-30T12:37:04","isFullCredit":false},{"lineNumber":166,"author":{"gitId":"LEDTOMATO"},"content":"    private static void deleteTask(String input) {","lastModifiedDate":"2026-01-30T12:37:04","isFullCredit":false},{"lineNumber":167,"author":{"gitId":"LEDTOMATO"},"content":"        String[] parts \u003d input.split(\" \");","lastModifiedDate":"2026-01-30T12:37:04","isFullCredit":false},{"lineNumber":168,"author":{"gitId":"LEDTOMATO"},"content":"","lastModifiedDate":"2026-01-30T12:37:04","isFullCredit":false},{"lineNumber":169,"author":{"gitId":"LEDTOMATO"},"content":"        if (parts.length \u003c 2) {","lastModifiedDate":"2026-01-30T12:37:04","isFullCredit":false},{"lineNumber":170,"author":{"gitId":"LEDTOMATO"},"content":"            printError(\"Please specify the task number to delete.\");","lastModifiedDate":"2026-01-30T12:37:04","isFullCredit":false},{"lineNumber":171,"author":{"gitId":"LEDTOMATO"},"content":"            return;","lastModifiedDate":"2026-01-30T12:37:04","isFullCredit":false},{"lineNumber":172,"author":{"gitId":"LEDTOMATO"},"content":"        }","lastModifiedDate":"2026-01-30T12:37:04","isFullCredit":false},{"lineNumber":173,"author":{"gitId":"LEDTOMATO"},"content":"","lastModifiedDate":"2026-01-30T12:37:04","isFullCredit":false},{"lineNumber":174,"author":{"gitId":"LEDTOMATO"},"content":"        int index \u003d Integer.parseInt(parts[1]) - 1;","lastModifiedDate":"2026-01-30T12:37:04","isFullCredit":false},{"lineNumber":175,"author":{"gitId":"LEDTOMATO"},"content":"","lastModifiedDate":"2026-01-30T12:37:04","isFullCredit":false},{"lineNumber":176,"author":{"gitId":"LEDTOMATO"},"content":"        if (!isValidIndex(index)) {","lastModifiedDate":"2026-01-30T12:37:04","isFullCredit":false},{"lineNumber":177,"author":{"gitId":"LEDTOMATO"},"content":"            printError(\"The task number provided is invalid.\");","lastModifiedDate":"2026-01-30T12:37:04","isFullCredit":false},{"lineNumber":178,"author":{"gitId":"LEDTOMATO"},"content":"            return;","lastModifiedDate":"2026-01-30T12:37:04","isFullCredit":false},{"lineNumber":179,"author":{"gitId":"LEDTOMATO"},"content":"        }","lastModifiedDate":"2026-01-30T12:37:04","isFullCredit":false},{"lineNumber":180,"author":{"gitId":"LEDTOMATO"},"content":"","lastModifiedDate":"2026-01-30T12:37:04","isFullCredit":false},{"lineNumber":181,"author":{"gitId":"LEDTOMATO"},"content":"        Task removedTask \u003d tasks[index];","lastModifiedDate":"2026-01-30T12:37:04","isFullCredit":false},{"lineNumber":182,"author":{"gitId":"LEDTOMATO"},"content":"","lastModifiedDate":"2026-01-30T12:37:04","isFullCredit":false},{"lineNumber":183,"author":{"gitId":"LEDTOMATO"},"content":"        // shift tasks left","lastModifiedDate":"2026-01-30T12:37:04","isFullCredit":false},{"lineNumber":184,"author":{"gitId":"LEDTOMATO"},"content":"        for (int i \u003d index; i \u003c taskCount - 1; i++) {","lastModifiedDate":"2026-01-30T12:37:04","isFullCredit":false},{"lineNumber":185,"author":{"gitId":"LEDTOMATO"},"content":"            tasks[i] \u003d tasks[i + 1];","lastModifiedDate":"2026-01-30T12:37:04","isFullCredit":false},{"lineNumber":186,"author":{"gitId":"LEDTOMATO"},"content":"        }","lastModifiedDate":"2026-01-30T12:37:04","isFullCredit":false},{"lineNumber":187,"author":{"gitId":"LEDTOMATO"},"content":"        taskCount--;","lastModifiedDate":"2026-01-30T12:37:04","isFullCredit":false},{"lineNumber":188,"author":{"gitId":"LEDTOMATO"},"content":"","lastModifiedDate":"2026-01-30T12:37:04","isFullCredit":false},{"lineNumber":189,"author":{"gitId":"LEDTOMATO"},"content":"        System.out.println(LINE);","lastModifiedDate":"2026-01-30T12:37:04","isFullCredit":false},{"lineNumber":190,"author":{"gitId":"LEDTOMATO"},"content":"        System.out.println(\"Noted. I\u0027ve removed this task:\");","lastModifiedDate":"2026-01-30T12:37:04","isFullCredit":false},{"lineNumber":191,"author":{"gitId":"LEDTOMATO"},"content":"        System.out.println(\"  \" + removedTask);","lastModifiedDate":"2026-01-30T12:37:04","isFullCredit":false},{"lineNumber":192,"author":{"gitId":"LEDTOMATO"},"content":"        System.out.println(\"Now you have \" + taskCount + \" tasks in the list.\");","lastModifiedDate":"2026-01-30T12:37:04","isFullCredit":false},{"lineNumber":193,"author":{"gitId":"LEDTOMATO"},"content":"        System.out.println(LINE);","lastModifiedDate":"2026-01-30T12:37:04","isFullCredit":false},{"lineNumber":194,"author":{"gitId":"LEDTOMATO"},"content":"    }","lastModifiedDate":"2026-01-30T12:37:04","isFullCredit":false},{"lineNumber":195,"author":{"gitId":"LEDTOMATO"},"content":"","lastModifiedDate":"2026-01-30T12:37:04","isFullCredit":false},{"lineNumber":196,"author":{"gitId":"LEDTOMATO"},"content":"","lastModifiedDate":"2026-01-30T12:17:17","isFullCredit":false},{"lineNumber":197,"author":{"gitId":"LEDTOMATO"},"content":"}","lastModifiedDate":"2026-01-29T03:01:46","isFullCredit":false}],"authorContributionMap":{"LEDTOMATO":197}},{"path":"src/main/java/Task.java","fileType":"java","lines":[{"lineNumber":1,"author":{"gitId":"LEDTOMATO"},"content":"public abstract class Task {","lastModifiedDate":"2026-01-30T12:51:28","isFullCredit":false},{"lineNumber":2,"author":{"gitId":"LEDTOMATO"},"content":"    protected String description;","lastModifiedDate":"2026-01-30T01:45:25","isFullCredit":false},{"lineNumber":3,"author":{"gitId":"LEDTOMATO"},"content":"    protected boolean isDone;","lastModifiedDate":"2026-01-30T01:45:25","isFullCredit":false},{"lineNumber":4,"author":{"gitId":"LEDTOMATO"},"content":"    protected TaskType type;","lastModifiedDate":"2026-01-30T12:51:28","isFullCredit":false},{"lineNumber":5,"author":{"gitId":"LEDTOMATO"},"content":"","lastModifiedDate":"2026-01-30T01:45:25","isFullCredit":false},{"lineNumber":6,"author":{"gitId":"LEDTOMATO"},"content":"    public Task(String description, TaskType type) {","lastModifiedDate":"2026-01-30T12:51:28","isFullCredit":false},{"lineNumber":7,"author":{"gitId":"LEDTOMATO"},"content":"        this.description \u003d description;","lastModifiedDate":"2026-01-30T01:45:25","isFullCredit":false},{"lineNumber":8,"author":{"gitId":"LEDTOMATO"},"content":"        this.isDone \u003d false;","lastModifiedDate":"2026-01-30T01:45:25","isFullCredit":false},{"lineNumber":9,"author":{"gitId":"LEDTOMATO"},"content":"        this.type \u003d type;","lastModifiedDate":"2026-01-30T12:51:28","isFullCredit":false},{"lineNumber":10,"author":{"gitId":"LEDTOMATO"},"content":"    }","lastModifiedDate":"2026-01-30T01:45:25","isFullCredit":false},{"lineNumber":11,"author":{"gitId":"LEDTOMATO"},"content":"","lastModifiedDate":"2026-01-30T01:45:25","isFullCredit":false},{"lineNumber":12,"author":{"gitId":"LEDTOMATO"},"content":"    public void markDone() {","lastModifiedDate":"2026-01-30T01:45:25","isFullCredit":false},{"lineNumber":13,"author":{"gitId":"LEDTOMATO"},"content":"        isDone \u003d true;","lastModifiedDate":"2026-01-30T01:45:25","isFullCredit":false},{"lineNumber":14,"author":{"gitId":"LEDTOMATO"},"content":"    }","lastModifiedDate":"2026-01-30T01:45:25","isFullCredit":false},{"lineNumber":15,"author":{"gitId":"LEDTOMATO"},"content":"","lastModifiedDate":"2026-01-30T01:45:25","isFullCredit":false},{"lineNumber":16,"author":{"gitId":"LEDTOMATO"},"content":"    public void unmark() {","lastModifiedDate":"2026-01-30T01:45:25","isFullCredit":false},{"lineNumber":17,"author":{"gitId":"LEDTOMATO"},"content":"        isDone \u003d false;","lastModifiedDate":"2026-01-30T01:45:25","isFullCredit":false},{"lineNumber":18,"author":{"gitId":"LEDTOMATO"},"content":"    }","lastModifiedDate":"2026-01-30T01:45:25","isFullCredit":false},{"lineNumber":19,"author":{"gitId":"LEDTOMATO"},"content":"","lastModifiedDate":"2026-01-30T01:45:25","isFullCredit":false},{"lineNumber":20,"author":{"gitId":"LEDTOMATO"},"content":"    public String getStatusIcon() {","lastModifiedDate":"2026-01-30T01:45:25","isFullCredit":false},{"lineNumber":21,"author":{"gitId":"LEDTOMATO"},"content":"        return isDone ? \"[X]\" : \"[ ]\";","lastModifiedDate":"2026-01-30T01:45:25","isFullCredit":false},{"lineNumber":22,"author":{"gitId":"LEDTOMATO"},"content":"    }","lastModifiedDate":"2026-01-30T01:45:25","isFullCredit":false},{"lineNumber":23,"author":{"gitId":"LEDTOMATO"},"content":"","lastModifiedDate":"2026-01-30T01:45:25","isFullCredit":false},{"lineNumber":24,"author":{"gitId":"LEDTOMATO"},"content":"    @Override","lastModifiedDate":"2026-01-30T01:45:25","isFullCredit":false},{"lineNumber":25,"author":{"gitId":"LEDTOMATO"},"content":"    public String toString() {","lastModifiedDate":"2026-01-30T01:45:25","isFullCredit":false},{"lineNumber":26,"author":{"gitId":"LEDTOMATO"},"content":"        return type.getSymbol() + getStatusIcon() + \" \" + description;","lastModifiedDate":"2026-01-30T12:51:28","isFullCredit":false},{"lineNumber":27,"author":{"gitId":"LEDTOMATO"},"content":"    }","lastModifiedDate":"2026-01-30T01:45:25","isFullCredit":false},{"lineNumber":28,"author":{"gitId":"LEDTOMATO"},"content":"}","lastModifiedDate":"2026-01-30T01:45:25","isFullCredit":false}],"authorContributionMap":{"LEDTOMATO":28}},{"path":"src/main/java/TaskType.java","fileType":"java","lines":[{"lineNumber":1,"author":{"gitId":"LEDTOMATO"},"content":"public enum TaskType {","lastModifiedDate":"2026-01-30T12:51:28","isFullCredit":false},{"lineNumber":2,"author":{"gitId":"LEDTOMATO"},"content":"    TODO(\"[T]\"),","lastModifiedDate":"2026-01-30T12:51:28","isFullCredit":false},{"lineNumber":3,"author":{"gitId":"LEDTOMATO"},"content":"    DEADLINE(\"[D]\"),","lastModifiedDate":"2026-01-30T12:51:28","isFullCredit":false},{"lineNumber":4,"author":{"gitId":"LEDTOMATO"},"content":"    EVENT(\"[E]\");","lastModifiedDate":"2026-01-30T12:51:28","isFullCredit":false},{"lineNumber":5,"author":{"gitId":"LEDTOMATO"},"content":"","lastModifiedDate":"2026-01-30T12:51:28","isFullCredit":false},{"lineNumber":6,"author":{"gitId":"LEDTOMATO"},"content":"    private final String symbol;","lastModifiedDate":"2026-01-30T12:51:28","isFullCredit":false},{"lineNumber":7,"author":{"gitId":"LEDTOMATO"},"content":"","lastModifiedDate":"2026-01-30T12:51:28","isFullCredit":false},{"lineNumber":8,"author":{"gitId":"LEDTOMATO"},"content":"    TaskType(String symbol) {","lastModifiedDate":"2026-01-30T12:51:28","isFullCredit":false},{"lineNumber":9,"author":{"gitId":"LEDTOMATO"},"content":"        this.symbol \u003d symbol;","lastModifiedDate":"2026-01-30T12:51:28","isFullCredit":false},{"lineNumber":10,"author":{"gitId":"LEDTOMATO"},"content":"    }","lastModifiedDate":"2026-01-30T12:51:28","isFullCredit":false},{"lineNumber":11,"author":{"gitId":"LEDTOMATO"},"content":"","lastModifiedDate":"2026-01-30T12:51:28","isFullCredit":false},{"lineNumber":12,"author":{"gitId":"LEDTOMATO"},"content":"    public String getSymbol() {","lastModifiedDate":"2026-01-30T12:51:28","isFullCredit":false},{"lineNumber":13,"author":{"gitId":"LEDTOMATO"},"content":"        return symbol;","lastModifiedDate":"2026-01-30T12:51:28","isFullCredit":false},{"lineNumber":14,"author":{"gitId":"LEDTOMATO"},"content":"    }","lastModifiedDate":"2026-01-30T12:51:28","isFullCredit":false},{"lineNumber":15,"author":{"gitId":"LEDTOMATO"},"content":"}","lastModifiedDate":"2026-01-30T12:51:28","isFullCredit":false}],"authorContributionMap":{"LEDTOMATO":15}},{"path":"src/main/java/Todo.java","fileType":"java","lines":[{"lineNumber":1,"author":{"gitId":"LEDTOMATO"},"content":"public class Todo extends Task {","lastModifiedDate":"2026-01-30T02:43:44","isFullCredit":false},{"lineNumber":2,"author":{"gitId":"LEDTOMATO"},"content":"    public Todo(String description) {","lastModifiedDate":"2026-01-30T02:43:44","isFullCredit":false},{"lineNumber":3,"author":{"gitId":"LEDTOMATO"},"content":"        super(description, TaskType.TODO);","lastModifiedDate":"2026-01-30T12:51:28","isFullCredit":false},{"lineNumber":4,"author":{"gitId":"LEDTOMATO"},"content":"    }","lastModifiedDate":"2026-01-30T02:43:44","isFullCredit":false},{"lineNumber":5,"author":{"gitId":"LEDTOMATO"},"content":"}","lastModifiedDate":"2026-01-30T02:43:44","isFullCredit":false}],"authorContributionMap":{"LEDTOMATO":5}},{"path":"text-ui-test/input.txt","fileType":"txt","lines":[{"lineNumber":1,"author":{"gitId":"LEDTOMATO"},"content":"todo borrow book","lastModifiedDate":"2026-01-30T04:15:33","isFullCredit":false},{"lineNumber":2,"author":{"gitId":"LEDTOMATO"},"content":"deadline return book by Sunday","lastModifiedDate":"2026-01-30T12:17:17","isFullCredit":false},{"lineNumber":3,"author":{"gitId":"LEDTOMATO"},"content":"event meeting from Monday 2p.m. to Monday 4p.m.","lastModifiedDate":"2026-01-30T12:17:17","isFullCredit":false},{"lineNumber":4,"author":{"gitId":"LEDTOMATO"},"content":"list","lastModifiedDate":"2026-01-30T04:15:33","isFullCredit":false},{"lineNumber":5,"author":{"gitId":"LEDTOMATO"},"content":"mark 1","lastModifiedDate":"2026-01-30T04:15:33","isFullCredit":false},{"lineNumber":6,"author":{"gitId":"LEDTOMATO"},"content":"mark 2","lastModifiedDate":"2026-01-30T04:15:33","isFullCredit":false},{"lineNumber":7,"author":{"gitId":"LEDTOMATO"},"content":"list","lastModifiedDate":"2026-01-30T04:15:33","isFullCredit":false},{"lineNumber":8,"author":{"gitId":"LEDTOMATO"},"content":"todo clean house","lastModifiedDate":"2026-01-30T04:15:33","isFullCredit":false},{"lineNumber":9,"author":{"gitId":"LEDTOMATO"},"content":"mark 4","lastModifiedDate":"2026-01-30T04:15:33","isFullCredit":false},{"lineNumber":10,"author":{"gitId":"LEDTOMATO"},"content":"unmark 1","lastModifiedDate":"2026-01-30T04:15:33","isFullCredit":false},{"lineNumber":11,"author":{"gitId":"LEDTOMATO"},"content":"list","lastModifiedDate":"2026-01-30T04:15:33","isFullCredit":false},{"lineNumber":12,"author":{"gitId":"LEDTOMATO"},"content":"bye","lastModifiedDate":"2026-01-30T04:15:33","isFullCredit":false}],"authorContributionMap":{"LEDTOMATO":12}}]
