{"authorDailyContributionsMap":{"LEDTOMATO":[{"date":"2026-01-29T00:00:00","commitResults":[{"hash":"95752a1563b15815a8d4256cf01f7e460f9bd97c","isMergeCommit":false,"messageTitle":"Add Greet and rename chatbot","messageBody":"","tags":["Level-0"],"fileTypesAndContributionMap":{"java":{"insertions":12,"deletions":10},"md":{"insertions":3,"deletions":3}}}]},{"date":"2026-01-30T00:00:00","commitResults":[{"hash":"3d749a6f61e64cada7eb0430772ff8b984845768","isMergeCommit":false,"messageTitle":"Add Echo and Exit","messageBody":"","tags":["Level-1"],"fileTypesAndContributionMap":{"java":{"insertions":19,"deletions":6}}},{"hash":"7116f98c72823305a295bf55b627bf6556e0b5de","isMergeCommit":false,"messageTitle":"Add list storage","messageBody":"","tags":["Level-2"],"fileTypesAndContributionMap":{"java":{"insertions":23,"deletions":5}}},{"hash":"3d0fd8f2600fa381990188e37813e28cd645d41f","isMergeCommit":false,"messageTitle":"Add mark and unmark function","messageBody":"","tags":["Level-3"],"fileTypesAndContributionMap":{"java":{"insertions":53,"deletions":8}}},{"hash":"aa533af68a3a409b4102271c327186d908f7d61b","isMergeCommit":false,"messageTitle":"Add ToDo,Even and Deadline types","messageBody":"","tags":["Level-4"],"fileTypesAndContributionMap":{"java":{"insertions":153,"deletions":46}}},{"hash":"0c7a792a4c91cef5429598f408a0d8ed341f14ba","isMergeCommit":false,"messageTitle":"Update test file,add input,except content","messageBody":"","tags":["A-TextUiTesting"],"fileTypesAndContributionMap":{"txt":{"insertions":12,"deletions":0}}},{"hash":"d965061ffb6ad9430b532aa4eae1e3124bc2dffa","isMergeCommit":false,"messageTitle":"Add error handling","messageBody":"","tags":["Level-5"],"fileTypesAndContributionMap":{"txt":{"insertions":2,"deletions":2},"java":{"insertions":36,"deletions":6}}},{"hash":"dd7c0e3886806e038701777f7efe08be624ee0ac","isMergeCommit":false,"messageTitle":"Add delete option","messageBody":"","tags":["Level-6"],"fileTypesAndContributionMap":{"java":{"insertions":38,"deletions":0}}},{"hash":"277cb0a5da7f673fbefc70332fc8f69b2509f89b","isMergeCommit":false,"messageTitle":"Add enums","messageBody":"","tags":["A-Enums"],"fileTypesAndContributionMap":{"java":{"insertions":26,"deletions":15}}}]}]},"authorFileTypeContributionMap":{"LEDTOMATO":{"java":274,"md":3,"txt":12}},"authorContributionVariance":{"LEDTOMATO":6522.2627},"authorDisplayNameMap":{"LEDTOMATO":"LEDTOMATO"}}
