[{"path":"src/main/java/Vinux.java","fileType":"java","lines":[{"lineNumber":1,"author":{"gitId":"LAPTOP-RK1BUFU5\\Indirapratibha"},"content":"import java.util.Scanner;","lastModifiedDate":"2026-01-28T19:36:41","isFullCredit":false},{"lineNumber":2,"author":{"gitId":"LAPTOP-RK1BUFU5\\Indirapratibha"},"content":"","lastModifiedDate":"2026-01-28T19:36:41","isFullCredit":false},{"lineNumber":3,"author":{"gitId":"LAPTOP-RK1BUFU5\\Indirapratibha"},"content":"public class Vinux {","lastModifiedDate":"2026-01-28T00:09:56","isFullCredit":false},{"lineNumber":4,"author":{"gitId":"LAPTOP-RK1BUFU5\\Indirapratibha"},"content":"    //A-Enums: create enum for task types","lastModifiedDate":"2026-01-30T04:44:20","isFullCredit":false},{"lineNumber":5,"author":{"gitId":"LAPTOP-RK1BUFU5\\Indirapratibha"},"content":"    enum TaskType {","lastModifiedDate":"2026-01-30T04:44:20","isFullCredit":false},{"lineNumber":6,"author":{"gitId":"LAPTOP-RK1BUFU5\\Indirapratibha"},"content":"        TODO(\"T\"),","lastModifiedDate":"2026-01-30T04:44:20","isFullCredit":false},{"lineNumber":7,"author":{"gitId":"LAPTOP-RK1BUFU5\\Indirapratibha"},"content":"        DEADLINE(\"D\"),","lastModifiedDate":"2026-01-30T04:44:20","isFullCredit":false},{"lineNumber":8,"author":{"gitId":"LAPTOP-RK1BUFU5\\Indirapratibha"},"content":"        EVENT(\"E\");","lastModifiedDate":"2026-01-30T04:44:20","isFullCredit":false},{"lineNumber":9,"author":{"gitId":"LAPTOP-RK1BUFU5\\Indirapratibha"},"content":"","lastModifiedDate":"2026-01-30T04:44:20","isFullCredit":false},{"lineNumber":10,"author":{"gitId":"LAPTOP-RK1BUFU5\\Indirapratibha"},"content":"        private final String symbol;","lastModifiedDate":"2026-01-30T04:44:20","isFullCredit":false},{"lineNumber":11,"author":{"gitId":"LAPTOP-RK1BUFU5\\Indirapratibha"},"content":"","lastModifiedDate":"2026-01-30T04:44:20","isFullCredit":false},{"lineNumber":12,"author":{"gitId":"LAPTOP-RK1BUFU5\\Indirapratibha"},"content":"        TaskType(String symbol) {","lastModifiedDate":"2026-01-30T04:44:20","isFullCredit":false},{"lineNumber":13,"author":{"gitId":"LAPTOP-RK1BUFU5\\Indirapratibha"},"content":"            this.symbol \u003d symbol;","lastModifiedDate":"2026-01-30T04:44:20","isFullCredit":false},{"lineNumber":14,"author":{"gitId":"LAPTOP-RK1BUFU5\\Indirapratibha"},"content":"        }","lastModifiedDate":"2026-01-30T04:44:20","isFullCredit":false},{"lineNumber":15,"author":{"gitId":"LAPTOP-RK1BUFU5\\Indirapratibha"},"content":"","lastModifiedDate":"2026-01-30T04:44:20","isFullCredit":false},{"lineNumber":16,"author":{"gitId":"LAPTOP-RK1BUFU5\\Indirapratibha"},"content":"        public String getSymbol() {","lastModifiedDate":"2026-01-30T04:44:20","isFullCredit":false},{"lineNumber":17,"author":{"gitId":"LAPTOP-RK1BUFU5\\Indirapratibha"},"content":"            return symbol;","lastModifiedDate":"2026-01-30T04:44:20","isFullCredit":false},{"lineNumber":18,"author":{"gitId":"LAPTOP-RK1BUFU5\\Indirapratibha"},"content":"        }","lastModifiedDate":"2026-01-30T04:44:20","isFullCredit":false},{"lineNumber":19,"author":{"gitId":"LAPTOP-RK1BUFU5\\Indirapratibha"},"content":"    }","lastModifiedDate":"2026-01-30T04:44:20","isFullCredit":false},{"lineNumber":20,"author":{"gitId":"LAPTOP-RK1BUFU5\\Indirapratibha"},"content":"","lastModifiedDate":"2026-01-30T04:44:20","isFullCredit":false},{"lineNumber":21,"author":{"gitId":"LAPTOP-RK1BUFU5\\Indirapratibha"},"content":"    public static void main(String[] args) {","lastModifiedDate":"2026-01-28T00:09:56","isFullCredit":false},{"lineNumber":22,"author":{"gitId":"LAPTOP-RK1BUFU5\\Indirapratibha"},"content":"        //logo of the chatbox: VINUX","lastModifiedDate":"2026-01-28T19:36:41","isFullCredit":false},{"lineNumber":23,"author":{"gitId":"LAPTOP-RK1BUFU5\\Indirapratibha"},"content":"        String logo \u003d \"              ________   __\\n\"","lastModifiedDate":"2026-01-28T00:09:56","isFullCredit":false},{"lineNumber":24,"author":{"gitId":"LAPTOP-RK1BUFU5\\Indirapratibha"},"content":"                + \"   |\\\\      /| \\\\__  __/  ( (    /| |\\\\      /| |\\\\      /|\\n\"","lastModifiedDate":"2026-01-28T00:09:56","isFullCredit":false},{"lineNumber":25,"author":{"gitId":"LAPTOP-RK1BUFU5\\Indirapratibha"},"content":"                + \"   | )    ( |    ) (    |  \\\\  ( | | )    ( | ( \\\\    / )\\n\"","lastModifiedDate":"2026-01-28T00:09:56","isFullCredit":false},{"lineNumber":26,"author":{"gitId":"LAPTOP-RK1BUFU5\\Indirapratibha"},"content":"                + \"   | |    | |    | |    |   \\\\ | | | |    | |  \\\\ (__) /\\n\"","lastModifiedDate":"2026-01-28T00:09:56","isFullCredit":false},{"lineNumber":27,"author":{"gitId":"LAPTOP-RK1BUFU5\\Indirapratibha"},"content":"                + \"   ( (    ) )    | |    | (\\\\ \\\\) | | |    | |   ) __ (\\n\"","lastModifiedDate":"2026-01-28T00:09:56","isFullCredit":false},{"lineNumber":28,"author":{"gitId":"LAPTOP-RK1BUFU5\\Indirapratibha"},"content":"                + \"    \\\\ \\\\__/ /     | |    | | \\\\   | | |    | |  / (  ) \\\\\\n\"","lastModifiedDate":"2026-01-28T00:09:56","isFullCredit":false},{"lineNumber":29,"author":{"gitId":"LAPTOP-RK1BUFU5\\Indirapratibha"},"content":"                + \"     \\\\    /   ___) (___ | )  \\\\  | | (____) | ( /    \\\\ )\\n\"","lastModifiedDate":"2026-01-28T00:09:56","isFullCredit":false},{"lineNumber":30,"author":{"gitId":"LAPTOP-RK1BUFU5\\Indirapratibha"},"content":"                + \"      \\\\__/    \\\\_______/ |/    )_) (________) |/      \\\\|\\n\";","lastModifiedDate":"2026-01-28T00:09:56","isFullCredit":false},{"lineNumber":31,"author":{"gitId":"LAPTOP-RK1BUFU5\\Indirapratibha"},"content":"","lastModifiedDate":"2026-01-28T00:09:56","isFullCredit":false},{"lineNumber":32,"author":{"gitId":"LAPTOP-RK1BUFU5\\Indirapratibha"},"content":"        //print welcome message to user","lastModifiedDate":"2026-01-28T19:36:41","isFullCredit":false},{"lineNumber":33,"author":{"gitId":"LAPTOP-RK1BUFU5\\Indirapratibha"},"content":"        System.out.println(\"~~~~~~~~~~~~~~~~~~~~~~~~~~~~~~~~~~~~~~~~~~~~~~~~~~~~~~~~~~~~\");","lastModifiedDate":"2026-01-28T19:36:41","isFullCredit":false},{"lineNumber":34,"author":{"gitId":"LAPTOP-RK1BUFU5\\Indirapratibha"},"content":"        System.out.println(\"~~~~~~~~~~~~~~~~~~~~~~~~~~~~~~~~~~~~~~~~~~~~~~~~~~~~~~~~~~~~\");","lastModifiedDate":"2026-01-28T19:36:41","isFullCredit":false},{"lineNumber":35,"author":{"gitId":"LAPTOP-RK1BUFU5\\Indirapratibha"},"content":"        System.out.println(logo);","lastModifiedDate":"2026-01-28T00:09:56","isFullCredit":false},{"lineNumber":36,"author":{"gitId":"LAPTOP-RK1BUFU5\\Indirapratibha"},"content":"        System.out.println(\"~~~~~~~~~~~~~~~~~~~~~~~~~~~~~~~~~~~~~~~~~~~~~~~~~~~~~~~~~~~~\");","lastModifiedDate":"2026-01-28T19:36:41","isFullCredit":false},{"lineNumber":37,"author":{"gitId":"LAPTOP-RK1BUFU5\\Indirapratibha"},"content":"        System.out.println(\"~~~~~~~~~~~~~~~~~~~~~~~~~~~~~~~~~~~~~~~~~~~~~~~~~~~~~~~~~~~~\");","lastModifiedDate":"2026-01-28T19:36:41","isFullCredit":false},{"lineNumber":38,"author":{"gitId":"LAPTOP-RK1BUFU5\\Indirapratibha"},"content":"        System.out.println(\"Hello! I am your favourite assistant Vinux.\");","lastModifiedDate":"2026-01-28T00:09:56","isFullCredit":false},{"lineNumber":39,"author":{"gitId":"LAPTOP-RK1BUFU5\\Indirapratibha"},"content":"        System.out.println(\"I\u0027m listening, unfortunately. Go on.\");","lastModifiedDate":"2026-01-28T22:09:40","isFullCredit":false},{"lineNumber":40,"author":{"gitId":"LAPTOP-RK1BUFU5\\Indirapratibha"},"content":"        System.out.println(\"    ____________________________________________________________\");","lastModifiedDate":"2026-01-28T00:09:56","isFullCredit":false},{"lineNumber":41,"author":{"gitId":"LAPTOP-RK1BUFU5\\Indirapratibha"},"content":"","lastModifiedDate":"2026-01-28T19:36:41","isFullCredit":false},{"lineNumber":42,"author":{"gitId":"LAPTOP-RK1BUFU5\\Indirapratibha"},"content":"        //Level-2: create array to store tasks (max 100 tasks)","lastModifiedDate":"2026-01-28T22:09:40","isFullCredit":false},{"lineNumber":43,"author":{"gitId":"LAPTOP-RK1BUFU5\\Indirapratibha"},"content":"        String[] tasks \u003d new String[100];","lastModifiedDate":"2026-01-28T22:09:40","isFullCredit":false},{"lineNumber":44,"author":{"gitId":"LAPTOP-RK1BUFU5\\Indirapratibha"},"content":"        //Level-3: create array to track if tasks are done (true \u003d done, false \u003d not done)","lastModifiedDate":"2026-01-28T22:47:58","isFullCredit":false},{"lineNumber":45,"author":{"gitId":"LAPTOP-RK1BUFU5\\Indirapratibha"},"content":"        boolean[] isDone \u003d new boolean[100];","lastModifiedDate":"2026-01-28T22:47:58","isFullCredit":false},{"lineNumber":46,"author":{"gitId":"LAPTOP-RK1BUFU5\\Indirapratibha"},"content":"        //A-Enums: Use TaskType enum array instead of String array","lastModifiedDate":"2026-01-30T04:44:20","isFullCredit":false},{"lineNumber":47,"author":{"gitId":"LAPTOP-RK1BUFU5\\Indirapratibha"},"content":"        TaskType[] taskTypes \u003d new TaskType[100];","lastModifiedDate":"2026-01-30T04:44:20","isFullCredit":false},{"lineNumber":48,"author":{"gitId":"LAPTOP-RK1BUFU5\\Indirapratibha"},"content":"        int taskCount \u003d 0; //counter to keep track of how many tasks are stored","lastModifiedDate":"2026-01-28T22:09:40","isFullCredit":false},{"lineNumber":49,"author":{"gitId":"LAPTOP-RK1BUFU5\\Indirapratibha"},"content":"","lastModifiedDate":"2026-01-28T19:36:41","isFullCredit":false},{"lineNumber":50,"author":{"gitId":"LAPTOP-RK1BUFU5\\Indirapratibha"},"content":"        //initialize scanner to read user input from the console","lastModifiedDate":"2026-01-28T22:09:40","isFullCredit":false},{"lineNumber":51,"author":{"gitId":"LAPTOP-RK1BUFU5\\Indirapratibha"},"content":"        Scanner scanner \u003d new Scanner(System.in);","lastModifiedDate":"2026-01-28T19:36:41","isFullCredit":false},{"lineNumber":52,"author":{"gitId":"LAPTOP-RK1BUFU5\\Indirapratibha"},"content":"        String input \u003d \"\"; //user input","lastModifiedDate":"2026-01-28T19:36:41","isFullCredit":false},{"lineNumber":53,"author":{"gitId":"LAPTOP-RK1BUFU5\\Indirapratibha"},"content":"","lastModifiedDate":"2026-01-28T19:36:41","isFullCredit":false},{"lineNumber":54,"author":{"gitId":"LAPTOP-RK1BUFU5\\Indirapratibha"},"content":"        //continuously read and echo user input until \"bye\" is entered","lastModifiedDate":"2026-01-28T19:36:41","isFullCredit":false},{"lineNumber":55,"author":{"gitId":"LAPTOP-RK1BUFU5\\Indirapratibha"},"content":"        while (!input.equals(\"bye\")) {","lastModifiedDate":"2026-01-28T19:36:41","isFullCredit":false},{"lineNumber":56,"author":{"gitId":"LAPTOP-RK1BUFU5\\Indirapratibha"},"content":"            input \u003d scanner.nextLine(); //read input as long as condition is true","lastModifiedDate":"2026-01-28T19:36:41","isFullCredit":false},{"lineNumber":57,"author":{"gitId":"LAPTOP-RK1BUFU5\\Indirapratibha"},"content":"","lastModifiedDate":"2026-01-28T19:36:41","isFullCredit":false},{"lineNumber":58,"author":{"gitId":"LAPTOP-RK1BUFU5\\Indirapratibha"},"content":"            //process the input unless the user typed \"bye\"","lastModifiedDate":"2026-01-28T22:09:40","isFullCredit":false},{"lineNumber":59,"author":{"gitId":"LAPTOP-RK1BUFU5\\Indirapratibha"},"content":"            if (!input.equals(\"bye\")) {","lastModifiedDate":"2026-01-28T19:36:41","isFullCredit":false},{"lineNumber":60,"author":{"gitId":"LAPTOP-RK1BUFU5\\Indirapratibha"},"content":"                System.out.println(\"    ____________________________________________________________\");","lastModifiedDate":"2026-01-28T00:09:56","isFullCredit":false},{"lineNumber":61,"author":{"gitId":"LAPTOP-RK1BUFU5\\Indirapratibha"},"content":"","lastModifiedDate":"2026-01-28T22:09:40","isFullCredit":false},{"lineNumber":62,"author":{"gitId":"LAPTOP-RK1BUFU5\\Indirapratibha"},"content":"                //display all the tasks with their status and type","lastModifiedDate":"2026-01-29T21:21:23","isFullCredit":false},{"lineNumber":63,"author":{"gitId":"LAPTOP-RK1BUFU5\\Indirapratibha"},"content":"                if (input.equals(\"list\")) {","lastModifiedDate":"2026-01-28T22:09:40","isFullCredit":false},{"lineNumber":64,"author":{"gitId":"LAPTOP-RK1BUFU5\\Indirapratibha"},"content":"                    //display all stored tasks","lastModifiedDate":"2026-01-28T22:09:40","isFullCredit":false},{"lineNumber":65,"author":{"gitId":"LAPTOP-RK1BUFU5\\Indirapratibha"},"content":"                    System.out.println(\"    Why do you have so many things to do?\");","lastModifiedDate":"2026-01-28T22:47:58","isFullCredit":false},{"lineNumber":66,"author":{"gitId":"LAPTOP-RK1BUFU5\\Indirapratibha"},"content":"                    System.out.println(\"    These are your tasks:\");","lastModifiedDate":"2026-01-28T22:47:58","isFullCredit":false},{"lineNumber":67,"author":{"gitId":"LAPTOP-RK1BUFU5\\Indirapratibha"},"content":"                    for (int i \u003d 0; i \u003c taskCount; i++) {","lastModifiedDate":"2026-01-28T22:09:40","isFullCredit":false},{"lineNumber":68,"author":{"gitId":"LAPTOP-RK1BUFU5\\Indirapratibha"},"content":"                        //Level-3: display [X] if done, [] if not done","lastModifiedDate":"2026-01-28T22:47:58","isFullCredit":false},{"lineNumber":69,"author":{"gitId":"LAPTOP-RK1BUFU5\\Indirapratibha"},"content":"                        String status \u003d isDone[i] ? \"[X]\" : \"[ ]\";","lastModifiedDate":"2026-01-28T22:47:58","isFullCredit":false},{"lineNumber":70,"author":{"gitId":"LAPTOP-RK1BUFU5\\Indirapratibha"},"content":"                        //A-Enums: Use getSymbol() to get the task type symbol","lastModifiedDate":"2026-01-30T04:44:20","isFullCredit":false},{"lineNumber":71,"author":{"gitId":"LAPTOP-RK1BUFU5\\Indirapratibha"},"content":"                        System.out.println(\"    \" + (i + 1) + \".[\" + taskTypes[i].getSymbol() + \"]\"","lastModifiedDate":"2026-01-30T04:44:20","isFullCredit":false},{"lineNumber":72,"author":{"gitId":"LAPTOP-RK1BUFU5\\Indirapratibha"},"content":"                                + status + \" \" + tasks[i]);","lastModifiedDate":"2026-01-30T04:44:20","isFullCredit":false},{"lineNumber":73,"author":{"gitId":"LAPTOP-RK1BUFU5\\Indirapratibha"},"content":"                    }","lastModifiedDate":"2026-01-28T22:09:40","isFullCredit":false},{"lineNumber":74,"author":{"gitId":"LAPTOP-RK1BUFU5\\Indirapratibha"},"content":"                } else if (input.startsWith(\"mark \")) { //Level-3: mark a task as done","lastModifiedDate":"2026-01-30T03:58:19","isFullCredit":false},{"lineNumber":75,"author":{"gitId":"LAPTOP-RK1BUFU5\\Indirapratibha"},"content":"                    //Level-5: Error handling for mark command","lastModifiedDate":"2026-01-30T03:58:19","isFullCredit":false},{"lineNumber":76,"author":{"gitId":"LAPTOP-RK1BUFU5\\Indirapratibha"},"content":"                    try {","lastModifiedDate":"2026-01-30T03:58:19","isFullCredit":false},{"lineNumber":77,"author":{"gitId":"LAPTOP-RK1BUFU5\\Indirapratibha"},"content":"                        //parseInt --\u003e convert string (e.g. \"2\" to 2)","lastModifiedDate":"2026-01-28T22:47:58","isFullCredit":false},{"lineNumber":78,"author":{"gitId":"LAPTOP-RK1BUFU5\\Indirapratibha"},"content":"                        //gives everything from position 5  (e.g. \"mark 2\" --\u003e 2 is at position 5)","lastModifiedDate":"2026-01-28T22:47:58","isFullCredit":false},{"lineNumber":79,"author":{"gitId":"LAPTOP-RK1BUFU5\\Indirapratibha"},"content":"                        int taskNumber \u003d Integer.parseInt(input.substring(5)) - 1; //get task number","lastModifiedDate":"2026-01-28T22:47:58","isFullCredit":false},{"lineNumber":80,"author":{"gitId":"LAPTOP-RK1BUFU5\\Indirapratibha"},"content":"","lastModifiedDate":"2026-01-30T03:58:19","isFullCredit":false},{"lineNumber":81,"author":{"gitId":"LAPTOP-RK1BUFU5\\Indirapratibha"},"content":"                        //check if task number is valid","lastModifiedDate":"2026-01-30T03:58:19","isFullCredit":false},{"lineNumber":82,"author":{"gitId":"LAPTOP-RK1BUFU5\\Indirapratibha"},"content":"                        if (taskNumber \u003c 0 || taskNumber \u003e\u003d taskCount) {","lastModifiedDate":"2026-01-30T03:58:19","isFullCredit":false},{"lineNumber":83,"author":{"gitId":"LAPTOP-RK1BUFU5\\Indirapratibha"},"content":"                            System.out.println(\"    Sleepy, much? Task number \" + (taskNumber + 1)","lastModifiedDate":"2026-01-30T04:44:20","isFullCredit":false},{"lineNumber":84,"author":{"gitId":"LAPTOP-RK1BUFU5\\Indirapratibha"},"content":"                                    + \" doesn\u0027t exist!\");","lastModifiedDate":"2026-01-30T04:44:20","isFullCredit":false},{"lineNumber":85,"author":{"gitId":"LAPTOP-RK1BUFU5\\Indirapratibha"},"content":"                            System.out.println(\"    You only have \" + taskCount + \" task(s) in the list.\");","lastModifiedDate":"2026-01-30T03:58:19","isFullCredit":false},{"lineNumber":86,"author":{"gitId":"LAPTOP-RK1BUFU5\\Indirapratibha"},"content":"                        } else { //normal case--\u003e when there are no errors","lastModifiedDate":"2026-01-30T04:44:20","isFullCredit":false},{"lineNumber":87,"author":{"gitId":"LAPTOP-RK1BUFU5\\Indirapratibha"},"content":"                            isDone[taskNumber] \u003d true; //set condition as true","lastModifiedDate":"2026-01-28T22:47:58","isFullCredit":false},{"lineNumber":88,"author":{"gitId":"LAPTOP-RK1BUFU5\\Indirapratibha"},"content":"                            System.out.println(\"    Solid! This task is now done (FINALLY!):\");","lastModifiedDate":"2026-01-28T22:47:58","isFullCredit":false},{"lineNumber":89,"author":{"gitId":"LAPTOP-RK1BUFU5\\Indirapratibha"},"content":"                            System.out.println(\"        [X] \" + tasks[taskNumber]);","lastModifiedDate":"2026-01-28T22:47:58","isFullCredit":false},{"lineNumber":90,"author":{"gitId":"LAPTOP-RK1BUFU5\\Indirapratibha"},"content":"                        }","lastModifiedDate":"2026-01-30T03:58:19","isFullCredit":false},{"lineNumber":91,"author":{"gitId":"LAPTOP-RK1BUFU5\\Indirapratibha"},"content":"                    } catch (NumberFormatException e) {","lastModifiedDate":"2026-01-30T03:58:19","isFullCredit":false},{"lineNumber":92,"author":{"gitId":"LAPTOP-RK1BUFU5\\Indirapratibha"},"content":"                        System.out.println(\"    Excuse me? Please provide a valid task number.\");","lastModifiedDate":"2026-01-30T03:58:19","isFullCredit":false},{"lineNumber":93,"author":{"gitId":"LAPTOP-RK1BUFU5\\Indirapratibha"},"content":"                        System.out.println(\"    Try this: mark 1\");","lastModifiedDate":"2026-01-30T03:58:19","isFullCredit":false},{"lineNumber":94,"author":{"gitId":"LAPTOP-RK1BUFU5\\Indirapratibha"},"content":"                    } catch (StringIndexOutOfBoundsException e) {","lastModifiedDate":"2026-01-30T03:58:19","isFullCredit":false},{"lineNumber":95,"author":{"gitId":"LAPTOP-RK1BUFU5\\Indirapratibha"},"content":"                        System.out.println(\"    Excuse me? Tell me which task you want to mark clearly.\");","lastModifiedDate":"2026-01-30T03:58:19","isFullCredit":false},{"lineNumber":96,"author":{"gitId":"LAPTOP-RK1BUFU5\\Indirapratibha"},"content":"                        System.out.println(\"    Try this: mark 1\");","lastModifiedDate":"2026-01-30T03:58:19","isFullCredit":false},{"lineNumber":97,"author":{"gitId":"LAPTOP-RK1BUFU5\\Indirapratibha"},"content":"                    }","lastModifiedDate":"2026-01-30T03:58:19","isFullCredit":false},{"lineNumber":98,"author":{"gitId":"LAPTOP-RK1BUFU5\\Indirapratibha"},"content":"                } else if (input.startsWith(\"unmark \")) { //Level-3: mark a task as undone","lastModifiedDate":"2026-01-30T03:58:19","isFullCredit":false},{"lineNumber":99,"author":{"gitId":"LAPTOP-RK1BUFU5\\Indirapratibha"},"content":"                    //Level-5: Error handling for unmark command","lastModifiedDate":"2026-01-30T03:58:19","isFullCredit":false},{"lineNumber":100,"author":{"gitId":"LAPTOP-RK1BUFU5\\Indirapratibha"},"content":"                    try {","lastModifiedDate":"2026-01-30T03:58:19","isFullCredit":false},{"lineNumber":101,"author":{"gitId":"LAPTOP-RK1BUFU5\\Indirapratibha"},"content":"                        //parseInt --\u003e convert string (e.g. \"2\" to 2)","lastModifiedDate":"2026-01-28T22:47:58","isFullCredit":false},{"lineNumber":102,"author":{"gitId":"LAPTOP-RK1BUFU5\\Indirapratibha"},"content":"                        //gives everything from position 7 (e.g. \"unmark 2\" --\u003e 2 is at position 7)","lastModifiedDate":"2026-01-30T04:44:20","isFullCredit":false},{"lineNumber":103,"author":{"gitId":"LAPTOP-RK1BUFU5\\Indirapratibha"},"content":"                        int taskNumber \u003d Integer.parseInt(input.substring(7)) - 1;","lastModifiedDate":"2026-01-28T22:47:58","isFullCredit":false},{"lineNumber":104,"author":{"gitId":"LAPTOP-RK1BUFU5\\Indirapratibha"},"content":"","lastModifiedDate":"2026-01-30T03:58:19","isFullCredit":false},{"lineNumber":105,"author":{"gitId":"LAPTOP-RK1BUFU5\\Indirapratibha"},"content":"                        //check if task number is valid","lastModifiedDate":"2026-01-30T03:58:19","isFullCredit":false},{"lineNumber":106,"author":{"gitId":"LAPTOP-RK1BUFU5\\Indirapratibha"},"content":"                        if (taskNumber \u003c 0 || taskNumber \u003e\u003d taskCount) {","lastModifiedDate":"2026-01-30T03:58:19","isFullCredit":false},{"lineNumber":107,"author":{"gitId":"LAPTOP-RK1BUFU5\\Indirapratibha"},"content":"                            System.out.println(\"    Sleepy, much? Task number \" + (taskNumber + 1)","lastModifiedDate":"2026-01-30T04:44:20","isFullCredit":false},{"lineNumber":108,"author":{"gitId":"LAPTOP-RK1BUFU5\\Indirapratibha"},"content":"                                    + \" doesn\u0027t exist!\");","lastModifiedDate":"2026-01-30T04:44:20","isFullCredit":false},{"lineNumber":109,"author":{"gitId":"LAPTOP-RK1BUFU5\\Indirapratibha"},"content":"                            System.out.println(\"    You only have \" + taskCount + \" task(s) in the list.\");","lastModifiedDate":"2026-01-30T03:58:19","isFullCredit":false},{"lineNumber":110,"author":{"gitId":"LAPTOP-RK1BUFU5\\Indirapratibha"},"content":"                        } else {","lastModifiedDate":"2026-01-30T03:58:19","isFullCredit":false},{"lineNumber":111,"author":{"gitId":"LAPTOP-RK1BUFU5\\Indirapratibha"},"content":"                            isDone[taskNumber] \u003d false; //set condition as false","lastModifiedDate":"2026-01-28T22:47:58","isFullCredit":false},{"lineNumber":112,"author":{"gitId":"LAPTOP-RK1BUFU5\\Indirapratibha"},"content":"                            System.out.println(\"    Aw man! This task is still not done:\");","lastModifiedDate":"2026-01-28T22:47:58","isFullCredit":false},{"lineNumber":113,"author":{"gitId":"LAPTOP-RK1BUFU5\\Indirapratibha"},"content":"                            System.out.println(\"        [ ] \" + tasks[taskNumber]);","lastModifiedDate":"2026-01-28T22:47:58","isFullCredit":false},{"lineNumber":114,"author":{"gitId":"LAPTOP-RK1BUFU5\\Indirapratibha"},"content":"                        }","lastModifiedDate":"2026-01-30T03:58:19","isFullCredit":false},{"lineNumber":115,"author":{"gitId":"LAPTOP-RK1BUFU5\\Indirapratibha"},"content":"                    } catch (NumberFormatException e) {","lastModifiedDate":"2026-01-30T03:58:19","isFullCredit":false},{"lineNumber":116,"author":{"gitId":"LAPTOP-RK1BUFU5\\Indirapratibha"},"content":"                        System.out.println(\"    Excuse me? Please provide a valid task number.\");","lastModifiedDate":"2026-01-30T03:58:19","isFullCredit":false},{"lineNumber":117,"author":{"gitId":"LAPTOP-RK1BUFU5\\Indirapratibha"},"content":"                        System.out.println(\"    Try this: unmark 1\");","lastModifiedDate":"2026-01-30T03:58:19","isFullCredit":false},{"lineNumber":118,"author":{"gitId":"LAPTOP-RK1BUFU5\\Indirapratibha"},"content":"                    } catch (StringIndexOutOfBoundsException e) {","lastModifiedDate":"2026-01-30T03:58:19","isFullCredit":false},{"lineNumber":119,"author":{"gitId":"LAPTOP-RK1BUFU5\\Indirapratibha"},"content":"                        System.out.println(\"    Excuse me? Tell me which task you want to mark clearly.\");","lastModifiedDate":"2026-01-30T03:58:19","isFullCredit":false},{"lineNumber":120,"author":{"gitId":"LAPTOP-RK1BUFU5\\Indirapratibha"},"content":"                        System.out.println(\"    Try this: unmark 1\");","lastModifiedDate":"2026-01-30T03:58:19","isFullCredit":false},{"lineNumber":121,"author":{"gitId":"LAPTOP-RK1BUFU5\\Indirapratibha"},"content":"                    }","lastModifiedDate":"2026-01-30T03:58:19","isFullCredit":false},{"lineNumber":122,"author":{"gitId":"LAPTOP-RK1BUFU5\\Indirapratibha"},"content":"                } else if (input.startsWith(\"delete \")) { //Level-6: delete a task","lastModifiedDate":"2026-01-30T04:18:36","isFullCredit":false},{"lineNumber":123,"author":{"gitId":"LAPTOP-RK1BUFU5\\Indirapratibha"},"content":"                    //error handling for delete command","lastModifiedDate":"2026-01-30T04:18:36","isFullCredit":false},{"lineNumber":124,"author":{"gitId":"LAPTOP-RK1BUFU5\\Indirapratibha"},"content":"                    try {","lastModifiedDate":"2026-01-30T04:18:36","isFullCredit":false},{"lineNumber":125,"author":{"gitId":"LAPTOP-RK1BUFU5\\Indirapratibha"},"content":"                        //parseInt --\u003e convert string to integer","lastModifiedDate":"2026-01-30T04:18:36","isFullCredit":false},{"lineNumber":126,"author":{"gitId":"LAPTOP-RK1BUFU5\\Indirapratibha"},"content":"                        //gets everything from position 7 (e.g. \"delete 3\" --\u003e 3 is at position 7)","lastModifiedDate":"2026-01-30T04:18:36","isFullCredit":false},{"lineNumber":127,"author":{"gitId":"LAPTOP-RK1BUFU5\\Indirapratibha"},"content":"                        int taskNumber \u003d Integer.parseInt(input.substring(7)) - 1; //get task number","lastModifiedDate":"2026-01-30T04:18:36","isFullCredit":false},{"lineNumber":128,"author":{"gitId":"LAPTOP-RK1BUFU5\\Indirapratibha"},"content":"","lastModifiedDate":"2026-01-30T04:18:36","isFullCredit":false},{"lineNumber":129,"author":{"gitId":"LAPTOP-RK1BUFU5\\Indirapratibha"},"content":"                        //check if task number is valid","lastModifiedDate":"2026-01-30T04:18:36","isFullCredit":false},{"lineNumber":130,"author":{"gitId":"LAPTOP-RK1BUFU5\\Indirapratibha"},"content":"                        if (taskNumber \u003c 0 || taskNumber \u003e\u003d taskCount) {","lastModifiedDate":"2026-01-30T04:18:36","isFullCredit":false},{"lineNumber":131,"author":{"gitId":"LAPTOP-RK1BUFU5\\Indirapratibha"},"content":"                            System.out.println(\"    Sleepy, much? Task number \" + (taskNumber + 1)","lastModifiedDate":"2026-01-30T04:44:20","isFullCredit":false},{"lineNumber":132,"author":{"gitId":"LAPTOP-RK1BUFU5\\Indirapratibha"},"content":"                                    + \" doesn\u0027t exist!\");","lastModifiedDate":"2026-01-30T04:44:20","isFullCredit":false},{"lineNumber":133,"author":{"gitId":"LAPTOP-RK1BUFU5\\Indirapratibha"},"content":"                            System.out.println(\"    You only have \" + taskCount + \" task(s) in the list.\");","lastModifiedDate":"2026-01-30T04:18:36","isFullCredit":false},{"lineNumber":134,"author":{"gitId":"LAPTOP-RK1BUFU5\\Indirapratibha"},"content":"                        } else {","lastModifiedDate":"2026-01-30T04:18:36","isFullCredit":false},{"lineNumber":135,"author":{"gitId":"LAPTOP-RK1BUFU5\\Indirapratibha"},"content":"                            //store the deleted task info to display it","lastModifiedDate":"2026-01-30T04:18:36","isFullCredit":false},{"lineNumber":136,"author":{"gitId":"LAPTOP-RK1BUFU5\\Indirapratibha"},"content":"                            String deletedTask \u003d tasks[taskNumber];","lastModifiedDate":"2026-01-30T04:18:36","isFullCredit":false},{"lineNumber":137,"author":{"gitId":"LAPTOP-RK1BUFU5\\Indirapratibha"},"content":"                            TaskType deletedType \u003d taskTypes[taskNumber]; //A-Enums: Use TaskType","lastModifiedDate":"2026-01-30T04:44:20","isFullCredit":false},{"lineNumber":138,"author":{"gitId":"LAPTOP-RK1BUFU5\\Indirapratibha"},"content":"                            boolean deletedStatus \u003d isDone[taskNumber];","lastModifiedDate":"2026-01-30T04:18:36","isFullCredit":false},{"lineNumber":139,"author":{"gitId":"LAPTOP-RK1BUFU5\\Indirapratibha"},"content":"                            String status \u003d deletedStatus ? \"[X]\" : \"[ ]\";","lastModifiedDate":"2026-01-30T04:18:36","isFullCredit":false},{"lineNumber":140,"author":{"gitId":"LAPTOP-RK1BUFU5\\Indirapratibha"},"content":"","lastModifiedDate":"2026-01-30T04:18:36","isFullCredit":false},{"lineNumber":141,"author":{"gitId":"LAPTOP-RK1BUFU5\\Indirapratibha"},"content":"                            //shift all tasks after the deleted one, one position to the left","lastModifiedDate":"2026-01-30T04:18:36","isFullCredit":false},{"lineNumber":142,"author":{"gitId":"LAPTOP-RK1BUFU5\\Indirapratibha"},"content":"                            for (int i \u003d taskNumber; i \u003c taskCount - 1; i++) {","lastModifiedDate":"2026-01-30T04:18:36","isFullCredit":false},{"lineNumber":143,"author":{"gitId":"LAPTOP-RK1BUFU5\\Indirapratibha"},"content":"                                tasks[i] \u003d tasks[i + 1];","lastModifiedDate":"2026-01-30T04:18:36","isFullCredit":false},{"lineNumber":144,"author":{"gitId":"LAPTOP-RK1BUFU5\\Indirapratibha"},"content":"                                isDone[i] \u003d isDone[i + 1];","lastModifiedDate":"2026-01-30T04:18:36","isFullCredit":false},{"lineNumber":145,"author":{"gitId":"LAPTOP-RK1BUFU5\\Indirapratibha"},"content":"                                taskTypes[i] \u003d taskTypes[i + 1];","lastModifiedDate":"2026-01-30T04:44:20","isFullCredit":false},{"lineNumber":146,"author":{"gitId":"LAPTOP-RK1BUFU5\\Indirapratibha"},"content":"                            }","lastModifiedDate":"2026-01-30T04:18:36","isFullCredit":false},{"lineNumber":147,"author":{"gitId":"LAPTOP-RK1BUFU5\\Indirapratibha"},"content":"                            //decrease task count","lastModifiedDate":"2026-01-30T04:18:36","isFullCredit":false},{"lineNumber":148,"author":{"gitId":"LAPTOP-RK1BUFU5\\Indirapratibha"},"content":"                            taskCount--;","lastModifiedDate":"2026-01-30T04:18:36","isFullCredit":false},{"lineNumber":149,"author":{"gitId":"LAPTOP-RK1BUFU5\\Indirapratibha"},"content":"","lastModifiedDate":"2026-01-30T04:18:36","isFullCredit":false},{"lineNumber":150,"author":{"gitId":"LAPTOP-RK1BUFU5\\Indirapratibha"},"content":"                            //display confirmation message","lastModifiedDate":"2026-01-30T04:18:36","isFullCredit":false},{"lineNumber":151,"author":{"gitId":"LAPTOP-RK1BUFU5\\Indirapratibha"},"content":"                            //A-Enums: Use getSymbol() to display task type","lastModifiedDate":"2026-01-30T04:44:20","isFullCredit":false},{"lineNumber":152,"author":{"gitId":"LAPTOP-RK1BUFU5\\Indirapratibha"},"content":"                            System.out.println(\"    You sure? I\u0027ve removed this task:\");","lastModifiedDate":"2026-01-30T04:18:36","isFullCredit":false},{"lineNumber":153,"author":{"gitId":"LAPTOP-RK1BUFU5\\Indirapratibha"},"content":"                            System.out.println(\"    [\" + deletedType.getSymbol() + \"]\" + status + \" \"","lastModifiedDate":"2026-01-30T04:44:20","isFullCredit":false},{"lineNumber":154,"author":{"gitId":"LAPTOP-RK1BUFU5\\Indirapratibha"},"content":"                                    + deletedTask);","lastModifiedDate":"2026-01-30T04:44:20","isFullCredit":false},{"lineNumber":155,"author":{"gitId":"LAPTOP-RK1BUFU5\\Indirapratibha"},"content":"                            System.out.println(\"    Now you have \" + taskCount + \" task(s) in the list.\");","lastModifiedDate":"2026-01-30T04:18:36","isFullCredit":false},{"lineNumber":156,"author":{"gitId":"LAPTOP-RK1BUFU5\\Indirapratibha"},"content":"                        }","lastModifiedDate":"2026-01-30T04:18:36","isFullCredit":false},{"lineNumber":157,"author":{"gitId":"LAPTOP-RK1BUFU5\\Indirapratibha"},"content":"                    } catch (NumberFormatException e) {","lastModifiedDate":"2026-01-30T04:18:36","isFullCredit":false},{"lineNumber":158,"author":{"gitId":"LAPTOP-RK1BUFU5\\Indirapratibha"},"content":"                        System.out.println(\"    Excuse me? Please provide a valid task number.\");","lastModifiedDate":"2026-01-30T04:18:36","isFullCredit":false},{"lineNumber":159,"author":{"gitId":"LAPTOP-RK1BUFU5\\Indirapratibha"},"content":"                        System.out.println(\"    Try this: delete 1\");","lastModifiedDate":"2026-01-30T04:18:36","isFullCredit":false},{"lineNumber":160,"author":{"gitId":"LAPTOP-RK1BUFU5\\Indirapratibha"},"content":"                    } catch (StringIndexOutOfBoundsException e) {","lastModifiedDate":"2026-01-30T04:18:36","isFullCredit":false},{"lineNumber":161,"author":{"gitId":"LAPTOP-RK1BUFU5\\Indirapratibha"},"content":"                        System.out.println(\"    Excuse me? Tell me which task you want to delete clearly.\");","lastModifiedDate":"2026-01-30T04:18:36","isFullCredit":false},{"lineNumber":162,"author":{"gitId":"LAPTOP-RK1BUFU5\\Indirapratibha"},"content":"                        System.out.println(\"    Try this: delete 1\");","lastModifiedDate":"2026-01-30T04:18:36","isFullCredit":false},{"lineNumber":163,"author":{"gitId":"LAPTOP-RK1BUFU5\\Indirapratibha"},"content":"                    }","lastModifiedDate":"2026-01-30T04:18:36","isFullCredit":false},{"lineNumber":164,"author":{"gitId":"LAPTOP-RK1BUFU5\\Indirapratibha"},"content":"                } else if (input.startsWith(\"todo\")) { //Level-4: check if ToDo task (no date/time)","lastModifiedDate":"2026-01-30T03:58:19","isFullCredit":false},{"lineNumber":165,"author":{"gitId":"LAPTOP-RK1BUFU5\\Indirapratibha"},"content":"                    //Level-5: error handling for todo command","lastModifiedDate":"2026-01-30T03:58:19","isFullCredit":false},{"lineNumber":166,"author":{"gitId":"LAPTOP-RK1BUFU5\\Indirapratibha"},"content":"                    if (input.trim().equals(\"todo\") || input.substring(4).trim().isEmpty()) {","lastModifiedDate":"2026-01-30T03:58:19","isFullCredit":false},{"lineNumber":167,"author":{"gitId":"LAPTOP-RK1BUFU5\\Indirapratibha"},"content":"                        //empty todo description","lastModifiedDate":"2026-01-30T04:18:36","isFullCredit":false},{"lineNumber":168,"author":{"gitId":"LAPTOP-RK1BUFU5\\Indirapratibha"},"content":"                        System.out.println(\"    Wake up! You are giving me an empty task?\");","lastModifiedDate":"2026-01-30T03:58:19","isFullCredit":false},{"lineNumber":169,"author":{"gitId":"LAPTOP-RK1BUFU5\\Indirapratibha"},"content":"                        System.out.println(\"    Try this: todo buy apples\");","lastModifiedDate":"2026-01-30T03:58:19","isFullCredit":false},{"lineNumber":170,"author":{"gitId":"LAPTOP-RK1BUFU5\\Indirapratibha"},"content":"                    } else {","lastModifiedDate":"2026-01-30T03:58:19","isFullCredit":false},{"lineNumber":171,"author":{"gitId":"LAPTOP-RK1BUFU5\\Indirapratibha"},"content":"                        String description \u003d input.substring(5); //everything after \"todo\"","lastModifiedDate":"2026-01-29T21:21:23","isFullCredit":false},{"lineNumber":172,"author":{"gitId":"LAPTOP-RK1BUFU5\\Indirapratibha"},"content":"                        tasks[taskCount] \u003d description;","lastModifiedDate":"2026-01-29T21:21:23","isFullCredit":false},{"lineNumber":173,"author":{"gitId":"LAPTOP-RK1BUFU5\\Indirapratibha"},"content":"                        taskTypes[taskCount] \u003d TaskType.TODO; //A-Enums: Use enum instead of \"T\"","lastModifiedDate":"2026-01-30T04:44:20","isFullCredit":false},{"lineNumber":174,"author":{"gitId":"LAPTOP-RK1BUFU5\\Indirapratibha"},"content":"                        isDone[taskCount] \u003d false; //task is undone yet","lastModifiedDate":"2026-01-29T21:21:23","isFullCredit":false},{"lineNumber":175,"author":{"gitId":"LAPTOP-RK1BUFU5\\Indirapratibha"},"content":"                        taskCount++;","lastModifiedDate":"2026-01-29T21:21:23","isFullCredit":false},{"lineNumber":176,"author":{"gitId":"LAPTOP-RK1BUFU5\\Indirapratibha"},"content":"                        System.out.println(\"    Gotcha. I have now added this task:\");","lastModifiedDate":"2026-01-29T21:21:23","isFullCredit":false},{"lineNumber":177,"author":{"gitId":"LAPTOP-RK1BUFU5\\Indirapratibha"},"content":"                        System.out.println(\"        [T][ ] \" + description);","lastModifiedDate":"2026-01-29T21:21:23","isFullCredit":false},{"lineNumber":178,"author":{"gitId":"LAPTOP-RK1BUFU5\\Indirapratibha"},"content":"                        System.out.println(\"    Now you have \" + taskCount + \" task(s) in the list.\");","lastModifiedDate":"2026-01-29T21:21:23","isFullCredit":false},{"lineNumber":179,"author":{"gitId":"LAPTOP-RK1BUFU5\\Indirapratibha"},"content":"                    }","lastModifiedDate":"2026-01-30T03:58:19","isFullCredit":false},{"lineNumber":180,"author":{"gitId":"LAPTOP-RK1BUFU5\\Indirapratibha"},"content":"                } else if (input.startsWith(\"deadline\")) { //Level-4: check if deadline task","lastModifiedDate":"2026-01-30T03:58:19","isFullCredit":false},{"lineNumber":181,"author":{"gitId":"LAPTOP-RK1BUFU5\\Indirapratibha"},"content":"                    //Level-5: error handling for deadline command","lastModifiedDate":"2026-01-30T03:58:19","isFullCredit":false},{"lineNumber":182,"author":{"gitId":"LAPTOP-RK1BUFU5\\Indirapratibha"},"content":"                    if (input.trim().equals(\"deadline\") || input.substring(8).trim().isEmpty()) {","lastModifiedDate":"2026-01-30T03:58:19","isFullCredit":false},{"lineNumber":183,"author":{"gitId":"LAPTOP-RK1BUFU5\\Indirapratibha"},"content":"                        //empty deadline description","lastModifiedDate":"2026-01-30T03:58:19","isFullCredit":false},{"lineNumber":184,"author":{"gitId":"LAPTOP-RK1BUFU5\\Indirapratibha"},"content":"                        System.out.println(\"    Wake up! When is the deadline??\");","lastModifiedDate":"2026-01-30T03:58:19","isFullCredit":false},{"lineNumber":185,"author":{"gitId":"LAPTOP-RK1BUFU5\\Indirapratibha"},"content":"                        System.out.println(\"    Try: deadline return book /by Sunday\");","lastModifiedDate":"2026-01-30T03:58:19","isFullCredit":false},{"lineNumber":186,"author":{"gitId":"LAPTOP-RK1BUFU5\\Indirapratibha"},"content":"                    } else {","lastModifiedDate":"2026-01-30T03:58:19","isFullCredit":false},{"lineNumber":187,"author":{"gitId":"LAPTOP-RK1BUFU5\\Indirapratibha"},"content":"                        String details \u003d input.substring(9); //everything after \"deadline\"","lastModifiedDate":"2026-01-29T21:21:23","isFullCredit":false},{"lineNumber":188,"author":{"gitId":"LAPTOP-RK1BUFU5\\Indirapratibha"},"content":"","lastModifiedDate":"2026-01-30T03:58:19","isFullCredit":false},{"lineNumber":189,"author":{"gitId":"LAPTOP-RK1BUFU5\\Indirapratibha"},"content":"                        //check if /by is present","lastModifiedDate":"2026-01-30T03:58:19","isFullCredit":false},{"lineNumber":190,"author":{"gitId":"LAPTOP-RK1BUFU5\\Indirapratibha"},"content":"                        if (!details.contains(\" /by \")) {","lastModifiedDate":"2026-01-30T03:58:19","isFullCredit":false},{"lineNumber":191,"author":{"gitId":"LAPTOP-RK1BUFU5\\Indirapratibha"},"content":"                            System.out.println(\"    Uhm, I need to know the deadline.\");","lastModifiedDate":"2026-01-30T03:58:19","isFullCredit":false},{"lineNumber":192,"author":{"gitId":"LAPTOP-RK1BUFU5\\Indirapratibha"},"content":"                            System.out.println(\"    Format: deadline \u003ctask\u003e /by \u003cdate\u003e\");","lastModifiedDate":"2026-01-30T03:58:19","isFullCredit":false},{"lineNumber":193,"author":{"gitId":"LAPTOP-RK1BUFU5\\Indirapratibha"},"content":"                        } else {","lastModifiedDate":"2026-01-30T03:58:19","isFullCredit":false},{"lineNumber":194,"author":{"gitId":"LAPTOP-RK1BUFU5\\Indirapratibha"},"content":"                            try {","lastModifiedDate":"2026-01-30T03:58:19","isFullCredit":false},{"lineNumber":195,"author":{"gitId":"LAPTOP-RK1BUFU5\\Indirapratibha"},"content":"                                //split the input by \"/by\" to separate description and deadline","lastModifiedDate":"2026-01-30T04:44:20","isFullCredit":false},{"lineNumber":196,"author":{"gitId":"LAPTOP-RK1BUFU5\\Indirapratibha"},"content":"                                String[] parts \u003d details.split(\" /by \"); //get the task","lastModifiedDate":"2026-01-29T21:21:23","isFullCredit":false},{"lineNumber":197,"author":{"gitId":"LAPTOP-RK1BUFU5\\Indirapratibha"},"content":"","lastModifiedDate":"2026-01-30T03:58:19","isFullCredit":false},{"lineNumber":198,"author":{"gitId":"LAPTOP-RK1BUFU5\\Indirapratibha"},"content":"                                if (parts[0].trim().isEmpty()) {","lastModifiedDate":"2026-01-30T03:58:19","isFullCredit":false},{"lineNumber":199,"author":{"gitId":"LAPTOP-RK1BUFU5\\Indirapratibha"},"content":"                                    //if the description field is empty","lastModifiedDate":"2026-01-30T03:58:19","isFullCredit":false},{"lineNumber":200,"author":{"gitId":"LAPTOP-RK1BUFU5\\Indirapratibha"},"content":"                                    System.out.println(\"    Excuse me? What task are you talking about?\");","lastModifiedDate":"2026-01-30T03:58:19","isFullCredit":false},{"lineNumber":201,"author":{"gitId":"LAPTOP-RK1BUFU5\\Indirapratibha"},"content":"                                } else if (parts.length \u003c 2 || parts[1].trim().isEmpty()) {","lastModifiedDate":"2026-01-30T03:58:19","isFullCredit":false},{"lineNumber":202,"author":{"gitId":"LAPTOP-RK1BUFU5\\Indirapratibha"},"content":"                                    //if the deadline field is empty","lastModifiedDate":"2026-01-30T03:58:19","isFullCredit":false},{"lineNumber":203,"author":{"gitId":"LAPTOP-RK1BUFU5\\Indirapratibha"},"content":"                                    System.out.println(\"    Excuse me? When is the deadline?\");","lastModifiedDate":"2026-01-30T03:58:19","isFullCredit":false},{"lineNumber":204,"author":{"gitId":"LAPTOP-RK1BUFU5\\Indirapratibha"},"content":"                                } else {","lastModifiedDate":"2026-01-30T03:58:19","isFullCredit":false},{"lineNumber":205,"author":{"gitId":"LAPTOP-RK1BUFU5\\Indirapratibha"},"content":"                                    String description \u003d parts[0]; //get task name","lastModifiedDate":"2026-01-29T21:21:23","isFullCredit":false},{"lineNumber":206,"author":{"gitId":"LAPTOP-RK1BUFU5\\Indirapratibha"},"content":"                                    String by \u003d parts[1]; //get deadline","lastModifiedDate":"2026-01-29T21:21:23","isFullCredit":false},{"lineNumber":207,"author":{"gitId":"LAPTOP-RK1BUFU5\\Indirapratibha"},"content":"                                    tasks[taskCount] \u003d description + \" (by: \" + by + \")\";","lastModifiedDate":"2026-01-29T21:21:23","isFullCredit":false},{"lineNumber":208,"author":{"gitId":"LAPTOP-RK1BUFU5\\Indirapratibha"},"content":"                                    taskTypes[taskCount] \u003d TaskType.DEADLINE; //A-Enums: Use enum","lastModifiedDate":"2026-01-30T04:44:20","isFullCredit":false},{"lineNumber":209,"author":{"gitId":"LAPTOP-RK1BUFU5\\Indirapratibha"},"content":"                                    isDone[taskCount] \u003d false;","lastModifiedDate":"2026-01-29T21:21:23","isFullCredit":false},{"lineNumber":210,"author":{"gitId":"LAPTOP-RK1BUFU5\\Indirapratibha"},"content":"                                    taskCount++;","lastModifiedDate":"2026-01-29T21:21:23","isFullCredit":false},{"lineNumber":211,"author":{"gitId":"LAPTOP-RK1BUFU5\\Indirapratibha"},"content":"                                    System.out.println(\"    Gotcha. I have now added this task:\");","lastModifiedDate":"2026-01-29T21:21:23","isFullCredit":false},{"lineNumber":212,"author":{"gitId":"LAPTOP-RK1BUFU5\\Indirapratibha"},"content":"                                    System.out.println(\"        [D][ ] \" + description + \" (by: \" + by + \")\");","lastModifiedDate":"2026-01-29T21:21:23","isFullCredit":false},{"lineNumber":213,"author":{"gitId":"LAPTOP-RK1BUFU5\\Indirapratibha"},"content":"                                    System.out.println(\"    Now you have \" + taskCount","lastModifiedDate":"2026-01-30T04:44:20","isFullCredit":false},{"lineNumber":214,"author":{"gitId":"LAPTOP-RK1BUFU5\\Indirapratibha"},"content":"                                            + \" task(s) in the list.\");","lastModifiedDate":"2026-01-30T04:44:20","isFullCredit":false},{"lineNumber":215,"author":{"gitId":"LAPTOP-RK1BUFU5\\Indirapratibha"},"content":"                                }","lastModifiedDate":"2026-01-30T03:58:19","isFullCredit":false},{"lineNumber":216,"author":{"gitId":"LAPTOP-RK1BUFU5\\Indirapratibha"},"content":"                            } catch (Exception e) {","lastModifiedDate":"2026-01-30T03:58:19","isFullCredit":false},{"lineNumber":217,"author":{"gitId":"LAPTOP-RK1BUFU5\\Indirapratibha"},"content":"                                System.out.println(\"    Wait...something went wrong with the deadline...\");","lastModifiedDate":"2026-01-30T03:58:19","isFullCredit":false},{"lineNumber":218,"author":{"gitId":"LAPTOP-RK1BUFU5\\Indirapratibha"},"content":"                                System.out.println(\"    Try: deadline return book /by Sunday\");","lastModifiedDate":"2026-01-30T03:58:19","isFullCredit":false},{"lineNumber":219,"author":{"gitId":"LAPTOP-RK1BUFU5\\Indirapratibha"},"content":"                            }","lastModifiedDate":"2026-01-30T03:58:19","isFullCredit":false},{"lineNumber":220,"author":{"gitId":"LAPTOP-RK1BUFU5\\Indirapratibha"},"content":"                        }","lastModifiedDate":"2026-01-30T03:58:19","isFullCredit":false},{"lineNumber":221,"author":{"gitId":"LAPTOP-RK1BUFU5\\Indirapratibha"},"content":"                    }","lastModifiedDate":"2026-01-30T03:58:19","isFullCredit":false},{"lineNumber":222,"author":{"gitId":"LAPTOP-RK1BUFU5\\Indirapratibha"},"content":"                } else if (input.startsWith(\"event\")) { //Level-4: check if event task","lastModifiedDate":"2026-01-30T03:58:19","isFullCredit":false},{"lineNumber":223,"author":{"gitId":"LAPTOP-RK1BUFU5\\Indirapratibha"},"content":"                    //Level-5: error handling for event command","lastModifiedDate":"2026-01-30T03:58:19","isFullCredit":false},{"lineNumber":224,"author":{"gitId":"LAPTOP-RK1BUFU5\\Indirapratibha"},"content":"                    if (input.trim().equals(\"event\") || input.substring(5).trim().isEmpty()) {","lastModifiedDate":"2026-01-30T03:58:19","isFullCredit":false},{"lineNumber":225,"author":{"gitId":"LAPTOP-RK1BUFU5\\Indirapratibha"},"content":"                        //empty event description","lastModifiedDate":"2026-01-30T03:58:19","isFullCredit":false},{"lineNumber":226,"author":{"gitId":"LAPTOP-RK1BUFU5\\Indirapratibha"},"content":"                        System.out.println(\"    Wake up! What is the event even?\");","lastModifiedDate":"2026-01-30T03:58:19","isFullCredit":false},{"lineNumber":227,"author":{"gitId":"LAPTOP-RK1BUFU5\\Indirapratibha"},"content":"                        System.out.println(\"    Try: event meeting /from Mon 2pm /to 4pm\");","lastModifiedDate":"2026-01-30T03:58:19","isFullCredit":false},{"lineNumber":228,"author":{"gitId":"LAPTOP-RK1BUFU5\\Indirapratibha"},"content":"                    } else {","lastModifiedDate":"2026-01-30T03:58:19","isFullCredit":false},{"lineNumber":229,"author":{"gitId":"LAPTOP-RK1BUFU5\\Indirapratibha"},"content":"                        String details \u003d input.substring(6); //everything after \"event\"","lastModifiedDate":"2026-01-29T21:21:23","isFullCredit":false},{"lineNumber":230,"author":{"gitId":"LAPTOP-RK1BUFU5\\Indirapratibha"},"content":"","lastModifiedDate":"2026-01-30T03:58:19","isFullCredit":false},{"lineNumber":231,"author":{"gitId":"LAPTOP-RK1BUFU5\\Indirapratibha"},"content":"                        //check if /from and /to are present","lastModifiedDate":"2026-01-30T03:58:19","isFullCredit":false},{"lineNumber":232,"author":{"gitId":"LAPTOP-RK1BUFU5\\Indirapratibha"},"content":"                        if (!details.contains(\" /from \")) {","lastModifiedDate":"2026-01-30T03:58:19","isFullCredit":false},{"lineNumber":233,"author":{"gitId":"LAPTOP-RK1BUFU5\\Indirapratibha"},"content":"                            System.out.println(\"    Excuse me? When does the event start?\");","lastModifiedDate":"2026-01-30T03:58:19","isFullCredit":false},{"lineNumber":234,"author":{"gitId":"LAPTOP-RK1BUFU5\\Indirapratibha"},"content":"                            System.out.println(\"    Format: event \u003ctask\u003e /from \u003cstart\u003e /to \u003cend\u003e\");","lastModifiedDate":"2026-01-30T03:58:19","isFullCredit":false},{"lineNumber":235,"author":{"gitId":"LAPTOP-RK1BUFU5\\Indirapratibha"},"content":"                        } else if (!details.contains(\" /to \")) {","lastModifiedDate":"2026-01-30T03:58:19","isFullCredit":false},{"lineNumber":236,"author":{"gitId":"LAPTOP-RK1BUFU5\\Indirapratibha"},"content":"                            System.out.println(\"    Excuse me? When does the event end?\");","lastModifiedDate":"2026-01-30T03:58:19","isFullCredit":false},{"lineNumber":237,"author":{"gitId":"LAPTOP-RK1BUFU5\\Indirapratibha"},"content":"                            System.out.println(\"    Format: event \u003ctask\u003e /from \u003cstart\u003e /to \u003cend\u003e\");","lastModifiedDate":"2026-01-30T03:58:19","isFullCredit":false},{"lineNumber":238,"author":{"gitId":"LAPTOP-RK1BUFU5\\Indirapratibha"},"content":"                        } else {","lastModifiedDate":"2026-01-30T03:58:19","isFullCredit":false},{"lineNumber":239,"author":{"gitId":"LAPTOP-RK1BUFU5\\Indirapratibha"},"content":"                            try {","lastModifiedDate":"2026-01-30T03:58:19","isFullCredit":false},{"lineNumber":240,"author":{"gitId":"LAPTOP-RK1BUFU5\\Indirapratibha"},"content":"                                //split input by \"/from\" and \"/to\" to extract start and end time","lastModifiedDate":"2026-01-29T21:21:23","isFullCredit":false},{"lineNumber":241,"author":{"gitId":"LAPTOP-RK1BUFU5\\Indirapratibha"},"content":"                                int fromIndex \u003d details.indexOf(\" /from \"); //get the from time","lastModifiedDate":"2026-01-29T21:21:23","isFullCredit":false},{"lineNumber":242,"author":{"gitId":"LAPTOP-RK1BUFU5\\Indirapratibha"},"content":"                                int toIndex \u003d details.indexOf(\" /to \"); //get the to time","lastModifiedDate":"2026-01-29T21:21:23","isFullCredit":false},{"lineNumber":243,"author":{"gitId":"LAPTOP-RK1BUFU5\\Indirapratibha"},"content":"","lastModifiedDate":"2026-01-29T21:21:23","isFullCredit":false},{"lineNumber":244,"author":{"gitId":"LAPTOP-RK1BUFU5\\Indirapratibha"},"content":"                                if (fromIndex \u003e\u003d toIndex) {","lastModifiedDate":"2026-01-30T03:58:19","isFullCredit":false},{"lineNumber":245,"author":{"gitId":"LAPTOP-RK1BUFU5\\Indirapratibha"},"content":"                                    System.out.println(\"    Uhm...the /to must come after /from!\");","lastModifiedDate":"2026-01-30T03:58:19","isFullCredit":false},{"lineNumber":246,"author":{"gitId":"LAPTOP-RK1BUFU5\\Indirapratibha"},"content":"                                } else {","lastModifiedDate":"2026-01-30T03:58:19","isFullCredit":false},{"lineNumber":247,"author":{"gitId":"LAPTOP-RK1BUFU5\\Indirapratibha"},"content":"                                    String description \u003d details.substring(0, fromIndex); //get task name","lastModifiedDate":"2026-01-29T21:21:23","isFullCredit":false},{"lineNumber":248,"author":{"gitId":"LAPTOP-RK1BUFU5\\Indirapratibha"},"content":"                                    String from \u003d details.substring(fromIndex + 7, toIndex); //get date","lastModifiedDate":"2026-01-30T04:44:20","isFullCredit":false},{"lineNumber":249,"author":{"gitId":"LAPTOP-RK1BUFU5\\Indirapratibha"},"content":"                                    String to \u003d details.substring(toIndex + 5); //get \u0027to\u0027 date","lastModifiedDate":"2026-01-29T21:21:23","isFullCredit":false},{"lineNumber":250,"author":{"gitId":"LAPTOP-RK1BUFU5\\Indirapratibha"},"content":"","lastModifiedDate":"2026-01-29T21:21:23","isFullCredit":false},{"lineNumber":251,"author":{"gitId":"LAPTOP-RK1BUFU5\\Indirapratibha"},"content":"                                    if (description.trim().isEmpty()) {","lastModifiedDate":"2026-01-30T03:58:19","isFullCredit":false},{"lineNumber":252,"author":{"gitId":"LAPTOP-RK1BUFU5\\Indirapratibha"},"content":"                                        System.out.println(\"    Wake up! What is the event even?\");","lastModifiedDate":"2026-01-30T03:58:19","isFullCredit":false},{"lineNumber":253,"author":{"gitId":"LAPTOP-RK1BUFU5\\Indirapratibha"},"content":"                                    } else if (from.trim().isEmpty()) {","lastModifiedDate":"2026-01-30T03:58:19","isFullCredit":false},{"lineNumber":254,"author":{"gitId":"LAPTOP-RK1BUFU5\\Indirapratibha"},"content":"                                        System.out.println(\"    Excuse me? When does the event start?\");","lastModifiedDate":"2026-01-30T03:58:19","isFullCredit":false},{"lineNumber":255,"author":{"gitId":"LAPTOP-RK1BUFU5\\Indirapratibha"},"content":"                                    } else if (to.trim().isEmpty()) {","lastModifiedDate":"2026-01-30T03:58:19","isFullCredit":false},{"lineNumber":256,"author":{"gitId":"LAPTOP-RK1BUFU5\\Indirapratibha"},"content":"                                        System.out.println(\"    Excuse me? When does the event end?\");","lastModifiedDate":"2026-01-30T03:58:19","isFullCredit":false},{"lineNumber":257,"author":{"gitId":"LAPTOP-RK1BUFU5\\Indirapratibha"},"content":"                                    } else {","lastModifiedDate":"2026-01-30T03:58:19","isFullCredit":false},{"lineNumber":258,"author":{"gitId":"LAPTOP-RK1BUFU5\\Indirapratibha"},"content":"                                        tasks[taskCount] \u003d description + \" (from: \" + from + \" to: \"","lastModifiedDate":"2026-01-30T04:44:20","isFullCredit":false},{"lineNumber":259,"author":{"gitId":"LAPTOP-RK1BUFU5\\Indirapratibha"},"content":"                                                + to + \")\";","lastModifiedDate":"2026-01-30T04:44:20","isFullCredit":false},{"lineNumber":260,"author":{"gitId":"LAPTOP-RK1BUFU5\\Indirapratibha"},"content":"                                        taskTypes[taskCount] \u003d TaskType.EVENT; //A-Enums: Use enum","lastModifiedDate":"2026-01-30T04:44:20","isFullCredit":false},{"lineNumber":261,"author":{"gitId":"LAPTOP-RK1BUFU5\\Indirapratibha"},"content":"                                        isDone[taskCount] \u003d false;","lastModifiedDate":"2026-01-29T21:21:23","isFullCredit":false},{"lineNumber":262,"author":{"gitId":"LAPTOP-RK1BUFU5\\Indirapratibha"},"content":"                                        taskCount++;","lastModifiedDate":"2026-01-29T21:21:23","isFullCredit":false},{"lineNumber":263,"author":{"gitId":"LAPTOP-RK1BUFU5\\Indirapratibha"},"content":"                                        System.out.println(\"    Gotcha. I have now added this task:\");","lastModifiedDate":"2026-01-29T21:21:23","isFullCredit":false},{"lineNumber":264,"author":{"gitId":"LAPTOP-RK1BUFU5\\Indirapratibha"},"content":"                                        System.out.println(\"    [E][ ] \" + description + \" (from: \"","lastModifiedDate":"2026-01-30T04:44:20","isFullCredit":false},{"lineNumber":265,"author":{"gitId":"LAPTOP-RK1BUFU5\\Indirapratibha"},"content":"                                                + from + \" to: \" + to + \")\");","lastModifiedDate":"2026-01-30T04:44:20","isFullCredit":false},{"lineNumber":266,"author":{"gitId":"LAPTOP-RK1BUFU5\\Indirapratibha"},"content":"                                        System.out.println(\"    Now you have \" + taskCount","lastModifiedDate":"2026-01-30T04:44:20","isFullCredit":false},{"lineNumber":267,"author":{"gitId":"LAPTOP-RK1BUFU5\\Indirapratibha"},"content":"                                                + \" task(s) in the list.\");","lastModifiedDate":"2026-01-30T04:44:20","isFullCredit":false},{"lineNumber":268,"author":{"gitId":"LAPTOP-RK1BUFU5\\Indirapratibha"},"content":"                                    }","lastModifiedDate":"2026-01-30T03:58:19","isFullCredit":false},{"lineNumber":269,"author":{"gitId":"LAPTOP-RK1BUFU5\\Indirapratibha"},"content":"                                }","lastModifiedDate":"2026-01-30T03:58:19","isFullCredit":false},{"lineNumber":270,"author":{"gitId":"LAPTOP-RK1BUFU5\\Indirapratibha"},"content":"                            } catch (Exception e) {","lastModifiedDate":"2026-01-30T03:58:19","isFullCredit":false},{"lineNumber":271,"author":{"gitId":"LAPTOP-RK1BUFU5\\Indirapratibha"},"content":"                                System.out.println(\"    Wait...something went wrong with the event...\");","lastModifiedDate":"2026-01-30T03:58:19","isFullCredit":false},{"lineNumber":272,"author":{"gitId":"LAPTOP-RK1BUFU5\\Indirapratibha"},"content":"                                System.out.println(\"    Try: event meeting /from Mon 2pm /to 4pm\");","lastModifiedDate":"2026-01-30T03:58:19","isFullCredit":false},{"lineNumber":273,"author":{"gitId":"LAPTOP-RK1BUFU5\\Indirapratibha"},"content":"                            }","lastModifiedDate":"2026-01-30T03:58:19","isFullCredit":false},{"lineNumber":274,"author":{"gitId":"LAPTOP-RK1BUFU5\\Indirapratibha"},"content":"                        }","lastModifiedDate":"2026-01-30T03:58:19","isFullCredit":false},{"lineNumber":275,"author":{"gitId":"LAPTOP-RK1BUFU5\\Indirapratibha"},"content":"                    }","lastModifiedDate":"2026-01-30T03:58:19","isFullCredit":false},{"lineNumber":276,"author":{"gitId":"LAPTOP-RK1BUFU5\\Indirapratibha"},"content":"                } else {","lastModifiedDate":"2026-01-28T22:09:40","isFullCredit":false},{"lineNumber":277,"author":{"gitId":"LAPTOP-RK1BUFU5\\Indirapratibha"},"content":"                    //Level-5: Unknown command error","lastModifiedDate":"2026-01-30T03:58:19","isFullCredit":false},{"lineNumber":278,"author":{"gitId":"LAPTOP-RK1BUFU5\\Indirapratibha"},"content":"                    System.out.println(\"    OOPS!!! I\u0027m sorry, but I don\u0027t know what that means :-(\");","lastModifiedDate":"2026-01-30T03:58:19","isFullCredit":false},{"lineNumber":279,"author":{"gitId":"LAPTOP-RK1BUFU5\\Indirapratibha"},"content":"                    System.out.println(\"    Try: todo, deadline, event, list, mark, unmark, or delete\");","lastModifiedDate":"2026-01-30T04:44:20","isFullCredit":false},{"lineNumber":280,"author":{"gitId":"LAPTOP-RK1BUFU5\\Indirapratibha"},"content":"                }","lastModifiedDate":"2026-01-28T22:09:40","isFullCredit":false},{"lineNumber":281,"author":{"gitId":"LAPTOP-RK1BUFU5\\Indirapratibha"},"content":"","lastModifiedDate":"2026-01-28T22:47:58","isFullCredit":false},{"lineNumber":282,"author":{"gitId":"LAPTOP-RK1BUFU5\\Indirapratibha"},"content":"                System.out.println(\"    ____________________________________________________________\");","lastModifiedDate":"2026-01-28T19:36:41","isFullCredit":false},{"lineNumber":283,"author":{"gitId":"LAPTOP-RK1BUFU5\\Indirapratibha"},"content":"            }","lastModifiedDate":"2026-01-28T19:36:41","isFullCredit":false},{"lineNumber":284,"author":{"gitId":"LAPTOP-RK1BUFU5\\Indirapratibha"},"content":"        }","lastModifiedDate":"2026-01-28T19:36:41","isFullCredit":false},{"lineNumber":285,"author":{"gitId":"LAPTOP-RK1BUFU5\\Indirapratibha"},"content":"","lastModifiedDate":"2026-01-28T19:36:41","isFullCredit":false},{"lineNumber":286,"author":{"gitId":"LAPTOP-RK1BUFU5\\Indirapratibha"},"content":"        //print goodbye message and exit (from Level-0)","lastModifiedDate":"2026-01-28T19:36:41","isFullCredit":false},{"lineNumber":287,"author":{"gitId":"LAPTOP-RK1BUFU5\\Indirapratibha"},"content":"        System.out.println(\"Bye. Try not to miss me too much ;)\");","lastModifiedDate":"2026-01-28T19:36:41","isFullCredit":false},{"lineNumber":288,"author":{"gitId":"LAPTOP-RK1BUFU5\\Indirapratibha"},"content":"        System.out.println(\"||~~~~~~~~~~~~~~~~~~~~~~~~~~~~~~~~~~~~~~~~~~~~~~~~~~~~~~~~~~~~~||\");","lastModifiedDate":"2026-01-28T22:09:40","isFullCredit":false},{"lineNumber":289,"author":{"gitId":"LAPTOP-RK1BUFU5\\Indirapratibha"},"content":"        System.out.println(\"||~~~~~~~~~~~~~~~~~~~~~~~~~~~~~~~~~~~~~~~~~~~~~~~~~~~~~~~~~~~~~||\");","lastModifiedDate":"2026-01-28T22:09:40","isFullCredit":false},{"lineNumber":290,"author":{"gitId":"LAPTOP-RK1BUFU5\\Indirapratibha"},"content":"","lastModifiedDate":"2026-01-28T19:36:41","isFullCredit":false},{"lineNumber":291,"author":{"gitId":"LAPTOP-RK1BUFU5\\Indirapratibha"},"content":"        scanner.close(); //always close the scanner","lastModifiedDate":"2026-01-28T19:36:41","isFullCredit":false},{"lineNumber":292,"author":{"gitId":"LAPTOP-RK1BUFU5\\Indirapratibha"},"content":"    }","lastModifiedDate":"2026-01-28T00:09:56","isFullCredit":false},{"lineNumber":293,"author":{"gitId":"LAPTOP-RK1BUFU5\\Indirapratibha"},"content":"}","lastModifiedDate":"2026-01-28T00:09:56","isFullCredit":false},{"lineNumber":294,"author":{"gitId":"LAPTOP-RK1BUFU5\\Indirapratibha"},"content":"","lastModifiedDate":"2026-01-28T00:09:56","isFullCredit":false},{"lineNumber":295,"author":{"gitId":"LAPTOP-RK1BUFU5\\Indirapratibha"},"content":"","lastModifiedDate":"2026-01-28T00:09:56","isFullCredit":false},{"lineNumber":296,"author":{"gitId":"LAPTOP-RK1BUFU5\\Indirapratibha"},"content":"","lastModifiedDate":"2026-01-30T04:44:20","isFullCredit":false},{"lineNumber":297,"author":{"gitId":"LAPTOP-RK1BUFU5\\Indirapratibha"},"content":"","lastModifiedDate":"2026-01-30T04:44:20","isFullCredit":false},{"lineNumber":298,"author":{"gitId":"LAPTOP-RK1BUFU5\\Indirapratibha"},"content":"","lastModifiedDate":"2026-01-30T04:44:20","isFullCredit":false},{"lineNumber":299,"author":{"gitId":"LAPTOP-RK1BUFU5\\Indirapratibha"},"content":"","lastModifiedDate":"2026-01-30T04:44:20","isFullCredit":false},{"lineNumber":300,"author":{"gitId":"LAPTOP-RK1BUFU5\\Indirapratibha"},"content":"","lastModifiedDate":"2026-01-30T04:44:20","isFullCredit":false},{"lineNumber":301,"author":{"gitId":"LAPTOP-RK1BUFU5\\Indirapratibha"},"content":"","lastModifiedDate":"2026-01-30T04:44:20","isFullCredit":false},{"lineNumber":302,"author":{"gitId":"LAPTOP-RK1BUFU5\\Indirapratibha"},"content":"","lastModifiedDate":"2026-01-30T04:44:20","isFullCredit":false},{"lineNumber":303,"author":{"gitId":"LAPTOP-RK1BUFU5\\Indirapratibha"},"content":"","lastModifiedDate":"2026-01-30T04:44:20","isFullCredit":false},{"lineNumber":304,"author":{"gitId":"LAPTOP-RK1BUFU5\\Indirapratibha"},"content":"","lastModifiedDate":"2026-01-30T04:44:20","isFullCredit":false},{"lineNumber":305,"author":{"gitId":"LAPTOP-RK1BUFU5\\Indirapratibha"},"content":"","lastModifiedDate":"2026-01-30T04:44:20","isFullCredit":false},{"lineNumber":306,"author":{"gitId":"LAPTOP-RK1BUFU5\\Indirapratibha"},"content":"","lastModifiedDate":"2026-01-30T04:44:20","isFullCredit":false},{"lineNumber":307,"author":{"gitId":"LAPTOP-RK1BUFU5\\Indirapratibha"},"content":"","lastModifiedDate":"2026-01-30T04:44:20","isFullCredit":false},{"lineNumber":308,"author":{"gitId":"LAPTOP-RK1BUFU5\\Indirapratibha"},"content":"","lastModifiedDate":"2026-01-30T04:44:20","isFullCredit":false},{"lineNumber":309,"author":{"gitId":"LAPTOP-RK1BUFU5\\Indirapratibha"},"content":"","lastModifiedDate":"2026-01-30T04:44:20","isFullCredit":false},{"lineNumber":310,"author":{"gitId":"LAPTOP-RK1BUFU5\\Indirapratibha"},"content":"","lastModifiedDate":"2026-01-30T04:44:20","isFullCredit":false},{"lineNumber":311,"author":{"gitId":"LAPTOP-RK1BUFU5\\Indirapratibha"},"content":"","lastModifiedDate":"2026-01-30T04:44:20","isFullCredit":false}],"authorContributionMap":{"LAPTOP-RK1BUFU5\\Indirapratibha":311}},{"path":"text-ui-test/input.txt","fileType":"txt","lines":[{"lineNumber":1,"author":{"gitId":"LAPTOP-RK1BUFU5\\Indirapratibha"},"content":"todo read book","lastModifiedDate":"2026-01-29T23:20:10","isFullCredit":false},{"lineNumber":2,"author":{"gitId":"LAPTOP-RK1BUFU5\\Indirapratibha"},"content":"todo return book","lastModifiedDate":"2026-01-30T04:24:32","isFullCredit":false},{"lineNumber":3,"author":{"gitId":"LAPTOP-RK1BUFU5\\Indirapratibha"},"content":"deadline homework /by Sunday","lastModifiedDate":"2026-01-30T04:24:32","isFullCredit":false},{"lineNumber":4,"author":{"gitId":"LAPTOP-RK1BUFU5\\Indirapratibha"},"content":"event meeting /from Mon 2pm /to 4pm","lastModifiedDate":"2026-01-30T04:04:27","isFullCredit":false},{"lineNumber":5,"author":{"gitId":"LAPTOP-RK1BUFU5\\Indirapratibha"},"content":"list","lastModifiedDate":"2026-01-29T23:20:10","isFullCredit":false},{"lineNumber":6,"author":{"gitId":"LAPTOP-RK1BUFU5\\Indirapratibha"},"content":"mark 1","lastModifiedDate":"2026-01-30T04:24:32","isFullCredit":false},{"lineNumber":7,"author":{"gitId":"LAPTOP-RK1BUFU5\\Indirapratibha"},"content":"delete 2","lastModifiedDate":"2026-01-30T04:24:32","isFullCredit":false},{"lineNumber":8,"author":{"gitId":"LAPTOP-RK1BUFU5\\Indirapratibha"},"content":"list","lastModifiedDate":"2026-01-30T04:24:32","isFullCredit":false},{"lineNumber":9,"author":{"gitId":"LAPTOP-RK1BUFU5\\Indirapratibha"},"content":"delete 10","lastModifiedDate":"2026-01-30T04:24:32","isFullCredit":false},{"lineNumber":10,"author":{"gitId":"LAPTOP-RK1BUFU5\\Indirapratibha"},"content":"delete","lastModifiedDate":"2026-01-30T04:24:32","isFullCredit":false},{"lineNumber":11,"author":{"gitId":"LAPTOP-RK1BUFU5\\Indirapratibha"},"content":"bye","lastModifiedDate":"2026-01-29T23:20:10","isFullCredit":false}],"authorContributionMap":{"LAPTOP-RK1BUFU5\\Indirapratibha":11}}]
