{"authorDailyContributionsMap":{"LAPTOP-RK1BUFU5\\Indirapratibha":[{"date":"2026-01-28T00:00:00","commitResults":[{"hash":"50d6a47415e65986f20202937f9c83308a7c7ec4","isMergeCommit":false,"messageTitle":"Renamed Duke.java to Vinux.java and implemented Level-0","messageBody":"","tags":["Level-0"],"fileTypesAndContributionMap":{"java":{"insertions":22,"deletions":10}}},{"hash":"ab2bcba240eb46072a544dcc23a8eb616e13273b","isMergeCommit":false,"messageTitle":"Level-1: improved Vinux to echo the user interface back to the user","messageBody":"","tags":["Level-1"],"fileTypesAndContributionMap":{"java":{"insertions":33,"deletions":2}}},{"hash":"169930238ac321fe1efb6d70a6532ea8cddcdf2b","isMergeCommit":false,"messageTitle":"Level-2: store text entered by user and return to them, using arrays","messageBody":"","tags":["Level-2"],"fileTypesAndContributionMap":{"java":{"insertions":32,"deletions":18}}},{"hash":"b6e543529a24073f42972a44f4b56d58467da5f5","isMergeCommit":false,"messageTitle":"Level-3: mark tasks as done and undone","messageBody":"","tags":["Level-3"],"fileTypesAndContributionMap":{"java":{"insertions":25,"deletions":2}}}]},{"date":"2026-01-29T00:00:00","commitResults":[{"hash":"ec2bf72b0caf4618181f221f8a25b223aa8fcb7d","isMergeCommit":false,"messageTitle":"Level-4: added the ability to distinguish between type of tasks","messageBody":"","tags":["Level-4"],"fileTypesAndContributionMap":{"java":{"insertions":51,"deletions":2}}},{"hash":"9d6e18f71ab2f2ca1825c4b11493927855563ec9","isMergeCommit":false,"messageTitle":"A-TextUiTesting: semi-automated the testing of Vinux","messageBody":"","tags":["A-TextUiTesting"],"fileTypesAndContributionMap":{"txt":{"insertions":10,"deletions":0},"java":{"insertions":2,"deletions":2}}}]},{"date":"2026-01-30T00:00:00","commitResults":[{"hash":"cead4ba117dc3c448bc04b28c4f7db32ebe776d0","isMergeCommit":false,"messageTitle":"Level-5: added error handling","messageBody":"","tags":["Level-5"],"fileTypesAndContributionMap":{"java":{"insertions":157,"deletions":67}}},{"hash":"a1cf3ef9fa5095154ec7f5dc5e1e2584c17607a4","isMergeCommit":false,"messageTitle":"Update text UI tests for error handling","messageBody":"","fileTypesAndContributionMap":{"txt":{"insertions":6,"deletions":6}}},{"hash":"770a52ac6c12aa2fa257e61dd475b78f54dc4796","isMergeCommit":false,"messageTitle":"Level-6: added delete feature","messageBody":"","tags":["Level-6"],"fileTypesAndContributionMap":{"java":{"insertions":40,"deletions":1}}},{"hash":"f3f54d3602681a46b6d02416374ded3bf6dba40b","isMergeCommit":false,"messageTitle":"Update text UI tests for delete feature","messageBody":"","fileTypesAndContributionMap":{"txt":{"insertions":7,"deletions":6}}},{"hash":"e0726063e7a18b02eee929410db70d649e0228f9","isMergeCommit":false,"messageTitle":"A-Enums: added enums to enhance the code structure and updated some naming conventions according to the coding standards","messageBody":"","tags":["A-Enums"],"fileTypesAndContributionMap":{"java":{"insertions":67,"deletions":24}}}]}]},"authorFileTypeContributionMap":{"LAPTOP-RK1BUFU5\\Indirapratibha":{"java":311,"md":0,"txt":11}},"authorContributionVariance":{"LAPTOP-RK1BUFU5\\Indirapratibha":5290.1284},"authorDisplayNameMap":{"LAPTOP-RK1BUFU5\\Indirapratibha":"LAPTOP-RK1BUFU5\\Indirapratibha"}}
